:020000040000FA
:06000000B4EF6BF01200EA
:020006001200E6
:0600080067EF4FF012004B
:02000E00FEFFF3
:0600180004EF50F012009D
:02001E000200DE
:10002000B1D7000060000000180000000E000000C2
:08003000FE02000002000000C6
:08003800D9CFE6FFE1CFD9FFAB
:10004000D950FD0FE96EFF0EDA20EA6EFF0ED88060
:10005000EE54030EED5403E2000E27D026D0FF0E1F
:10006000E76EFD0EDBCF20F0FE0EDBCF21F0E75078
:100070002016216A2050A96EFD0EDBCF20F0FE0E67
:10008000DBCF21F021C020F0216A030E2014AA6EDC
:10009000A69EA69CA680FB0EDBCFE9FFFC0EDBCF65
:1000A000EAFFA8CFEFFF010E00D0E552E7CFD9FF5E
:1000B0001200D9CFE6FFE1CFD9FF060EE126090EE7
:1000C000DE6EDD6A000EE66EE66AE66EE66A8BECD0
:1000D0004EF0E552E552E552E5520201010E666F1F
:1000E000986999699C699D69A26F666B020EDB6ACB
:1000F000030EDB6A040EDB6A050EDB6AD950020FC1
:10010000E96EDACFEAFFFF0EEE5CFF0EEE58050E49
:10011000EE58000EEE580BE2D950020FE96EDACF1E
:10012000EAFFEE2A000EEE22EE22EE22E7D7010EC3
:10013000E66EE66AE66EE66A8BEC4EF0E552E55254
:10014000E552E5520201010E666F9A6B9B6B9E6B46
:100150009F6B666B020EDB6A030EDB6A040EDB6AC2
:10016000050EDB6AD950020FE96EDACFEAFFFF0E07
:10017000EE5CFF0EEE58050EEE58000EEE580BE248
:10018000D950020FE96EDACFEAFFEE2A000EEE2216
:10019000EE22EE22E7D70201010E666FA26B666BBC
:1001A00099C220F0216A2050E66EDFCF22F0DF2ACC
:1001B000010EDBCF23F001E3DB2A22C0E6FF23C0E0
:1001C000E6FFE8DAE552E552E55202019851E66EA3
:1001D000DFCF20F0DF2A010EDBCF21F001E3DB2AA5
:1001E00020C0E6FF21C0E6FFD5DAE552E552E55230
:1001F0009BC220F0216A2050E66EDFCF22F0DF2A7A
:10020000010EDBCF23F001E3DB2A22C0E6FF23C08F
:10021000E6FFC0DAE552E552E55202019A51E66E78
:10022000DFCF20F0DF2A010EDBCF21F001E3DB2A54
:1002300020C0E6FF21C0E6FFADDAE552E552E55207
:100240009DC220F0216A2050E66EDFCF22F0DF2A27
:10025000010EDBCF23F001E3DB2A22C0E6FF23C03F
:10026000E6FF98DAE552E552E55202019C51E66E4E
:10027000DFCF20F0DF2A010EDBCF21F001E3DB2A04
:1002800020C0E6FF21C0E6FF85DAE552E552E552DF
:100290009FC220F0216A2050E66EDFCF22F0DF2AD5
:1002A000010EDBCF23F001E3DB2A22C0E6FF23C0EF
:1002B000E6FF70DAE552E552E55202019E51E66E24
:1002C000DECFE6FFDDCFE6FF65DAE552E552E55227
:1002D000060EE15C02E2E16AE552E16EE552E7CF2B
:1002E000D9FF1200D9CFE6FFE1CFD9FF040EE126F6
:1002F000010EDB6A020EDB6A030EDB6A080EF36E88
:10030000030EDBCFF4FFF350F45C17E2030EDBCFF8
:10031000E6FF010EDBCF20F0DB2A020EDBCF21F05F
:1003200001E3DB2A20C0E6FF21C0E6FF33DAE55215
:10033000E552E552030EDB2AE1D7080EF36E010EFB
:10034000F3CFDBFF020EDB6A060EDF6EDFCFE6FFC8
:10035000010EDBCFE6FF020EDBCFE6FF1BDAE55234
:10036000E552E552110EF36E010EF3CFDBFF020EE4
:10037000DB6ADF6ADFCFE6FF010EDBCFE6FF020EAE
:10038000DBCFE6FF07DAE552E552E5520201010E46
:10039000666F060E656F6B6B666B120EF36E010E69
:1003A000F3CFDBFF020EDB6AD950010FE96EDACF23
:1003B000EAFF150ED880EE54000EED5411E3010E45
:1003C000E66EDBCFE6FF020EDBCFE6FFE3D9E552B8
:1003D000E552E552010EDB2A020E01E3DB2AE4D7E7
:1003E000D4EC57F053EC59F0040EE15C02E2E16A00
:1003F000E552E16EE552E7CFD9FF1200D9CFE6FF13
:10040000E1CFD9FF060EE126010EDB6A020EDB6AA0
:10041000050EDB6A080EF36E050EDBCFF4FFF3501A
:10042000F45C1FE2D9CFE6FFDACFE6FF010EDBCFA7
:1004300020F0DB2A020EDBCF21F001E3DB2A20C013
:10044000E6FF21C0E6FFF8DDE552E552E552E55250
:10045000050EDB50DF5C02E045DF80D1050EDB2AB4
:10046000D9D7080EF36E010EF3CFDBFF020EDB6A65
:10047000D9CFE6FFDACFE6FF010EDBCFE6FF020EB3
:10048000DBCFE6FFD9DDE552E552E552E552020148
:10049000010E666FDFCF65F2666B120EF36E010E12
:1004A000F3CFDBFF020EDB6AD9CFE6FFDACFE6FF40
:1004B000010EDBCF20F0DB2A020EDBCF21F001E3BF
:1004C000DB2A20C0E6FF21C0E6FFB6DDE552E5529B
:1004D000E552E552DF50E8B09582E8A09592D9CF79
:1004E000E6FFDACFE6FF010EDBCF20F0DB2A020EBB
:1004F000DBCF21F001E3DB2A20C0E6FF21C0E6FFCD
:100500009BDDE552E552E552E552DF50E8B09584B7
:10051000E8A09594D9CFE6FFDACFE6FF010EDBCF56
:1005200020F0DB2A020EDBCF21F001E3DB2A20C022
:10053000E6FF21C0E6FF80DDE552E552E552E552D7
:10054000DF50E8B09586E8A09596D9CFE6FFDACFE0
:10055000E6FF010EDBCFE6FF020EDBCFE6FF6CDD30
:10056000E552E552E552E552DF50E8B09488E8A044
:100570009498090EF36E010EF3CFDBFF020EDB6AD7
:10058000D9CFE6FFDACFE6FF010EDBCF20F0DB2A82
:10059000020EDBCF21F001E3DB2A20C0E6FF21C001
:1005A000E6FF4ADDE552E552E552E552DF50020131
:1005B000986F996BD9CFE6FFDACFE6FF010EDBCF5C
:1005C00020F0DB2A020EDBCF21F001E3DB2A20C082
:1005D000E6FF21C0E6FF30DDE552E552E552E55287
:1005E00098C221F0206ADF5002012024986F000E8B
:1005F0002120996FD9CFE6FFDACFE6FF010EDBCFDE
:1006000020F0DB2A020EDBCF21F001E3DB2A20C041
:10061000E6FF21C0E6FF10DDE552E552E552E55266
:10062000DF5002019A6F9B6BD9CFE6FFDACFE6FF6E
:10063000010EDBCF20F0DB2A020EDBCF21F001E33D
:10064000DB2A20C0E6FF21C0E6FFF6DCE552E552DA
:10065000E552E5529AC221F0206ADF5002012024BF
:100660009A6F000E21209B6FD9CFE6FFDACFE6FF0D
:10067000010EDBCF20F0DB2A020EDBCF21F001E3FD
:10068000DB2A20C0E6FF21C0E6FFD6DCE552E552BA
:10069000E552E552DF5002019C6F9D6BD9CFE6FF1A
:1006A000DACFE6FF010EDBCF20F0DB2A020EDBCF34
:1006B00021F001E3DB2A20C0E6FF21C0E6FFBCDC1D
:1006C000E552E552E552E5529CC221F0206ADF5026
:1006D000020120249C6F000E21209D6FD9CFE6FFE0
:1006E000DACFE6FF010EDBCF20F0DB2A020EDBCFF4
:1006F00021F001E3DB2A20C0E6FF21C0E6FF9CDCFD
:10070000E552E552E552E552DF5002019E6F9F6BC4
:10071000D9CFE6FFDACFE6FF010EDBCFE6FF020E10
:10072000DBCFE6FF89DCE552E552E552E5529EC299
:1007300021F0206ADF50020120249E6F000E21204C
:100740009F6F98519A5DA36F99519B59A46F9C51CB
:100750009E5DA56F9D519F59A66FDDD9060EE15C88
:1007600002E2E16AE552E16EE552E7CFD9FF1200FD
:10077000A1A805D0A198A694010E03D002D0000E26
:1007800000D01200A6B203D0010E03D002D0000E9A
:1007900000D01200D9CFE6FFE1CFD9FFE652D95001
:1007A000FD0FE96EFF0EDA20EA6EFF0ED880EE54E0
:1007B000030EED5403E2000E4AD049D0E3DF0009F6
:1007C00001E1FCD7D9CFE6FFDACFE6FFFD0EDBCFA4
:1007D000E6FFFE0EDBCFE6FF2FDCE552E552E552E9
:1007E000E552FC0EDB50DF5C02E1010E30D0FF0E63
:1007F000E76EFD0EDBCF20F0FE0EDBCF21F0E750E1
:100800002016216A2050A96EFD0EDBCF20F0FE0ECF
:10081000DBCF21F021C020F0216A030E2014AA6E44
:10082000FC0EDB50A86EA69EA69CA684F29E550EDA
:10083000A76EAA0EA76EA6829BDFFF0801E1FCD778
:10084000A1DF000901E1FCD7F28E010E00D0E552D4
:10085000E552E7CFD9FF12005ED900D01200BF0EDB
:10086000206ED10E216E226A20C0E6FF21C0E6FF75
:1008700022C0E6FF080EE66E0C0EE66EEDEC69F0A7
:10088000236E050EE15E2350080EE66E0C0EE66E3A
:10089000E0EC47F0E552E552A70E206ED10E216E36
:1008A000226A20C0E6FF21C0E6FF22C0E6FF080E54
:1008B000E66E0C0EE66EEDEC69F0236E050EE15E61
:1008C0002350080EE66E0C0EE66EE0EC47F0E552A3
:1008D000E552990E206ED10E216E226A20C0E6FFED
:1008E00021C0E6FF22C0E6FF080EE66E0C0EE66EA3
:1008F000EDEC69F0236E050EE15E23500201065116
:10090000E66EE66A080EE66E0C0EE66E940E206E3B
:10091000D10E216E226A20C0E6FF21C0E6FF22C070
:10092000E6FF080EE66E0C0EE66EEDEC69F0236E47
:10093000090EE15E2350080EE66E0C0EE66EE0EC4A
:1009400047F0E552E552860E206ED10E216E226AE6
:1009500020C0E6FF21C0E6FF22C0E6FF080EE66EDB
:100960000C0EE66EEDEC69F0236E050EE15E235091
:1009700073DFE66EE66A080EE66E0C0EE66E7F0E1C
:10098000206ED10E216E226A20C0E6FF21C0E6FF54
:1009900022C0E6FF080EE66E0C0EE66EEDEC69F086
:1009A000236E090EE15E2350080EE66E0C0EE66E15
:1009B000E0EC47F0E552E552710E206ED10E216E4B
:1009C000226A20C0E6FF21C0E6FF22C0E6FF080E33
:1009D000E66E0C0EE66EEDEC69F0236E050EE15E40
:1009E000235002016B51E66EE66A080EE66E0C0EAD
:1009F000E66E940E206ED10E216E226A20C0E6FFB4
:100A000021C0E6FF22C0E6FF080EE66E0C0EE66E81
:100A1000EDEC69F0236E090EE15E2350080EE66EE0
:100A20000C0EE66EE0EC47F0E552E552630E206EE8
:100A3000D10E216E226A20C0E6FF21C0E6FF22C04F
:100A4000E6FF080EE66E0C0EE66EEDEC69F0236E26
:100A5000050EE15E2350060E0201655D1DE1A75102
:100A6000E66EE66A080EE66E0C0EE66E560E206E18
:100A7000D10E216E226A20C0E6FF21C0E6FF22C00F
:100A8000E6FF080EE66E0C0EE66EEDEC69F0236EE6
:100A9000090EE15E235019D0080EE66E0C0EE66ECC
:100AA000500E206ED10E216E226A20C0E6FF21C0BA
:100AB000E6FF22C0E6FF080EE66E0C0EE66EEDECD9
:100AC00069F0236E070EE15E2350080EE66E0C0EF1
:100AD000E66EE0EC47F0E552E5524F0E206ED10E87
:100AE000216E226A20C0E6FF21C0E6FF22C0E6FF99
:100AF000080EE66E0C0EE66EEDEC69F0236E050E48
:100B0000E15E2350080EE66E0C0EE66EE0EC47F058
:100B1000E552E5521200D9CFE6FFE1CFD9FF090E29
:100B2000E126110EF36E030EF3CFDBFF040EDB6A3A
:100B3000D950020FE66E000EDA20E66E030EDBCF10
:100B4000E6FF040EDBCFE6FF1CEC00F0E552E552B9
:100B5000E552E552020EDBCF6BF202016B5102E16E
:100B6000640E88D0160EF36E030EF3CFDBFF040E77
:100B7000DB6ADF6A02016B51DF5C3DE2010EDB6A7A
:100B80000F0EF36E010EDBCFF4FFF350F45C31E295
:100B9000D950020FE66E000EDA20E66E030EDBCFB0
:100BA00020F0DB2A040EDBCF21F001E3DB2A20C09A
:100BB000E6FF21C0E6FF1CEC00F0E552E552E552ED
:100BC000E552DF500F0DF3CF20F0F4CF21F0640E8B
:100BD0002026050E2122010EDB500F012024E96E94
:100BE000000E2120EA6E020EDBCFEFFF010EDB2AA2
:100BF000C7D7DF2ABFD7206A040E216E226A236A74
:100C0000030EDBCF24F0040EDBCF25F0266A276A23
:100C10002450205C066E25502158076E265022581D
:100C2000086E27502358096E640E0B6E0C6A0D6A0D
:100C30000E6A20EC6BF002C006F003C007F004C09F
:100C400008F005C009F0EA0E0B6E030E0C6E0D6A7B
:100C50000E6A10EC69F0050E06C0DBFF060E07C039
:100C6000DBFF070E08C0DBFF080E09C0DBFF050E27
:100C7000DB5000D0206E090EE15C02E2E16AE55231
:100C8000E16E2050E552E7CFD9FF1200D9CFE6FF41
:100C9000E1CFD9FF050EE126160EF36E020EF3CF5B
:100CA000DBFF030EDB6ADF6A02016B51DF5C4BE2A4
:100CB0000F0EE76E020EDBCF20F0030EDBCF21F02C
:100CC000E7502026000E2122205C040E215804E368
:100CD000110E726F000E4FD0010EDB6A0F0EF36E15
:100CE000010EDBCFF4FFF350F45C2BE2DF500F0D6D
:100CF000F3CF20F0F4CF21F0640E2026050E212240
:100D0000010EDB500F012024E96E000E2120EA6E57
:100D1000040EEFCFDBFFDBCFE6FF020EDBCF20F0D0
:100D2000DB2A030EDBCF21F001E3DB2A20C0E6FF44
:100D300021C0E6FF2FDDE552E552E552010EDB2A28
:100D4000CDD7DF2AB1D7110EF36E020EF3CFDBFF42
:100D5000030EDB6A040E6BC2DBFFDBCFE6FF020E85
:100D6000DBCFE6FF030EDBCFE6FF14DDE552E552F5
:100D7000E552010E00D0206E050EE15C02E2E16A50
:100D8000E552E16E2050E552E7CFD9FF1200D9CFEE
:100D9000E6FFE1CFD9FF300EF36EFE0EDBCFF4FF9E
:100DA000F350F45C07E3FE0EDB50390803E3010E59
:100DB00003D002D0000E00D0E552E7CFD9FF1200D9
:100DC000D9CFE6FFE1CFD9FF410EF36EFE0EDBCFA8
:100DD000F4FFF350F45C07E3FE0EDB50460803E338
:100DE000010E03D002D0000E00D0E552E7CFD9FFAC
:100DF0001200D9CFE6FFE1CFD9FFE652610EF36EC4
:100E0000FE0EDBCFF4FFF350F45C09E3FE0EDB5083
:100E10007A0805E3FE0EDB50E00FDF6E03D0FE0E16
:100E2000DB50DF6EDF5000D0E552E552E7CFD9FF4F
:100E30001200D9CFE6FFE1CFD9FF090EE126DE6A25
:100E4000DD6A020EDB6A030EDB6A0A0EF36E040E25
:100E5000F3CFDBFF050EDB6A060EDB6AFD0EDBCF90
:100E6000E9FFFE0EDBCFEAFFEF50300805E1FD0E93
:100E7000DB2AFE0E01E3DB2AFD0EDBCFE9FFFE0ECF
:100E8000DBCFEAFFEF5009E0FD0EDBCFE9FFFE0EFE
:100E9000DBCFEAFFEF5020080BE1050EDBCF20F09F
:100EA000060EDBCF21F020C0F3FF21C0F4FF0CD1F0
:100EB000FD0EDBCFE9FFFE0EDBCFEAFFEF50E66E63
:100EC00098DFE55258080AE1FD0EDB2AFE0E01E329
:100ED000DB2A100EF36E040EF3CFDBFFFD0EDBCF2B
:100EE000E9FFFE0EDBCFEAFFEF5001E1ADD0FD0ED2
:100EF000DBCFE9FFFE0EDBCFEAFFEF50200801E178
:100F0000A3D0FD0EDBCFE9FFFE0EDBCFEAFFEF50F3
:100F1000E66E3DDFE552000913E0FD0EDBCFE9FF91
:100F2000FE0EDBCFEAFFEF50D00FE66ED950070F71
:100F3000E96EDACFEAFFE552E750EE6EED6A48D08F
:100F4000FD0EDBCFE9FFFE0EDBCFEAFFEF50E66ED2
:100F500050DFE552E66E34DFE55200092AE0FD0E6F
:100F6000DBCFE9FFFE0EDBCFEAFFEF50E66E41DF9D
:100F7000E552BF0F0A0FE66ED950070FE96EDACFC0
:100F8000EAFFE552E750EE6EED6A070EDBCF20F088
:100F9000080EDBCF21F0D890215004E60A0E205C29
:100FA000000E215805E3100EF36E040EF3CFDBFFA5
:100FB0000FD0220E0201FC6FFD6B050EDBCF20F07F
:100FC000060EDBCF21F020C0F3FF21C0F4FF7CD060
:100FD000070EDBCF22F0080EDBCF23F0100E086ED9
:100FE000096ADECF0DF0DDCF0EF044EC69F006505B
:100FF0002224206E07502320216E20C0DEFF21C056
:10100000DDFF070EDBCF22F0080EDBCF23F00A0E48
:10101000086E096A020EDBCF0DF0030EDBCF0EF077
:1010200044EC69F006502224206E07502320216EE4
:10103000020E20C0DBFF030E21C0DBFFFD0EDB2A0A
:10104000FE0E01E3DB2A4AD7040EDB500A080DE14D
:10105000020EDBCF08F0030EDBCF09F0050E08C04F
:10106000DBFF060E09C0DBFF0AD0D9CFE9FFDACFDC
:10107000EAFF050EEECFDBFF060EEDCFDBFF050E20
:10108000DBCF20F0060EDBCF21F0000E205C000E3F
:1010900021580FE2220E0201FC6FFD6B050EDBCF23
:1010A00020F0060EDBCF21F020C0F3FF21C0F4FFBB
:1010B0000BD0050EDBCF20F0060EDBCF21F020C0D9
:1010C000F3FF21C0F4FF00D0090EE15C02E2E16A07
:1010D000E552E16EE552E7CFD9FF120002017251ED
:1010E000080A01E186D2100A01E16DD20D0A01E180
:1010F00054D2010A01E13BD2070A01E122D2010ADE
:1011000001E109D2030A01E1F0D1010A01E1D7D1DD
:101110001F0A01E1BED1010A01E1A5D1030A01E1E3
:101120008CD1010A01E173D1060A01E15AD1030A07
:1011300001E141D10E0A01E128D11C0A01E10FD1E0
:10114000010A01E1F6D0030A01E1DDD0120A01E152
:10115000C4D01C0A01E1ABD0010A01E192D0100A0F
:1011600001E179D0030A61E0010A49E0070A31E0B0
:10117000010A19E0030A01E052D2410E206ED10E9D
:10118000216E226A20C0E6FF21C0E6FF22C0E6FFF2
:10119000080EE66E0C0EE66EEDEC69F0236E050EA1
:1011A000E15E235054D2320E206ED10E216E226A9F
:1011B00020C0E6FF21C0E6FF22C0E6FF080EE66E73
:1011C0000C0EE66EEDEC69F0236E050EE15E235029
:1011D0003ED21F0E206ED10E216E226A20C0E6FF85
:1011E00021C0E6FF22C0E6FF080EE66E0C0EE66E9A
:1011F000EDEC69F0236E050EE15E235028D2140E4B
:10120000206ED10E216E226A20C0E6FF21C0E6FFCB
:1012100022C0E6FF080EE66E0C0EE66EEDEC69F0FD
:10122000236E050EE15E235012D2070E206ED10E02
:10123000216E226A20C0E6FF21C0E6FF22C0E6FF41
:10124000080EE66E0C0EE66EEDEC69F0236E050EF0
:10125000E15E2350FCD1F70E206ED00E216E226A83
:1012600020C0E6FF21C0E6FF22C0E6FF080EE66EC2
:101270000C0EE66EEDEC69F0236E050EE15E235078
:10128000E6D1E60E206ED00E216E226A20C0E6FF67
:1012900021C0E6FF22C0E6FF080EE66E0C0EE66EE9
:1012A000EDEC69F0236E050EE15E2350D0D1D60E31
:1012B000206ED00E216E226A20C0E6FF21C0E6FF1C
:1012C00022C0E6FF080EE66E0C0EE66EEDEC69F04D
:1012D000236E050EE15E2350BAD1C70E206ED00EEC
:1012E000216E226A20C0E6FF21C0E6FF22C0E6FF91
:1012F000080EE66E0C0EE66EEDEC69F0236E050E40
:10130000E15E2350A4D1B10E206ED00E216E226A70
:1013100020C0E6FF21C0E6FF22C0E6FF080EE66E11
:101320000C0EE66EEDEC69F0236E050EE15E2350C7
:101330008ED19D0E206ED00E216E226A20C0E6FF57
:1013400021C0E6FF22C0E6FF080EE66E0C0EE66E38
:10135000EDEC69F0236E050EE15E235078D1850E29
:10136000206ED00E216E226A20C0E6FF21C0E6FF6B
:1013700022C0E6FF080EE66E0C0EE66EEDEC69F09C
:10138000236E050EE15E235062D1720E206ED00EE8
:10139000216E226A20C0E6FF21C0E6FF22C0E6FFE0
:1013A000080EE66E0C0EE66EEDEC69F0236E050E8F
:1013B000E15E23504CD1630E206ED00E216E226A66
:1013C00020C0E6FF21C0E6FF22C0E6FF080EE66E61
:1013D0000C0EE66EEDEC69F0236E050EE15E235017
:1013E00036D1550E206ED00E216E226A20C0E6FF47
:1013F00021C0E6FF22C0E6FF080EE66E0C0EE66E88
:10140000EDEC69F0236E050EE15E235020D1450E10
:10141000206ED00E216E226A20C0E6FF21C0E6FFBA
:1014200022C0E6FF080EE66E0C0EE66EEDEC69F0EB
:10143000236E050EE15E23500AD1310E206ED00ED0
:10144000216E226A20C0E6FF21C0E6FF22C0E6FF2F
:10145000080EE66E0C0EE66EEDEC69F0236E050EDE
:10146000E15E2350F4D0200E206ED00E216E226A51
:1014700020C0E6FF21C0E6FF22C0E6FF080EE66EB0
:101480000C0EE66EEDEC69F0236E050EE15E235066
:10149000DED0110E206ED00E216E226A20C0E6FF33
:1014A00021C0E6FF22C0E6FF080EE66E0C0EE66ED7
:1014B000EDEC69F0236E050EE15E2350C8D0FE0E00
:1014C000206ECF0E216E226A20C0E6FF21C0E6FF0B
:1014D00022C0E6FF080EE66E0C0EE66EEDEC69F03B
:1014E000236E050EE15E2350B2D0E50E206ECF0EC6
:1014F000216E226A20C0E6FF21C0E6FF22C0E6FF7F
:10150000080EE66E0C0EE66EEDEC69F0236E050E2D
:10151000E15E23509CD0D70E206ECF0E216E226A42
:1015200020C0E6FF21C0E6FF22C0E6FF080EE66EFF
:101530000C0EE66EEDEC69F0236E050EE15E2350B5
:1015400086D0C30E206ECF0E216E226A20C0E6FF29
:1015500021C0E6FF22C0E6FF080EE66E0C0EE66E26
:10156000EDEC69F0236E050EE15E235070D0A80EFD
:10157000206ECF0E216E226A20C0E6FF21C0E6FF5A
:1015800022C0E6FF080EE66E0C0EE66EEDEC69F08A
:10159000236E050EE15E23505AD0900E206ECF0EC2
:1015A000216E226A20C0E6FF21C0E6FF22C0E6FFCE
:1015B000080EE66E0C0EE66EEDEC69F0236E050E7D
:1015C000E15E235044D07E0E206ECF0E216E226A43
:1015D00020C0E6FF21C0E6FF22C0E6FF080EE66E4F
:1015E0000C0EE66EEDEC69F0236E050EE15E235005
:1015F0002ED0700E206ECF0E216E226A20C0E6FF24
:1016000021C0E6FF22C0E6FF080EE66E0C0EE66E75
:10161000EDEC69F0236E050EE15E235018D0725197
:10162000E66EE66A5D0E206ECF0E216E226A20C045
:10163000E6FF21C0E6FF22C0E6FF080EE66E0C0EB4
:10164000E66EEDEC69F0236E070EE15E2350080EA6
:10165000E66E0C0EE66EE0EC47F0E552E5524F0EFA
:10166000206ED10E216E226A20C0E6FF21C0E6FF67
:1016700022C0E6FF080EE66E0C0EE66EEDEC69F099
:10168000236E050EE15E2350080EE66E0C0EE66E2C
:10169000E0EC47F0E552E5520201726B1200D9CF3F
:1016A000E6FFE1CFD9FF0C0EE126DF6A010EDB6A0F
:1016B000DF6ADF50206E216A20C0E6FF21C0E6FF0E
:1016C000FD0EDBCFE6FFFE0EDBCFE6FF8FEC69F011
:1016D000E552E552E552E7CF21F0E552E7CF20F0A1
:1016E000F3CF22F0F4CF23F021502318E8AE02D03C
:1016F000233404D02250205C2350215801E3B5D07C
:10170000DF50E76EFD0EDBCFE9FFFE0EDBCFEAFF19
:10171000E750E926000EEA22EF50200808E1F90E12
:10172000DBCFE9FFFA0EDBCFEAFFEF2A9CD0DF50D8
:10173000E76EFD0EDBCFE9FFFE0EDBCFEAFFE750E1
:10174000E926000EEA22EF50E66ED950020F206E15
:10175000DACF21F0010EDBCFF3FFDB2AF3500F01CC
:101760002024E96E000E2120EA6EE552E750EF6E6C
:10177000F90EDBCFE9FFFA0EDBCFEAFFEF2AFB0E13
:10178000DBCFE6FFFC0EDBCFE6FF8FEC69F0E55226
:10179000E552F3CF22F0F4CF23F022C0E6FF23C0BE
:1017A000E6FFFB0EDBCFE6FFFC0EDBCFE6FFD950FA
:1017B000020FE66E000EDA20E66E9DEC69F0246EF4
:1017C000060EE15E2450F3CF20F0F4CF21F020503C
:1017D000211002E1010E4ED0010EDB50206E216A75
:1017E00020C0E6FF21C0E6FFFB0EDBCFE6FFFC0ECC
:1017F000DBCFE6FF8FEC69F0E552E552E552E7CF2B
:1018000021F0E552E7CF20F0F3CF24F0F4CF25F01C
:10181000D890255004E6090E245C000E255819E2E4
:1018200020C0E6FF21C0E6FFFB0EDBCFE6FFFC0E8B
:10183000DBCFE6FF8FEC69F0E552E552E552E7CFEA
:1018400021F0E552E7CF20F0F3CF22F0F4CF23F0E0
:1018500003D0090E226E236A2250201802E1235081
:10186000211801E102D0DF2A24D70201010E726F94
:10187000000E00D0206E0C0EE15C02E2E16AE5523F
:10188000E16E2050E552E7CFD9FF1200D9CFE6FF35
:10189000E1CFD9FF050EE126DF6A010EDB6A020106
:1018A000FC6BFD6BDF50E76EFD0EDBCFE9FFFE0E3C
:1018B000DBCFEAFFE750E926000EEA22EF502008CE
:1018C0002FE1DF50206E216A20C0E6FF21C0E6FF35
:1018D000FD0EDBCFE6FFFE0EDBCFE6FF8FEC69F0FF
:1018E000E552E552E552E7CF21F0E552E7CF20F08F
:1018F000F3CF22F0F4CF23F021502318E8AE02D02A
:10190000233404D02250205C2350215809E2F90EE0
:10191000DBCFE9FFFA0EDBCFEAFFEF2ADF2AC2D7DF
:10192000DF50E76EFD0EDBCF20F0FE0EDBCF21F0A7
:10193000E7502026000E212220C0E6FF21C0E6FF4E
:1019400019EC07F0E552E552030EF3CFDBFF040E6E
:10195000F4CFDBFF0201220EFC1901E1FD5105E08D
:10196000160EFC1901E1FD5103E1020EDB6A05D000
:10197000010EF36E020EF3CFDBFFD950030FE96EB9
:10198000DACFEAFFFF0ED880EE54000EED540DE2E0
:10199000220EFC1901E1FD5102E0000E01D0010E02
:1019A0000201040E726F000E52D0020EDB044AE1F7
:1019B000DF50E76EFD0EDBCFE9FFFE0EDBCFEAFF67
:1019C000E750E926000EEA22EF5020082FE0DF5012
:1019D000206E216A20C0E6FF21C0E6FFFD0EDBCFAE
:1019E000E6FFFE0EDBCFE6FF8FEC69F0E552E55235
:1019F000E552E7CF21F0E552E7CF20F0F3CF22F018
:101A0000F4CF23F021502318E8AE02D0233404D0C1
:101A10002250205C2350215809E2F90EDBCFE9FF68
:101A2000FA0EDBCFEAFFEF2ADF2AC2D7FB0EDBCFAD
:101A3000E9FFFC0EDBCFEAFF030EDBCFEFFF010E69
:101A400006D005D00201020E726F000E00D0206E8B
:101A5000050EE15C02E2E16AE552E16E2050E552DA
:101A6000E7CFD9FF1200D9CFE6FFE1CFD9FF020EB1
:101A7000E126010EDB6ADF6A030EF36E010EDBCF97
:101A8000F4FFF350F45C01E3AFD0FB0EDBCFE9FFD2
:101A9000FC0EDBCFEAFFEF50E76EFD0EDBCFE9FF78
:101AA000FE0EDBCFEAFFE750E926000EEA22EF50F8
:101AB000200874E0010EDB5008E1DF5006E102016E
:101AC000120E726F000E92D068D0FB0EDBCFE9FFD2
:101AD000FC0EDBCFEAFFEF50206E216A20C0E6FF4C
:101AE00021C0E6FFFD0EDBCFE6FFFE0EDBCFE6FFFB
:101AF0008FEC69F0E552E552E552E7CF21F0E5526F
:101B0000E7CF20F0F3CF22F0F4CF23F022502018BB
:101B100002E12350211819E1010EDB50000810E208
:101B2000010EDB50E76EF90EDBCFE9FFFA0EDBCFDB
:101B3000EAFFE750E926000EEA22EF6A55D02DD0E1
:101B400002011B0E726F000E51D0FB0EDBCFE9FFBE
:101B5000FC0EDBCFEAFFEF50EF2AE76EFD0EDBCF86
:101B6000E9FFFE0EDBCFEAFFE750E926000EEA228E
:101B7000EF50E66E010EDBCFF3FFDB2AF350E76E8A
:101B8000F90EDBCFE9FFFA0EDBCFEAFFE750E926DB
:101B9000000EEA22E552E750EF6E1CD0010EDB503A
:101BA0000AE1010EDF6EFB0EDBCFE9FFFC0EDBCF9F
:101BB000EAFFEF2A0FD0010EDB50E76EF90EDBCF04
:101BC000E9FFFA0EDBCFEAFFE750E926000EEA2232
:101BD000EF6A0AD0010EDB50030805E10201130E83
:101BE000726F000E03D048D7010E00D0206E020E97
:101BF000E15C02E2E16AE552E16E2050E552E7CF96
:101C0000D9FF1200D9CFE6FFE1CFD9FF0E0EE126B2
:101C1000DF6A010EDB6AFB0EDBCFE6FFFC0EDBCFDB
:101C2000E6FFF6EC2AF0E552E552580E206ECF0E94
:101C3000216E226A20C0E6FF21C0E6FF22C0E6FF37
:101C4000D950020FE66E000EDA20E66EEDEC69F078
:101C5000236E050EE15E2350D9CFE6FFDACFE6FF13
:101C6000D950020FE66E000EDA20E66EDF50E76E06
:101C7000FD0EDBCF20F0FE0EDBCF21F0E75020265B
:101C8000000E212220C0E6FF21C0E6FF08DD226E03
:101C9000060EE15E2250000921E0020EE76EFB0E07
:101CA000DBCFE9FFFC0EDBCFEAFFE750E926000EB1
:101CB000EA22040EEF6E010EE76EFB0EDBCFE9FFAA
:101CC000FC0EDBCFEAFFE750E926000EEA2206C24F
:101CD000EFFF0201726B010E76EF29F0510E206EBC
:101CE000CF0E216E226A20C0E6FF21C0E6FF22C08F
:101CF000E6FFD950020FE66E000EDA20E66EEDEC3C
:101D000069F0236E050EE15E2350DF6AD9CFE6FF4E
:101D1000DACFE6FFD950020FE66E000EDA20E66E4B
:101D2000DF50E76EFD0EDBCF20F0FE0EDBCF21F0A3
:101D3000E7502026000E212220C0E6FF21C0E6FF4A
:101D4000AEDC226E060EE15E2250000921E0020E9A
:101D5000E76EFB0EDBCFE9FFFC0EDBCFEAFFE750BF
:101D6000E926000EEA22050EEF6E010EE76EFB0E6D
:101D7000DBCFE9FFFC0EDBCFEAFFE750E926000EE0
:101D8000EA2206C2EFFF0201726B010E76EF29F024
:101D90004D0E206ECF0E216E226A20C0E6FF21C0BC
:101DA000E6FF22C0E6FFD950020FE66E000EDA20F1
:101DB000E66EEDEC69F0236E050EE15E2350DF6AFE
:101DC000D9CFE6FFDACFE6FFD950020FE66E000E5C
:101DD000DA20E66EDF50E76EFD0EDBCF20F0FE0E60
:101DE000DBCF21F0E7502026000E212220C0E6FFA5
:101DF00021C0E6FF54DC226E060EE15E225000098F
:101E000041E0020EE76EFB0EDBCFE9FFFC0EDBCFFD
:101E1000EAFFE750E926000EEA22230EEF6ED9CF43
:101E2000E6FFDACFE6FF010EE76EFB0EDBCF20F018
:101E3000FC0EDBCF21F0E7502026000E212220C02F
:101E4000E6FF21C0E6FFDF50E76EFD0EDBCF22F09C
:101E5000FE0EDBCF23F0E7502226000E232222C005
:101E6000E6FF23C0E6FF12DD246E060EE15E24507D
:101E7000000903E1000E76EF29F00201726B010EFA
:101E800076EF29F0470E206ECF0E216E226A20C019
:101E9000E6FF21C0E6FF22C0E6FFD950020FE66E42
:101EA000000EDA20E66EEDEC69F0236E050EE15EC1
:101EB0002350DF6AD9CFE6FFDACFE6FFD950020F11
:101EC000E66E000EDA20E66EDF50E76EFD0EDBCF29
:101ED00020F0FE0EDBCF21F0E7502026000E21225D
:101EE00020C0E6FF21C0E6FF4FEC0BF0226E060E8D
:101EF000E15E2250000941E0020EE76EFB0EDBCFEF
:101F0000E9FFFC0EDBCFEAFFE750E926000EEA22EC
:101F10002D0EEF6ED9CFE6FFDACFE6FF010EE76EAA
:101F2000FB0EDBCF20F0FC0EDBCF21F0E7502026AC
:101F3000000E212220C0E6FF21C0E6FFDF50E76E41
:101F4000FD0EDBCF22F0FE0EDBCF23F0E750222682
:101F5000000E232222C0E6FF23C0E6FF97DC246E9A
:101F6000060EE15E2450000903E1000E76EF29F031
:101F70000201726B010E76EF29F0410E206ECF0E3A
:101F8000216E226A20C0E6FF21C0E6FF22C0E6FFE4
:101F9000D950020FE66E000EDA20E66EEDEC69F025
:101FA000236E050EE15E2350DF6AD9CFE6FFDACF5C
:101FB000E6FFD950020FE66E000EDA20E66EDF5023
:101FC000E76EFD0EDBCF20F0FE0EDBCF21F0E750F9
:101FD0002026000E212220C0E6FF21C0E6FF4FECA4
:101FE0000BF0226E060EE15E2250000941E0020E67
:101FF000E76EFB0EDBCFE9FFFC0EDBCFEAFFE7501D
:10200000E926000EEA22240EEF6ED9CFE6FFDACFE2
:10201000E6FF010EE76EFB0EDBCF20F0FC0EDBCF00
:1020200021F0E7502026000E212220C0E6FF21C02B
:10203000E6FFDF50E76EFD0EDBCF22F0FE0EDBCFBA
:1020400023F0E7502226000E232222C0E6FF23C001
:10205000E6FF1CDC246E060EE15E2450000903E15D
:10206000000E76EF29F00201726B010E76EF29F077
:10207000DF6A3C0E206ECF0E216E226A20C0E6FF82
:1020800021C0E6FF22C0E6FFD950020FE66E000E27
:10209000DA20E66EEDEC69F0236E050EE15E23506A
:1020A000D9CFE6FFDACFE6FFD950020FE66E000E79
:1020B000DA20E66EDF50E76EFD0EDBCF20F0FE0E7D
:1020C000DBCF21F0E7502026000E212220C0E6FFC2
:1020D00021C0E6FF4FEC0BF0226E060EE15E2250AF
:1020E000000902E14EEF1FF0FB0EDBCFE9FFFC0E13
:1020F000DBCFEAFF010EEF6ED9CFE6FFDACFE6FFC6
:10210000E76EFB0EDBCF20F0FC0EDBCF21F0E750BB
:102110002026000E212220C0E6FF21C0E6FFDF506E
:10212000E76EFD0EDBCF22F0FE0EDBCF23F0E75093
:102130002226000E232222C0E6FF23C0E6FF46EC43
:102140000CF0246E060EE15E2450000903E1000E3F
:1021500076EF29F0010EDFCFDBFF380E206ECF0EB9
:10216000216E226A20C0E6FF21C0E6FF22C0E6FF02
:10217000D950020FE66E000EDA20E66EEDEC69F043
:10218000236E050EE15E2350D9CFE6FFDACFE6FFDE
:10219000D950020FE66E000EDA20E66EDF50E76ED1
:1021A000FD0EDBCF20F0FE0EDBCF21F0E750202626
:1021B000000E212220C0E6FF21C0E6FF4FEC0BF00D
:1021C000226E060EE15E2250000921E0230EE76E2A
:1021D000FB0EDBCFE9FFFC0EDBCFEAFFE750E92681
:1021E000000EEA22010EEF6E240EE76EFB0EDBCF2F
:1021F000E9FFFC0EDBCFEAFFE750E926000EEA22FA
:10220000030EEF6E0201726B010E76EF29F0340EB1
:10221000206ECF0E216E226A20C0E6FF21C0E6FFAD
:1022200022C0E6FFD950020FE66E000EDA20E66EFD
:10223000EDEC69F0236E050EE15E2350010EDB50DC
:10224000DF6ED9CFE6FFDACFE6FFD950020FE66E98
:10225000000EDA20E66EDF50E76EFD0EDBCF20F0D9
:10226000FE0EDBCF21F0E7502026000E212220C0F9
:10227000E6FF21C0E6FF4FEC0BF0226E060EE15E9A
:102280002250000921E0230EE76EFB0EDBCFE9FFB1
:10229000FC0EDBCFEAFFE750E926000EEA22010E32
:1022A000EF6E240EE76EFB0EDBCFE9FFFC0EDBCFFB
:1022B000EAFFE750E926000EEA22060EEF6E020161
:1022C000726B010E76EF29F02F0E206ECF0E216E6D
:1022D000226A20C0E6FF21C0E6FF22C0E6FFD950F7
:1022E000020FE66E000EDA20E66EEDEC69F0236E6A
:1022F000050EE15E2350010EDB50DF6ED9CFE6FF05
:10230000DACFE6FFD950020FE66E000EDA20E66E55
:10231000DF50E76EFD0EDBCF20F0FE0EDBCF21F0AD
:10232000E7502026000E212220C0E6FF21C0E6FF54
:102330004FEC0BF0226E060EE15E2250000901E127
:10234000E0D0250EE76EFB0EDBCFE9FFFC0EDBCF06
:10235000EAFFE750E926000EEA22010EEF6ED9CF20
:10236000E6FFDACFE6FF260EE76EFB0EDBCF20F0AE
:10237000FC0EDBCF21F0E7502026000E212220C0EA
:10238000E6FF21C0E6FFDF50E76EFD0EDBCF22F057
:10239000FE0EDBCF23F0E7502226000E232222C0C0
:1023A000E6FF23C0E6FF46EC0CF0246E060EE15E6D
:1023B0002450000903E1000E76EF29F0010EDFCF73
:1023C000DBFF2C0E206ECF0E216E226A20C0E6FFAE
:1023D00021C0E6FF22C0E6FFD950020FE66E000ED4
:1023E000DA20E66EEDEC69F0236E050EE15E235017
:1023F000D9CFE6FFDACFE6FFD950020FE66E000E26
:10240000DA20E66EDF50E76EFD0EDBCF20F0FE0E29
:10241000DBCF21F0E7502026000E212220C0E6FF6E
:1024200021C0E6FF4FEC0BF0226E060EE15E22505B
:10243000000914E0270EE76EFB0EDBCFE9FFFC0E70
:10244000DBCFEAFFE750E926000EEA220B0EEF6E23
:102450000201726B010E76EF29F053D0010EDB50B2
:10246000DF6E280E206ECF0E216E226A20C0E6FF9E
:1024700021C0E6FF22C0E6FFD950020FE66E000E33
:10248000DA20E66EEDEC69F0236E050EE15E235076
:10249000D9CFE6FFDACFE6FFD950020FE66E000E85
:1024A000DA20E66EDF50E76EFD0EDBCF20F0FE0E89
:1024B000DBCF21F0E7502026000E212220C0E6FFCE
:1024C00021C0E6FF4FEC0BF0226E060EE15E2250BB
:1024D000000914E0270EE76EFB0EDBCFE9FFFC0ED0
:1024E000DBCFEAFFE750E926000EEA220E0EEF6E80
:1024F0000201726B010E76EF29F003D0000E76EF29
:1025000029F0010EDB50DF6E240E206ECF0E216EFF
:10251000226A20C0E6FF21C0E6FF22C0E6FFD950B4
:10252000020FE66E000EDA20E66EEDEC69F0236E27
:10253000050EE15E2350D9CFE6FFDACFE6FFD95092
:10254000020FE66E000EDA20E66EDF50E76EFD0E3B
:10255000DBCF20F0FE0EDBCF21F0E7502026000E6F
:10256000212220C0E6FF21C0E6FF4FEC0BF0226ED7
:10257000060EE15E2250000902E1D0EF1EF02B0EA4
:10258000E76EFB0EDBCFE9FFFC0EDBCFEAFFE75087
:10259000E926000EEA22010EEF6E520EE76EFB0EE8
:1025A000DBCF20F0FC0EDBCF21F0E7502026000E21
:1025B000212220C0E6FF21C0E6FFD9CFE6FFDACF17
:1025C000E6FFFD0EDBCFE6FFFE0EDBCFE6FF33ECD2
:1025D0000DF0226E060EE15E2250000903E1000EAE
:1025E00076EF29F0010EDFCFDBFF1E0E206ECF0E3F
:1025F000216E226A20C0E6FF21C0E6FF22C0E6FF6E
:10260000D950020FE66E000EDA20E66EEDEC69F0AE
:10261000236E050EE15E2350D9CFE6FFDACFE6FF49
:10262000D950020FE66E000EDA20E66EDF50E76E3C
:10263000FD0EDBCF20F0FE0EDBCF21F0E750202691
:10264000000E212220C0E6FF21C0E6FF4FEC0BF078
:10265000226E060EE15E225000090FE0510EE76E79
:10266000FB0EDBCFE9FFFC0EDBCFEAFFE750E926EC
:10267000000EEA22280EEF6E51D0010EDB50DF6E05
:10268000170E206ECF0E216E226A20C0E6FF21C0F9
:10269000E6FF22C0E6FFD950020FE66E000EDA20F8
:1026A000E66EEDEC69F0236E050EE15E2350D9CFA6
:1026B000E6FFDACFE6FFD950020FE66E000EDA2011
:1026C000E66EDF50E76EFD0EDBCF20F0FE0EDBCFB7
:1026D00021F0E7502026000E212220C0E6FF21C075
:1026E000E6FF4FEC0BF0226E060EE15E2250000971
:1026F0000FE0510EE76EFB0EDBCFE9FFFC0EDBCFE8
:10270000EAFFE750E926000EEA22290EEF6E06D016
:102710000201010E726F000E76EF29F0500EE76E87
:10272000FB0EDBCFE9FFFC0EDBCFEAFFE750E9262B
:10273000000EEA22280EEF6E110E206ECF0E216ED3
:10274000226A20C0E6FF21C0E6FF22C0E6FFD95082
:10275000020FE66E000EDA20E66EEDEC69F0236EF5
:10276000050EE15E2350D9CFE6FFDACFE6FFD95060
:10277000020FE66E000EDA20E66EDF50E76EFD0E09
:10278000DBCF20F0FE0EDBCF21F0E7502026000E3D
:10279000212220C0E6FF21C0E6FF4FEC0BF0226EA5
:1027A000060EE15E2250000902E1CDEF1EF0D9CF06
:1027B000E6FFDACFE6FFD9500C0FE66E000EDA2006
:1027C000E66EDF50E76EFD0EDBCF20F0FE0EDBCFB6
:1027D00021F0E7502026000E212220C0E6FF21C074
:1027E000E6FF46EC0CF0226E060EE15E2250000978
:1027F00003E1000E76EF29F0010EDFCFDBFF2F0E95
:10280000206ECF0E216E226A20C0E6FF21C0E6FFB7
:1028100022C0E6FFD950020FE66E000EDA20E66E07
:10282000EDEC69F0236E050EE15E2350D9CFE6FF93
:10283000DACFE6FFD950020FE66E000EDA20E66E20
:10284000DF50E76EFD0EDBCF20F0FE0EDBCF21F078
:10285000E7502026000E212220C0E6FF21C0E6FF1F
:102860004FEC0BF0226E060EE15E2250000901E1F2
:102870007CD02C0EE76EFB0EDBCFE9FFFC0EDBCF2E
:10288000EAFFE750E926000EEA22010EEF6E2D0E58
:10289000E76EFB0EDBCFE9FFFC0EDBCFEAFFE75074
:1028A000E926000EEA220C0EDBCFEFFFD9CFE6FFC0
:1028B000DACFE6FF2E0EE76EFB0EDBCF20F0FC0E2C
:1028C000DBCF21F0E7502026000E212220C0E6FFBA
:1028D00021C0E6FFDF50E76EFD0EDBCF22F0FE0EDB
:1028E000DBCF23F0E7502226000E232222C0E6FF92
:1028F00023C0E6FF46EC0CF0246E060EE15E245089
:10290000000903E1000E76EF29F0D9CFE6FFDACF18
:10291000E6FF2F0EE76EFB0EDBCF20F0FC0EDBCFC9
:1029200021F0E7502026000E212220C0E6FF21C022
:10293000E6FFDF50E76EFD0EDBCF22F0FE0EDBCFB1
:1029400023F0E7502226000E232222C0E6FF23C0F8
:10295000E6FF46EC0CF0246E060EE15E2450000902
:1029600003E1000E76EF29F0EBD1010EDB50DF6EB4
:102970000B0E206ECF0E216E226A20C0E6FF21C012
:10298000E6FF22C0E6FFD950020FE66E000EDA2005
:10299000E66EEDEC69F0236E050EE15E2350D9CFB3
:1029A000E6FFDACFE6FFD950020FE66E000EDA201E
:1029B000E66EDF50E76EFD0EDBCF20F0FE0EDBCFC4
:1029C00021F0E7502026000E212220C0E6FF21C082
:1029D000E6FF4FEC0BF0226E060EE15E225000097E
:1029E0004DE0300EE76EFB0EDBCFE9FFFC0EDBCFD8
:1029F000EAFFE750E926000EEA22010EEF6E310EE3
:102A0000E76EFB0EDBCFE9FFFC0EDBCFEAFFE75002
:102A1000E926000EEA220C0EDBCFEFFFD9CFE6FF4E
:102A2000DACFE6FF320EE76EFB0EDBCF20F0FC0EB6
:102A3000DBCF21F0E7502026000E212220C0E6FF48
:102A400021C0E6FFDF50E76EFD0EDBCF22F0FE0E69
:102A5000DBCF23F0E7502226000E232222C0E6FF20
:102A600023C0E6FF46EC0CF0246E060EE15E245017
:102A7000000903E1000E76EF29F062D1010EDB5070
:102A8000DF6E050E206ECF0E216E226A20C0E6FF9B
:102A900021C0E6FF22C0E6FFD950020FE66E000E0D
:102AA000DA20E66EEDEC69F0236E050EE15E235050
:102AB000D9CFE6FFDACFE6FFD950020FE66E000E5F
:102AC000DA20E66EDF50E76EFD0EDBCF20F0FE0E63
:102AD000DBCF21F0E7502026000E212220C0E6FFA8
:102AE00021C0E6FF4FEC0BF0226E060EE15E225095
:102AF000000901E122D1330EE76EFB0EDBCFE9FFC7
:102B0000FC0EDBCFEAFFE750E926000EEA22010EB9
:102B1000EF6E340EE76EFB0EDBCFE9FFFC0EDBCF72
:102B2000EAFFE750E926000EEA220C0EDBCFEFFFAA
:102B3000D9CFE6FFDACFE6FF350EE76EFB0EDBCF2F
:102B400020F0FC0EDBCF21F0E7502026000E2122E2
:102B500020C0E6FF21C0E6FFDF50E76EFD0EDBCFB1
:102B600022F0FE0EDBCF23F0E7502226000E2322B8
:102B700022C0E6FF23C0E6FF46EC0CF0246E060EF2
:102B8000E15E2450000903E1000E76EF29F0010E0A
:102B9000206ECF0E216E226A20C0E6FF21C0E6FF24
:102BA00022C0E6FFD950020FE66E000EDA20E66E74
:102BB000EDEC69F0236E050EE15E2350D9CFE6FF00
:102BC000DACFE6FFD950020FE66E000EDA20E66E8D
:102BD000DF50E76EFD0EDBCF20F0FE0EDBCF21F0E5
:102BE000E7502026000E212220C0E6FF21C0E6FF8C
:102BF0004FEC0BF0226E060EE15E2250000903E15D
:102C0000000E76EF29F0010EDFCFDBFFF90E206E0C
:102C1000CE0E216E226A20C0E6FF21C0E6FF22C050
:102C2000E6FFD950020FE66E000EDA20E66EEDECFC
:102C300069F0236E050EE15E2350D9CFE6FFDACFAF
:102C4000E6FFD950020FE66E000EDA20E66EDF5086
:102C5000E76EFD0EDBCF20F0FE0EDBCF21F0E7505C
:102C60002026000E212220C0E6FF21C0E6FF4FEC07
:102C70000BF0226E060EE15E225000090FE0360EC8
:102C8000E76EFB0EDBCFE9FFFC0EDBCFEAFFE75080
:102C9000E926000EEA220F0EEF6E4ED0010EDB5039
:102CA000DF6EF00E206ECE0E216E226A20C0E6FF8F
:102CB00021C0E6FF22C0E6FFD950020FE66E000EEB
:102CC000DA20E66EEDEC69F0236E050EE15E23502E
:102CD000D9CFE6FFDACFE6FFD950020FE66E000E3D
:102CE000DA20E66EDF50E76EFD0EDBCF20F0FE0E41
:102CF000DBCF21F0E7502026000E212220C0E6FF86
:102D000021C0E6FF4FEC0BF0226E060EE15E225072
:102D100000090FE0360EE76EFB0EDBCFE9FFFC0E7D
:102D2000DBCFEAFFE750E926000EEA22100EEF6E35
:102D300003D0000E76EF29F003D0000E76EF29F0D5
:102D4000EC0E206ECE0E216E226A20C0E6FF21C05E
:102D5000E6FF22C0E6FFD950020FE66E000EDA2031
:102D6000E66EEDEC69F0236E050EE15E2350D9CFDF
:102D7000E6FFDACFE6FFD950020FE66E000EDA204A
:102D8000E66EDF50E76EFD0EDBCF20F0FE0EDBCFF0
:102D900021F0E7502026000E212220C0E6FF21C0AE
:102DA000E6FF4FEC0BF0226E060EE15E22500009AA
:102DB00003E1000E76EF29F0010EDFCFDBFF2F0ECF
:102DC000206ECF0E216E226A20C0E6FF21C0E6FFF2
:102DD00022C0E6FFD950020FE66E000EDA20E66E42
:102DE000EDEC69F0236E050EE15E2350D9CFE6FFCE
:102DF000DACFE6FFD950020FE66E000EDA20E66E5B
:102E0000DF50E76EFD0EDBCF20F0FE0EDBCF21F0B2
:102E1000E7502026000E212220C0E6FF21C0E6FF59
:102E20004FEC0BF0226E060EE15E2250000971E0BD
:102E3000370EE76EFB0EDBCFE9FFFC0EDBCFEAFFC0
:102E4000E750E926000EEA22010EEF6ED9CFE6FF29
:102E5000DACFE6FF380EE76EFB0EDBCF20F0FC0E7C
:102E6000DBCF21F0E7502026000E212220C0E6FF14
:102E700021C0E6FFDF50E76EFD0EDBCF22F0FE0E35
:102E8000DBCF23F0E7502226000E232222C0E6FFEC
:102E900023C0E6FF46EC0CF0246E060EE15E2450E3
:102EA000000903E1000E76EF29F0D9CFE6FFDACF73
:102EB000E6FF390EE76EFB0EDBCF20F0FC0EDBCF1A
:102EC00021F0E7502026000E212220C0E6FF21C07D
:102ED000E6FFDF50E76EFD0EDBCF22F0FE0EDBCF0C
:102EE00023F0E7502226000E232222C0E6FF23C053
:102EF000E6FF46EC0CF0246E060EE15E245000095D
:102F000003E1000E76EF29F00201726B010E76EFFD
:102F100029F0010EDB50DF6E0B0E206ECF0E216EFE
:102F2000226A20C0E6FF21C0E6FF22C0E6FFD9509A
:102F3000020FE66E000EDA20E66EEDEC69F0236E0D
:102F4000050EE15E2350D9CFE6FFDACFE6FFD95078
:102F5000020FE66E000EDA20E66EDF50E76EFD0E21
:102F6000DBCF20F0FE0EDBCF21F0E7502026000E55
:102F7000212220C0E6FF21C0E6FF4FEC0BF0226EBD
:102F8000060EE15E2250000971E03A0EE76EFB0E7C
:102F9000DBCFE9FFFC0EDBCFEAFFE750E926000EAE
:102FA000EA22010EEF6ED9CFE6FFDACFE6FF3B0E45
:102FB000E76EFB0EDBCF20F0FC0EDBCF21F0E750FD
:102FC0002026000E212220C0E6FF21C0E6FFDF50B0
:102FD000E76EFD0EDBCF22F0FE0EDBCF23F0E750D5
:102FE0002226000E232222C0E6FF23C0E6FF46EC85
:102FF0000CF0246E060EE15E2450000903E1000E81
:1030000076EF29F0D9CFE6FFDACFE6FF3C0EE76E88
:10301000FB0EDBCF20F0FC0EDBCF21F0E7502026AB
:10302000000E212220C0E6FF21C0E6FFDF50E76E40
:10303000FD0EDBCF22F0FE0EDBCF23F0E750222681
:10304000000E232222C0E6FF23C0E6FF46EC0CF070
:10305000246E060EE15E2450000903E1000E76EFB7
:1030600029F00201726B010E76EF29F0010EDB50A0
:10307000DF6EE80E206ECE0E216E226A20C0E6FFC3
:1030800021C0E6FF22C0E6FFD950020FE66E000E17
:10309000DA20E66EEDEC69F0236E050EE15E23505A
:1030A000D9CFE6FFDACFE6FFD950020FE66E000E69
:1030B000DA20E66EDF50E76EFD0EDBCF20F0FE0E6D
:1030C000DBCF21F0E7502026000E212220C0E6FFB2
:1030D00021C0E6FF4FEC0BF0226E060EE15E22509F
:1030E000000971E03D0EE76EFB0EDBCFE9FFFC0E41
:1030F000DBCFEAFFE750E926000EEA22010EEF6E71
:10310000D9CFE6FFDACFE6FF3E0EE76EFB0EDBCF50
:1031100020F0FC0EDBCF21F0E7502026000E21220C
:1031200020C0E6FF21C0E6FFDF50E76EFD0EDBCFDB
:1031300022F0FE0EDBCF23F0E7502226000E2322E2
:1031400022C0E6FF23C0E6FF46EC0CF0246E060E1C
:10315000E15E2450000903E1000E76EF29F0D9CF9B
:10316000E6FFDACFE6FF3F0EE76EFB0EDBCF20F087
:10317000FC0EDBCF21F0E7502026000E212220C0DC
:10318000E6FF21C0E6FFDF50E76EFD0EDBCF22F049
:10319000FE0EDBCF23F0E7502226000E232222C0B2
:1031A000E6FF23C0E6FF46EC0CF0246E060EE15E5F
:1031B0002450000903E1000E76EF29F00201726B42
:1031C000010E76EF29F0010EDB50DF6E1E0E206E31
:1031D000CF0E216E226A20C0E6FF21C0E6FF22C08A
:1031E000E6FFD950020FE66E000EDA20E66EEDEC37
:1031F00069F0236E050EE15E2350D9CFE6FFDACFEA
:10320000E6FFD950020FE66E000EDA20E66EDF50C0
:10321000E76EFD0EDBCF20F0FE0EDBCF21F0E75096
:103220002026000E212220C0E6FF21C0E6FF4FEC41
:103230000BF0226E060EE15E2250000946E0400EC1
:10324000E76EFB0EDBCFE9FFFC0EDBCFEAFFE750BA
:10325000E926000EEA22010EEF6E410EE76EFB0E2C
:10326000DBCF20F0FC0EDBCF21F0E7502026000E54
:10327000212220C0E6FF21C0E6FFD9CFE6FFDACF4A
:10328000E6FFFD0EDBCFE6FFFE0EDBCFE6FF33EC05
:103290000DF0226E060EE15E2250000903E1000EE1
:1032A00076EF29F0450EE76EFB0EDBCFE9FFFC0E53
:1032B000DBCFEAFFE750E926000EEA22280EEF6E88
:1032C0000201726B010E76EF29F0010EDB50DF6E0A
:1032D000170E206ECF0E216E226A20C0E6FF21C09D
:1032E000E6FF22C0E6FFD950020FE66E000EDA209C
:1032F000E66EEDEC69F0236E050EE15E2350D9CF4A
:10330000E6FFDACFE6FFD950020FE66E000EDA20B4
:10331000E66EDF50E76EFD0EDBCF20F0FE0EDBCF5A
:1033200021F0E7502026000E212220C0E6FF21C018
:10333000E6FF4FEC0BF0226E060EE15E2250000914
:1033400046E0400EE76EFB0EDBCFE9FFFC0EDBCF65
:10335000EAFFE750E926000EEA22010EEF6E410E69
:10336000E76EFB0EDBCF20F0FC0EDBCF21F0E75049
:103370002026000E212220C0E6FF21C0E6FFD9CF83
:10338000E6FFDACFE6FFFD0EDBCFE6FFFE0EDBCF7A
:10339000E6FF33EC0DF0226E060EE15E22500009CE
:1033A00003E1000E76EF29F0450EE76EFB0EDBCF52
:1033B000E9FFFC0EDBCFEAFFE750E926000EEA2228
:1033C000290EEF6E0201726B010E76EF29F0010EED
:1033D000DB50DF6E050E206ECF0E216E226A20C0FC
:1033E000E6FF21C0E6FF22C0E6FFD950020FE66EDD
:1033F000000EDA20E66EEDEC69F0236E050EE15E5C
:103400002350D9CFE6FFDACFE6FFD950020FE66EA0
:10341000000EDA20E66EDF50E76EFD0EDBCF20F007
:10342000FE0EDBCF21F0E7502026000E212220C027
:10343000E6FF21C0E6FF4FEC0BF0226E060EE15EC8
:103440002250000901E1E1D2460EE76EFB0EDBCF10
:10345000E9FFFC0EDBCFEAFFE750E926000EEA2287
:10346000010EEF6ED9CFE6FFDACFE6FF470EE76E2B
:10347000FB0EDBCF20F0FC0EDBCF21F0E750202647
:10348000000E212220C0E6FF21C0E6FFDF50E76EDC
:10349000FD0EDBCF22F0FE0EDBCF23F0E75022261D
:1034A000000E232222C0E6FF23C0E6FF46EC0CF00C
:1034B000246E060EE15E2450000903E1000E76EF53
:1034C00029F0E20E206ECE0E216E226A20C0E6FFA9
:1034D00021C0E6FF22C0E6FFD950020FE66E000EC3
:1034E000DA20E66EEDEC69F0236E050EE15E235006
:1034F000D9CFE6FFDACFE6FFD950020FE66E000E15
:10350000DA20E66EDF50E76EFD0EDBCF20F0FE0E18
:10351000DBCF21F0E7502026000E212220C0E6FF5D
:1035200021C0E6FF4FEC0BF0226E060EE15E22504A
:10353000000903E1000E76EF29F0010EDFCFDBFF7B
:10354000DC0E206ECE0E216E226A20C0E6FF21C066
:10355000E6FF22C0E6FFD950020FE66E000EDA2029
:10356000E66EEDEC69F0236E050EE15E2350D9CFD7
:10357000E6FFDACFE6FFD950020FE66E000EDA2042
:10358000E66EDF50E76EFD0EDBCF20F0FE0EDBCFE8
:1035900021F0E7502026000E212220C0E6FF21C0A6
:1035A000E6FF4FEC0BF0226E060EE15E22500009A2
:1035B0000EE0480EE76EFB0EDBCFE9FFFC0EDBCF23
:1035C000EAFFE750E926000EEA22EF687DD0010EFF
:1035D000DB50DF6ED60E206ECE0E216E226A20C02A
:1035E000E6FF21C0E6FF22C0E6FFD950020FE66EDB
:1035F000000EDA20E66EEDEC69F0236E050EE15E5A
:103600002350D9CFE6FFDACFE6FFD950020FE66E9E
:10361000000EDA20E66EDF50E76EFD0EDBCF20F005
:10362000FE0EDBCF21F0E7502026000E212220C025
:10363000E6FF21C0E6FF4FEC0BF0226E060EE15EC6
:10364000225000090FE0480EE76EFB0EDBCFE9FFCA
:10365000FC0EDBCFEAFFE750E926000EEA22EE0E71
:10366000EF6E32D0010EDB50DF6ED9CFE6FFDACF3E
:10367000E6FF480EE76EFB0EDBCF20F0FC0EDBCF43
:1036800021F0E7502026000E212220C0E6FF21C0B5
:10369000E6FFDF50E76EFD0EDBCF22F0FE0EDBCF44
:1036A00023F0E7502226000E232222C0E6FF23C08B
:1036B000E6FF46EC0CF0246E060EE15E2450000995
:1036C00003E1000E76EF29F0010EDFCFDBFFD10E14
:1036D000206ECE0E216E226A20C0E6FF21C0E6FFDA
:1036E00022C0E6FFD950020FE66E000EDA20E66E29
:1036F000EDEC69F0236E050EE15E2350D9CFE6FFB5
:10370000DACFE6FFD950020FE66E000EDA20E66E41
:10371000DF50E76EFD0EDBCF20F0FE0EDBCF21F099
:10372000E7502026000E212220C0E6FF21C0E6FF40
:103730004FEC0BF0226E060EE15E225000090FE006
:10374000490EE76EFB0EDBCFE9FFFC0EDBCFEAFF95
:10375000E750E926000EEA22130EEF6E4ED0010E5E
:10376000DB50DF6ECC0E206ECE0E216E226A20C0A2
:10377000E6FF21C0E6FF22C0E6FFD950020FE66E49
:10378000000EDA20E66EEDEC69F0236E050EE15EC8
:103790002350D9CFE6FFDACFE6FFD950020FE66E0D
:1037A000000EDA20E66EDF50E76EFD0EDBCF20F074
:1037B000FE0EDBCF21F0E7502026000E212220C094
:1037C000E6FF21C0E6FF4FEC0BF0226E060EE15E35
:1037D000225000090FE0490EE76EFB0EDBCFE9FF38
:1037E000FC0EDBCFEAFFE750E926000EEA22140EBA
:1037F000EF6E03D0000E76EF29F0C40E206ECE0ED1
:10380000216E226A20C0E6FF21C0E6FF22C0E6FF4B
:10381000D950020FE66E000EDA20E66EEDEC69F08C
:10382000236E050EE15E2350D9CFE6FFDACFE6FF27
:10383000D950020FE66E000EDA20E66EDF50E76E1A
:10384000FD0EDBCF20F0FE0EDBCF21F0E75020266F
:10385000000E212220C0E6FF21C0E6FF4FEC0BF056
:10386000226E060EE15E2250000903E1000E76EFA3
:1038700029F0010EDFCFDBFFDC0E206ECE0E216EB5
:10388000226A20C0E6FF21C0E6FF22C0E6FFD95031
:10389000020FE66E000EDA20E66EEDEC69F0236EA4
:1038A000050EE15E2350D9CFE6FFDACFE6FFD9500F
:1038B000020FE66E000EDA20E66EDF50E76EFD0EB8
:1038C000DBCF20F0FE0EDBCF21F0E7502026000EEC
:1038D000212220C0E6FF21C0E6FF4FEC0BF0226E54
:1038E000060EE15E225000090EE04A0EE76EFB0E66
:1038F000DBCFE9FFFC0EDBCFEAFFE750E926000E45
:10390000EA22EF687DD0010EDB50DF6ED60E206E0E
:10391000CE0E216E226A20C0E6FF21C0E6FF22C043
:10392000E6FFD950020FE66E000EDA20E66EEDECEF
:1039300069F0236E050EE15E2350D9CFE6FFDACFA2
:10394000E6FFD950020FE66E000EDA20E66EDF5079
:10395000E76EFD0EDBCF20F0FE0EDBCF21F0E7504F
:103960002026000E212220C0E6FF21C0E6FF4FECFA
:103970000BF0226E060EE15E225000090FE04A0EA7
:10398000E76EFB0EDBCFE9FFFC0EDBCFEAFFE75073
:10399000E926000EEA22EE0EEF6E32D0010EDB5069
:1039A000DF6ED9CFE6FFDACFE6FF4A0EE76EFB0EF9
:1039B000DBCF20F0FC0EDBCF21F0E7502026000EFD
:1039C000212220C0E6FF21C0E6FFDF50E76EFD0E9A
:1039D000DBCF22F0FE0EDBCF23F0E7502226000ED5
:1039E000232222C0E6FF23C0E6FF46EC0CF0246E43
:1039F000060EE15E2450000903E1000E76EF29F087
:103A00000201726B010E76EF29F0010EDB50DF6EC2
:103A1000BC0E206ECE0E216E226A20C0E6FF21C0B1
:103A2000E6FF22C0E6FFD950020FE66E000EDA2054
:103A3000E66EEDEC69F0236E050EE15E2350D9CF02
:103A4000E6FFDACFE6FFD950020FE66E000EDA206D
:103A5000E66EDF50E76EFD0EDBCF20F0FE0EDBCF13
:103A600021F0E7502026000E212220C0E6FF21C0D1
:103A7000E6FF4FEC0BF0226E060EE15E22500009CD
:103A800021E04B0EE76EFB0EDBCFE9FFFC0EDBCF38
:103A9000EAFFE750E926000EEA22010EEF6E4C0E17
:103AA000E76EFB0EDBCFE9FFFC0EDBCFEAFFE75052
:103AB000E926000EEA222E0EEF6E0201726B010E55
:103AC00076EF29F0010EDB50DF6EB50E206ECE0EC4
:103AD000216E226A20C0E6FF21C0E6FF22C0E6FF79
:103AE000D950020FE66E000EDA20E66EEDEC69F0BA
:103AF000236E050EE15E2350D9CFE6FFDACFE6FF55
:103B0000D950020FE66E000EDA20E66EDF50E76E47
:103B1000FD0EDBCF20F0FE0EDBCF21F0E75020269C
:103B2000000E212220C0E6FF21C0E6FF4FEC0BF083
:103B3000226E060EE15E2250000921E04B0EE76E78
:103B4000FB0EDBCFE9FFFC0EDBCFEAFFE750E926F7
:103B5000000EEA22010EEF6E4C0EE76EFB0EDBCF7D
:103B6000E9FFFC0EDBCFEAFFE750E926000EEA2270
:103B70002B0EEF6E0201726B010E76EF29F0010E33
:103B8000DB50DF6EAB0E206ECE0E216E226A20C09F
:103B9000E6FF21C0E6FF22C0E6FFD950020FE66E25
:103BA000000EDA20E66EEDEC69F0236E050EE15EA4
:103BB0002350D9CFE6FFDACFE6FFD950020FE66EE9
:103BC000000EDA20E66EDF50E76EFD0EDBCF20F050
:103BD000FE0EDBCF21F0E7502026000E212220C070
:103BE000E6FF21C0E6FF4FEC0BF0226E060EE15E11
:103BF0002250000921E04B0EE76EFB0EDBCFE9FF00
:103C0000FC0EDBCFEAFFE750E926000EEA22010EA8
:103C1000EF6E4C0EE76EFB0EDBCFE9FFFC0EDBCF49
:103C2000EAFFE750E926000EEA222C0EEF6E0201B1
:103C3000726B010E76EF29F0010EDB50DF6E380E4D
:103C4000206ECF0E216E226A20C0E6FF21C0E6FF63
:103C500022C0E6FFD950020FE66E000EDA20E66EB3
:103C6000EDEC69F0236E050EE15E2350D9CFE6FF3F
:103C7000DACFE6FFD950020FE66E000EDA20E66ECC
:103C8000DF50E76EFD0EDBCF20F0FE0EDBCF21F024
:103C9000E7502026000E212220C0E6FF21C0E6FFCB
:103CA0004FEC0BF0226E060EE15E2250000971E02F
:103CB0004D0EE76EFB0EDBCFE9FFFC0EDBCFEAFF1C
:103CC000E750E926000EEA22010EEF6ED9CFE6FF9B
:103CD000DACFE6FF4E0EE76EFB0EDBCF20F0FC0ED8
:103CE000DBCF21F0E7502026000E212220C0E6FF86
:103CF00021C0E6FFDF50E76EFD0EDBCF22F0FE0EA7
:103D0000DBCF23F0E7502226000E232222C0E6FF5D
:103D100023C0E6FF46EC0CF0246E060EE15E245054
:103D2000000903E1000E76EF29F0D9CFE6FFDACFE4
:103D3000E6FF4F0EE76EFB0EDBCF20F0FC0EDBCF75
:103D400021F0E7502026000E212220C0E6FF21C0EE
:103D5000E6FFDF50E76EFD0EDBCF22F0FE0EDBCF7D
:103D600023F0E7502226000E232222C0E6FF23C0C4
:103D7000E6FF46EC0CF0246E060EE15E24500009CE
:103D800003E1000E76EF29F00201726B010E76EF6F
:103D900029F0000E76EF29F003D0000E76EF29F01F
:103DA000010EDB50DF6EA70E206ECE0E216E226A52
:103DB00020C0E6FF21C0E6FF22C0E6FFD950020F77
:103DC000E66E000EDA20E66EEDEC69F0236E050E6D
:103DD000E15E2350D9CFE6FFDACFE6FFD950020FDC
:103DE000E66E000EDA20E66EDF50E76EFD0EDBCFEA
:103DF00020F0FE0EDBCF21F0E7502026000E21221E
:103E000020C0E6FF21C0E6FF4FEC0BF0226E060E4D
:103E1000E15E2250000942E0550EE76EFB0EDBCF5B
:103E2000E9FFFC0EDBCFEAFFE750E926000EEA22AD
:103E3000010EEF6ED9CFE6FFDACFE6FF560EE76E42
:103E4000FB0EDBCF20F0FC0EDBCF21F0E75020266D
:103E5000000E212220C0E6FF21C0E6FFDF50E76E02
:103E6000FD0EDBCF22F0FE0EDBCF23F0E750222643
:103E7000000E232222C0E6FF23C0E6FF46EC0CF032
:103E8000246E060EE15E2450000903E1000E76EF79
:103E900029F00201726B010E76EF29F0DF6AA30EA2
:103EA000206ECE0E216E226A20C0E6FF21C0E6FF02
:103EB00022C0E6FFD950020FE66E000EDA20E66E51
:103EC000EDEC69F0236E050EE15E2350D9CFE6FFDD
:103ED000DACFE6FFD950020FE66E000EDA20E66E6A
:103EE000DF50E76EFD0EDBCF20F0FE0EDBCF21F0C2
:103EF000E7502026000E212220C0E6FF21C0E6FF69
:103F00004FEC0BF0226E060EE15E2250000902E13A
:103F100074EF29F0FB0EDBCFE9FFFC0EDBCFEAFFED
:103F2000020EEF6ED9CFE6FFDACFE6FF010EE76EA5
:103F3000FB0EDBCF20F0FC0EDBCF21F0E75020267C
:103F4000000E212220C0E6FF21C0E6FFDF50E76E11
:103F5000FD0EDBCF22F0FE0EDBCF23F0E750222652
:103F6000000E232222C0E6FF23C0E6FF46EC0CF041
:103F7000246E060EE15E2450000903E1000E76EF88
:103F800029F0010EDFCFDBFF2F0E206ECF0E216E4A
:103F9000226A20C0E6FF21C0E6FF22C0E6FFD9501A
:103FA000020FE66E000EDA20E66EEDEC69F0236E8D
:103FB000050EE15E2350D9CFE6FFDACFE6FFD950F8
:103FC000020FE66E000EDA20E66EDF50E76EFD0EA1
:103FD000DBCF20F0FE0EDBCF21F0E7502026000ED5
:103FE000212220C0E6FF21C0E6FF4FEC0BF0226E3D
:103FF000060EE15E2250000971E0030EE76EFB0E33
:10400000DBCFE9FFFC0EDBCFEAFFE750E926000E2D
:10401000EA22010EEF6ED9CFE6FFDACFE6FF040EFB
:10402000E76EFB0EDBCF20F0FC0EDBCF21F0E7507C
:104030002026000E212220C0E6FF21C0E6FFDF502F
:10404000E76EFD0EDBCF22F0FE0EDBCF23F0E75054
:104050002226000E232222C0E6FF23C0E6FF46EC04
:104060000CF0246E060EE15E2450000903E1000E00
:1040700076EF29F0D9CFE6FFDACFE6FF050EE76E3F
:10408000FB0EDBCF20F0FC0EDBCF21F0E75020262B
:10409000000E212220C0E6FF21C0E6FFDF50E76EC0
:1040A000FD0EDBCF22F0FE0EDBCF23F0E750222601
:1040B000000E232222C0E6FF23C0E6FF46EC0CF0F0
:1040C000246E060EE15E2450000903E1000E76EF37
:1040D00029F00201726B010E76EF29F0010EDB5020
:1040E000DF6E0B0E206ECF0E216E226A20C0E6FF1F
:1040F00021C0E6FF22C0E6FFD950020FE66E000E97
:10410000DA20E66EEDEC69F0236E050EE15E2350D9
:10411000D9CFE6FFDACFE6FFD950020FE66E000EE8
:10412000DA20E66EDF50E76EFD0EDBCF20F0FE0EEC
:10413000DBCF21F0E7502026000E212220C0E6FF31
:1041400021C0E6FF4FEC0BF0226E060EE15E22501E
:10415000000971E0060EE76EFB0EDBCFE9FFFC0EF7
:10416000DBCFEAFFE750E926000EEA22010EEF6EF0
:10417000D9CFE6FFDACFE6FF070EE76EFB0EDBCF07
:1041800020F0FC0EDBCF21F0E7502026000E21228C
:1041900020C0E6FF21C0E6FFDF50E76EFD0EDBCF5B
:1041A00022F0FE0EDBCF23F0E7502226000E232262
:1041B00022C0E6FF23C0E6FF46EC0CF0246E060E9C
:1041C000E15E2450000903E1000E76EF29F0D9CF1B
:1041D000E6FFDACFE6FF080EE76EFB0EDBCF20F03E
:1041E000FC0EDBCF21F0E7502026000E212220C05C
:1041F000E6FF21C0E6FFDF50E76EFD0EDBCF22F0C9
:10420000FE0EDBCF23F0E7502226000E232222C031
:10421000E6FF23C0E6FF46EC0CF0246E060EE15EDE
:104220002450000903E1000E76EF29F00201726BC1
:10423000010E76EF29F0010EDB50DF6EE80E206EE6
:10424000CE0E216E226A20C0E6FF21C0E6FF22C00A
:10425000E6FFD950020FE66E000EDA20E66EEDECB6
:1042600069F0236E050EE15E2350D9CFE6FFDACF69
:10427000E6FFD950020FE66E000EDA20E66EDF5040
:10428000E76EFD0EDBCF20F0FE0EDBCF21F0E75016
:104290002026000E212220C0E6FF21C0E6FF4FECC1
:1042A0000BF0226E060EE15E2250000971E0090E4D
:1042B000E76EFB0EDBCFE9FFFC0EDBCFEAFFE7503A
:1042C000E926000EEA22010EEF6ED9CFE6FFDACF23
:1042D000E6FF0A0EE76EFB0EDBCF20F0FC0EDBCF15
:1042E00021F0E7502026000E212220C0E6FF21C049
:1042F000E6FFDF50E76EFD0EDBCF22F0FE0EDBCFD8
:1043000023F0E7502226000E232222C0E6FF23C01E
:10431000E6FF46EC0CF0246E060EE15E2450000928
:1043200003E1000E76EF29F0D9CFE6FFDACFE6FF02
:104330000B0EE76EFB0EDBCF20F0FC0EDBCF21F087
:10434000E7502026000E212220C0E6FF21C0E6FF14
:10435000DF50E76EFD0EDBCF22F0FE0EDBCF23F049
:10436000E7502226000E232222C0E6FF23C0E6FFEC
:1043700046EC0CF0246E060EE15E2450000903E1C9
:10438000000E76EF29F00201726B010E76EF29F034
:10439000010EDB50DF6E1E0E206ECF0E216E226AE4
:1043A00020C0E6FF21C0E6FF22C0E6FFD950020F81
:1043B000E66E000EDA20E66EEDEC69F0236E050E77
:1043C000E15E2350D9CFE6FFDACFE6FFD950020FE6
:1043D000E66E000EDA20E66EDF50E76EFD0EDBCFF4
:1043E00020F0FE0EDBCF21F0E7502026000E212228
:1043F00020C0E6FF21C0E6FF4FEC0BF0226E060E58
:10440000E15E2250000946E00C0EE76EFB0EDBCFAA
:10441000E9FFFC0EDBCFEAFFE750E926000EEA22B7
:10442000010EEF6E0D0EE76EFB0EDBCF20F0FC0EE3
:10443000DBCF21F0E7502026000E212220C0E6FF2E
:1044400021C0E6FFD9CFE6FFDACFE6FFFD0EDBCFD6
:10445000E6FFFE0EDBCFE6FF33EC0DF0226E060E1C
:10446000E15E2250000903E1000E76EF29F0110E03
:10447000E76EFB0EDBCFE9FFFC0EDBCFEAFFE75078
:10448000E926000EEA22280EEF6E0201726B010E81
:1044900076EF29F0010EDB50DF6E170E206ECF0E87
:1044A000216E226A20C0E6FF21C0E6FF22C0E6FF9F
:1044B000D950020FE66E000EDA20E66EEDEC69F0E0
:1044C000236E050EE15E2350D9CFE6FFDACFE6FF7B
:1044D000D950020FE66E000EDA20E66EDF50E76E6E
:1044E000FD0EDBCF20F0FE0EDBCF21F0E7502026C3
:1044F000000E212220C0E6FF21C0E6FF4FEC0BF0AA
:10450000226E060EE15E2250000946E00C0EE76EB8
:10451000FB0EDBCFE9FFFC0EDBCFEAFFE750E9261D
:10452000000EEA22010EEF6E0D0EE76EFB0EDBCFE2
:1045300020F0FC0EDBCF21F0E7502026000E2122D8
:1045400020C0E6FF21C0E6FFD9CFE6FFDACFE6FFC5
:10455000FD0EDBCFE6FFFE0EDBCFE6FF33EC0DF00A
:10456000226E060EE15E2250000903E1000E76EF96
:1045700029F0110EE76EFB0EDBCFE9FFFC0EDBCF5F
:10458000EAFFE750E926000EEA22290EEF6E02014B
:10459000726B010E76EF29F0010EDB50DF6E050E17
:1045A000206ECF0E216E226A20C0E6FF21C0E6FFFA
:1045B00022C0E6FFD950020FE66E000EDA20E66E4A
:1045C000EDEC69F0236E050EE15E2350D9CFE6FFD6
:1045D000DACFE6FFD950020FE66E000EDA20E66E63
:1045E000DF50E76EFD0EDBCF20F0FE0EDBCF21F0BB
:1045F000E7502026000E212220C0E6FF21C0E6FF62
:104600004FEC0BF0226E060EE15E2250000901E134
:10461000DFD2120EE76EFB0EDBCFE9FFFC0EDBCF25
:10462000EAFFE750E926000EEA22010EEF6ED9CF2D
:10463000E6FFDACFE6FF130EE76EFB0EDBCF20F0CE
:10464000FC0EDBCF21F0E7502026000E212220C0F7
:10465000E6FF21C0E6FFDF50E76EFD0EDBCF22F064
:10466000FE0EDBCF23F0E7502226000E232222C0CD
:10467000E6FF23C0E6FF46EC0CF0246E060EE15E7A
:104680002450000903E1000E76EF29F0E20E206EBF
:10469000CE0E216E226A20C0E6FF21C0E6FF22C0B6
:1046A000E6FFD950020FE66E000EDA20E66EEDEC62
:1046B00069F0236E050EE15E2350D9CFE6FFDACF15
:1046C000E6FFD950020FE66E000EDA20E66EDF50EC
:1046D000E76EFD0EDBCF20F0FE0EDBCF21F0E750C2
:1046E0002026000E212220C0E6FF21C0E6FF4FEC6D
:1046F0000BF0226E060EE15E2250000903E1000E6F
:1047000076EF29F0010EDFCFDBFFDC0E206ECE0E40
:10471000216E226A20C0E6FF21C0E6FF22C0E6FF2C
:10472000D950020FE66E000EDA20E66EEDEC69F06D
:10473000236E050EE15E2350D9CFE6FFDACFE6FF08
:10474000D950020FE66E000EDA20E66EDF50E76EFB
:10475000FD0EDBCF20F0FE0EDBCF21F0E750202650
:10476000000E212220C0E6FF21C0E6FF4FEC0BF037
:10477000226E060EE15E225000090EE0140EE76E76
:10478000FB0EDBCFE9FFFC0EDBCFEAFFE750E926AB
:10479000000EEA22EF687DD0010EDB50DF6ED60EF0
:1047A000206ECE0E216E226A20C0E6FF21C0E6FFF9
:1047B00022C0E6FFD950020FE66E000EDA20E66E48
:1047C000EDEC69F0236E050EE15E2350D9CFE6FFD4
:1047D000DACFE6FFD950020FE66E000EDA20E66E61
:1047E000DF50E76EFD0EDBCF20F0FE0EDBCF21F0B9
:1047F000E7502026000E212220C0E6FF21C0E6FF60
:104800004FEC0BF0226E060EE15E225000090FE025
:10481000140EE76EFB0EDBCFE9FFFC0EDBCFEAFFE9
:10482000E750E926000EEA22EE0EEF6E32D0010EBE
:10483000DB50DF6ED9CFE6FFDACFE6FF140EE76E6E
:10484000FB0EDBCF20F0FC0EDBCF21F0E750202663
:10485000000E212220C0E6FF21C0E6FFDF50E76EF8
:10486000FD0EDBCF22F0FE0EDBCF23F0E750222639
:10487000000E232222C0E6FF23C0E6FF46EC0CF028
:10488000246E060EE15E2450000903E1000E76EF6F
:1048900029F0010EDFCFDBFFD10E206ECE0E216E90
:1048A000226A20C0E6FF21C0E6FF22C0E6FFD95001
:1048B000020FE66E000EDA20E66EEDEC69F0236E74
:1048C000050EE15E2350D9CFE6FFDACFE6FFD950DF
:1048D000020FE66E000EDA20E66EDF50E76EFD0E88
:1048E000DBCF20F0FE0EDBCF21F0E7502026000EBC
:1048F000212220C0E6FF21C0E6FF4FEC0BF0226E24
:10490000060EE15E225000090FE0150EE76EFB0E69
:10491000DBCFE9FFFC0EDBCFEAFFE750E926000E14
:10492000EA22130EEF6E4ED0010EDB50DF6ECC0E7E
:10493000206ECE0E216E226A20C0E6FF21C0E6FF67
:1049400022C0E6FFD950020FE66E000EDA20E66EB6
:10495000EDEC69F0236E050EE15E2350D9CFE6FF42
:10496000DACFE6FFD950020FE66E000EDA20E66ECF
:10497000DF50E76EFD0EDBCF20F0FE0EDBCF21F027
:10498000E7502026000E212220C0E6FF21C0E6FFCE
:104990004FEC0BF0226E060EE15E225000090FE094
:1049A000150EE76EFB0EDBCFE9FFFC0EDBCFEAFF57
:1049B000E750E926000EEA22140EEF6E03D0000E37
:1049C00076EF29F0C40E206ECE0E216E226A20C032
:1049D000E6FF21C0E6FF22C0E6FFD950020FE66ED7
:1049E000000EDA20E66EEDEC69F0236E050EE15E56
:1049F0002350D9CFE6FFDACFE6FFD950020FE66E9B
:104A0000000EDA20E66EDF50E76EFD0EDBCF20F001
:104A1000FE0EDBCF21F0E7502026000E212220C021
:104A2000E6FF21C0E6FF4FEC0BF0226E060EE15EC2
:104A30002250000903E1000E76EF29F0010EDFCFCE
:104A4000DBFFDC0E206ECE0E216E226A20C0E6FF58
:104A500021C0E6FF22C0E6FFD950020FE66E000E2D
:104A6000DA20E66EEDEC69F0236E050EE15E235070
:104A7000D9CFE6FFDACFE6FFD950020FE66E000E7F
:104A8000DA20E66EDF50E76EFD0EDBCF20F0FE0E83
:104A9000DBCF21F0E7502026000E212220C0E6FFC8
:104AA00021C0E6FF4FEC0BF0226E060EE15E2250B5
:104AB00000090EE0160EE76EFB0EDBCFE9FFFC0EE1
:104AC000DBCFEAFFE750E926000EEA22EF687CD050
:104AD000010EDB50DF6ED60E206ECE0E216E226AE6
:104AE00020C0E6FF21C0E6FF22C0E6FFD950020F3A
:104AF000E66E000EDA20E66EEDEC69F0236E050E30
:104B0000E15E2350D9CFE6FFDACFE6FFD950020F9E
:104B1000E66E000EDA20E66EDF50E76EFD0EDBCFAC
:104B200020F0FE0EDBCF21F0E7502026000E2122E0
:104B300020C0E6FF21C0E6FF4FEC0BF0226E060E10
:104B4000E15E225000090FE0160EE76EFB0EDBCF90
:104B5000E9FFFC0EDBCFEAFFE750E926000EEA2270
:104B6000EE0EEF6E31D0010EDB50DF6ED9CFE6FFD7
:104B7000DACFE6FF160EE76EFB0EDBCF20F0FC0E61
:104B8000DBCF21F0E7502026000E212220C0E6FFD7
:104B900021C0E6FFDF50E76EFD0EDBCF22F0FE0EF8
:104BA000DBCF23F0E7502226000E232222C0E6FFAF
:104BB00023C0E6FF46EC0CF0246E060EE15E2450A6
:104BC000000902E1000E92D30201726B010E8ED336
:104BD000010EDB50DF6EBC0E206ECE0E216E226AFF
:104BE00020C0E6FF21C0E6FF22C0E6FFD950020F39
:104BF000E66E000EDA20E66EEDEC69F0236E050E2F
:104C0000E15E2350D9CFE6FFDACFE6FFD950020F9D
:104C1000E66E000EDA20E66EDF50E76EFD0EDBCFAB
:104C200020F0FE0EDBCF21F0E7502026000E2122DF
:104C300020C0E6FF21C0E6FF4FEC0BF0226E060E0F
:104C4000E15E2250000920E0170EE76EFB0EDBCF7D
:104C5000E9FFFC0EDBCFEAFFE750E926000EEA226F
:104C6000010EEF6E180EE76EFB0EDBCFE9FFFC0EB8
:104C7000DBCFEAFFE750E926000EEA222E0EEF6EA8
:104C80000201726B010E32D3010EDB50DF6EB50EE6
:104C9000206ECE0E216E226A20C0E6FF21C0E6FF04
:104CA00022C0E6FFD950020FE66E000EDA20E66E53
:104CB000EDEC69F0236E050EE15E2350D9CFE6FFDF
:104CC000DACFE6FFD950020FE66E000EDA20E66E6C
:104CD000DF50E76EFD0EDBCF20F0FE0EDBCF21F0C4
:104CE000E7502026000E212220C0E6FF21C0E6FF6B
:104CF0004FEC0BF0226E060EE15E2250000920E020
:104D0000170EE76EFB0EDBCFE9FFFC0EDBCFEAFFF1
:104D1000E750E926000EEA22010EEF6E180EE76E4C
:104D2000FB0EDBCFE9FFFC0EDBCFEAFFE750E92605
:104D3000000EEA222B0EEF6E0201726B010ED6D22C
:104D4000010EDB50DF6EAB0E206ECE0E216E226A9E
:104D500020C0E6FF21C0E6FF22C0E6FFD950020FC7
:104D6000E66E000EDA20E66EEDEC69F0236E050EBD
:104D7000E15E2350D9CFE6FFDACFE6FFD950020F2C
:104D8000E66E000EDA20E66EDF50E76EFD0EDBCF3A
:104D900020F0FE0EDBCF21F0E7502026000E21226E
:104DA00020C0E6FF21C0E6FF4FEC0BF0226E060E9E
:104DB000E15E2250000920E0170EE76EFB0EDBCF0C
:104DC000E9FFFC0EDBCFEAFFE750E926000EEA22FE
:104DD000010EEF6E180EE76EFB0EDBCFE9FFFC0E47
:104DE000DBCFEAFFE750E926000EEA222C0EEF6E39
:104DF0000201726B010E7AD2010EDB50DF6E380EAB
:104E0000206ECF0E216E226A20C0E6FF21C0E6FF91
:104E100022C0E6FFD950020FE66E000EDA20E66EE1
:104E2000EDEC69F0236E050EE15E2350D9CFE6FF6D
:104E3000DACFE6FFD950020FE66E000EDA20E66EFA
:104E4000DF50E76EFD0EDBCF20F0FE0EDBCF21F052
:104E5000E7502026000E212220C0E6FF21C0E6FFF9
:104E60004FEC0BF0226E060EE15E225000096EE060
:104E7000190EE76EFB0EDBCFE9FFFC0EDBCFEAFF7E
:104E8000E750E926000EEA22010EEF6ED9CFE6FFC9
:104E9000DACFE6FF1A0EE76EFB0EDBCF20F0FC0E3A
:104EA000DBCF21F0E7502026000E212220C0E6FFB4
:104EB00021C0E6FFDF50E76EFD0EDBCF22F0FE0ED5
:104EC000DBCF23F0E7502226000E232222C0E6FF8C
:104ED00023C0E6FF46EC0CF0246E060EE15E245083
:104EE000000902E1000E02D2D9CFE6FFDACFE6FFD9
:104EF0001B0EE76EFB0EDBCF20F0FC0EDBCF21F0AC
:104F0000E7502026000E212220C0E6FF21C0E6FF48
:104F1000DF50E76EFD0EDBCF22F0FE0EDBCF23F07D
:104F2000E7502226000E232222C0E6FF23C0E6FF20
:104F300046EC0CF0246E060EE15E2450000902E1FE
:104F4000000ED4D10201726B010ED0D1010EDB50E4
:104F5000DF6E9D0E206ECE0E216E226A20C0E6FF0F
:104F600021C0E6FF22C0E6FFD950020FE66E000E18
:104F7000DA20E66EEDEC69F0236E050EE15E23505B
:104F8000D9CFE6FFDACFE6FFD950020FE66E000E6A
:104F9000DA20E66EDF50E76EFD0EDBCF20F0FE0E6E
:104FA000DBCF21F0E7502026000E212220C0E6FFB3
:104FB00021C0E6FF4FEC0BF0226E060EE15E2250A0
:104FC000000911E01C0EE76EFB0EDBCFE9FFFC0EC3
:104FD000DBCFEAFFE750E926000EEA22010EEF6E72
:104FE0000201726B83D1010EDB50DF6E970E206ED3
:104FF000CE0E216E226A20C0E6FF21C0E6FF22C04D
:10500000E6FFD950020FE66E000EDA20E66EEDECF8
:1050100069F0236E050EE15E2350D9CFE6FFDACFAB
:10502000E6FFD950020FE66E000EDA20E66EDF5082
:10503000E76EFD0EDBCF20F0FE0EDBCF21F0E75058
:105040002026000E212220C0E6FF21C0E6FF4FEC03
:105050000BF0226E060EE15E2250000911E01D0EDB
:10506000E76EFB0EDBCFE9FFFC0EDBCFEAFFE7507C
:10507000E926000EEA22010EEF6E0201726B36D1B4
:10508000010EDB50DF6E910E206ECE0E216E226A75
:1050900020C0E6FF21C0E6FF22C0E6FFD950020F84
:1050A000E66E000EDA20E66EEDEC69F0236E050E7A
:1050B000E15E2350D9CFE6FFDACFE6FFD950020FE9
:1050C000E66E000EDA20E66EDF50E76EFD0EDBCFF7
:1050D00020F0FE0EDBCF21F0E7502026000E21222B
:1050E00020C0E6FF21C0E6FF4FEC0BF0226E060E5B
:1050F000E15E2250000911E01E0EE76EFB0EDBCFD1
:10510000E9FFFC0EDBCFEAFFE750E926000EEA22BA
:10511000010EEF6E0201726BE9D0010EDB50DF6E03
:105120008B0E206ECE0E216E226A20C0E6FF21C0BB
:10513000E6FF22C0E6FFD950020FE66E000EDA202D
:10514000E66EEDEC69F0236E050EE15E2350D9CFDB
:10515000E6FFDACFE6FFD950020FE66E000EDA2046
:10516000E66EDF50E76EFD0EDBCF20F0FE0EDBCFEC
:1051700021F0E7502026000E212220C0E6FF21C0AA
:10518000E6FF4FEC0BF0226E060EE15E22500009A6
:1051900011E01F0EE76EFB0EDBCFE9FFFC0EDBCF4D
:1051A000EAFFE750E926000EEA22010EEF6E020147
:1051B000726B9CD0010EDB50DF6E830E206ECE0E24
:1051C000216E226A20C0E6FF21C0E6FF22C0E6FF72
:1051D000D950020FE66E000EDA20E66EEDEC69F0B3
:1051E000236E050EE15E2350D9CFE6FFDACFE6FF4E
:1051F000D950020FE66E000EDA20E66EDF50E76E41
:10520000FD0EDBCF20F0FE0EDBCF21F0E750202695
:10521000000E212220C0E6FF21C0E6FF4FEC0BF07C
:10522000226E060EE15E2250000911E0200EE76EAC
:10523000FB0EDBCFE9FFFC0EDBCFEAFFE750E926F0
:10524000000EEA22010EEF6E0201726B4FD0010ECA
:10525000DB50DF6E7E0E206ECE0E216E226A20C0E5
:10526000E6FF21C0E6FF22C0E6FFD950020FE66E3E
:10527000000EDA20E66EEDEC69F0236E050EE15EBD
:105280002350D9CFE6FFDACFE6FFD950020FE66E02
:10529000000EDA20E66EDF50E76EFD0EDBCF20F069
:1052A000FE0EDBCF21F0E7502026000E212220C089
:1052B000E6FF21C0E6FF4FEC0BF0226E060EE15E2A
:1052C0002250000911E0210EE76EFB0EDBCFE9FF53
:1052D000FC0EDBCFEAFFE750E926000EEA22010EC2
:1052E000EF6E0201726B02D0000E00D0206E0E0E27
:1052F000E15C02E2E16AE552E16E2050E552E7CF5F
:10530000D9FF1200D9CFE6FFE1CFD9FF030EE12686
:10531000010EDB6ADF6A620EDF5C09E2DF50EA6AD7
:10532000020FE96E050EEA22EF6ADF2AF4D7DF6A80
:105330004E0EDF5C59E2DF50E76EFD0EDBCFE9FF7A
:10534000FE0EDBCFEAFFE750E926000EEA22EF501F
:1053500001E14AD0020EDB6ADF50E76EFD0EDBCFC3
:10536000E9FFFE0EDBCFEAFFE750E926000EEA2256
:10537000EF50F36E020EDBCFF4FFF350F45C31E23A
:10538000620EF36E010EDBCFF4FFF350F45C0BE31F
:10539000FD0EDBCFE6FFFE0EDBCFE6FF27D9E552A1
:1053A000E552000E40D0DF28E76EFD0EDBCFE9FFAF
:1053B000FE0EDBCFEAFFE750E926000EEA22EF50AF
:1053C000E66E010EDBCFF3FFDB2AF350EA6A020F31
:1053D000E96E050EEA22E552E750EF6E020EDB2A77
:1053E000BBD7020EDF26A4D7DF6A620EDF5C19E2AC
:1053F000DF50EA6A020FE96E050EEA22EF50E66E10
:10540000DF50E76EFD0EDBCFE9FFFE0EDBCFEAFFDC
:10541000E750E926000EEA22E552E750EF6EDF2A58
:10542000E4D7010E00D0206E030EE15C02E2E16AD7
:10543000E552E16E2050E552E7CFD9FF1200D9CFF7
:10544000E6FFE1CFD9FF040EE126010EDB6ADF6A39
:10545000FD0EDBCFE9FFFE0EDBCFEAFF030EEFCF41
:10546000DBFF020EDB6A620EF36E010EDBCFF4FF90
:10547000F350F45C6EE2010EDB50E76EFD0EDBCF05
:10548000E9FFFE0EDBCFEAFFE750E926000EEA2235
:10549000EFCF20F0030EDB50205C0EE1020EDB2A82
:1054A000010EDB2A620EF36E010EDBCFF4FFF35028
:1054B000F45C01E301D0DFD74F0EDF5C17E2600E32
:1054C000DF5C14E2DF50DF2AEA6A020FE96E050EA4
:1054D000EA22020EDBCFEFFFDF50DF2AEA6A020F7B
:1054E000E96E050EEA22030EDBCFEFFF500EDF5C04
:1054F0001DE3010EDB6A620EF36E010EDBCFF4FFDB
:10550000F350F45C11E2010EDB50E76EFD0EDBCFD1
:10551000E9FFFE0EDBCFEAFFE750E926000EEA22A4
:10552000EF6A010EDB2AE7D7000E54D0010EDB50E4
:10553000E76EFD0EDBCFE9FFFE0EDBCFEAFFE750A3
:10554000E926000EEA22030EEFCFDBFF020EDB6A34
:105550008AD7010EDB6ADF50F36E010EDBCFF4FF5A
:10556000F350F45C1CE2010EDB50EA6A020FE96EB4
:10557000050EEA22EF50E66E010EDB50E76EFD0EDF
:10558000DBCFE9FFFE0EDBCFEAFFE750E926000E96
:10559000EA22E552E750EF6E010EDB2ADCD7620EFD
:1055A000F36E010EDBCFF4FFF350F45C11E2010E59
:1055B000DB50E76EFD0EDBCFE9FFFE0EDBCFEAFF2F
:1055C000E750E926000EEA22EF6A010EDB2AE7D750
:1055D000DF5000D0206E040EE15C02E2E16AE55289
:1055E000E16E2050E552E7CFD9FF1200D9CFE6FF98
:1055F000E1CFD9FFE652DF6A620EDF5C0FE2DF50D7
:10560000E76EFD0EDBCFE9FFFE0EDBCFEAFFE750D2
:10561000E926000EEA22EF6ADF2AEED7E552E552CC
:10562000E7CFD9FF1200D9CFE6FFE1CFD9FFE6528D
:1056300002016B51F36EFE0EDBCFF4FFF350F45C0E
:1056400004E3150E726F000E31D0DF6A0F0EDF5CBF
:105650002AE202016B510F0DF3CF22F0F4CF23F0B9
:10566000640E2226050E2322DF500F012224E96E4C
:10567000000E2320EA6EEF50E66EFE0EDB500F0D9B
:10568000F3CF20F0F4CF21F0640E2026050E212266
:10569000DF502024E96E000E2120EA6EE552E7502B
:1056A000EF6EDF2AD3D746EC06F000D0E552E55284
:1056B000E7CFD9FF1200D9CFE6FFE1CFD9FF050E22
:1056C000E126640EF36EFE0EDBCFF4FFF350F45CC4
:1056D00006E30201110E726F000E39EF30F02C0E4E
:1056E000E76EFC0EDBCFE9FFFD0EDBCFEAFFE750F4
:1056F000E926000EEA22EF046DE1FE0EDB500F0DED
:10570000F3CFE9FFF4CFEAFF640EE926050EEA22A3
:10571000EF6A2D0EE76EFC0EDBCFE9FFFD0EDBCF4F
:10572000EAFFE750E926000EEA22EF50E66EFE0E91
:10573000DB500F0DF3CFE9FFF4CFEAFF640EE9264B
:10574000050EEA22010EE926000EEA22E552E75094
:10575000EF6E2E0EE76EFC0EDBCFE9FFFD0EDBCF0A
:10576000EAFFE750E926000EEA22EF50E66EFE0E51
:10577000DB500F0DF3CFE9FFF4CFEAFF640EE9260B
:10578000050EEA22020EE926000EEA22E552E75053
:10579000EF6E2F0EE76EFC0EDBCFE9FFFD0EDBCFC9
:1057A000EAFFE750E926000EEA22EF50E66EFE0E11
:1057B000DB500F0DF3CFE9FFF4CFEAFF640EE926CB
:1057C000050EEA22030EE926000EEA22E552E75012
:1057D000EF6ED7D0300EE76EFC0EDBCFE9FFFD0E8B
:1057E000DBCFEAFFE750E926000EEA22EF044EE1A4
:1057F000FE0EDB500F0DF3CFE9FFF4CFEAFF640E8E
:10580000E926050EEA22010EEF6E310EE76EFC0E60
:10581000DBCFE9FFFD0EDBCFEAFFE750E926000E04
:10582000EA22EF50E66EFE0EDB500F0DF3CFE9FFDC
:10583000F4CFEAFF640EE926050EEA22010EE926FE
:10584000000EEA22E552E750EF6E320EE76EFC0ED4
:10585000DBCFE9FFFD0EDBCFEAFFE750E926000EC4
:10586000EA22EF50E66EFE0EDB500F0DF3CFE9FF9C
:10587000F4CFEAFF640EE926050EEA22020EE926BD
:10588000000EEA22E552E750EF6E7BD0330EE76E52
:10589000FC0EDBCFE9FFFD0EDBCFEAFFE750E92688
:1058A000000EEA22EF046DE1FE0EDB500F0DF3CF88
:1058B000E9FFF4CFEAFF640EE926050EEA22020EA4
:1058C000EF6E340EE76EFC0EDBCFE9FFFD0EDBCF93
:1058D000EAFFE750E926000EEA22EF50E66EFE0EE0
:1058E000DB500F0DF3CFE9FFF4CFEAFF640EE9269A
:1058F000050EEA22010EE926000EEA22E552E750E3
:10590000EF6E350EE76EFC0EDBCFE9FFFD0EDBCF51
:10591000EAFFE750E926000EEA22EF50E66EFE0E9F
:10592000DB500F0DF3CFE9FFF4CFEAFF640EE92659
:10593000050EEA22020EE926000EEA22E552E750A1
:10594000EF6E360EE76EFC0EDBCFE9FFFD0EDBCF10
:10595000EAFFE750E926000EEA22EF50E66EFE0E5F
:10596000DB500F0DF3CFE9FFF4CFEAFF640EE92619
:10597000050EEA22030EE926000EEA22E552E75060
:10598000EF6E370EE76EFC0EDBCFE9FFFD0EDBCFCF
:10599000EAFFE750E926000EEA22EF0451E1FE0E8D
:1059A000DB500F0DF3CFE9FFF4CFEAFF640EE926D9
:1059B000050EEA22040EE926000EEA22EF6A380EEE
:1059C000E76EFC0EDBCFE9FFFD0EDBCFEAFFE75011
:1059D000E926000EEA22EF50E66EFE0EDB500F0DB8
:1059E000F3CFE9FFF4CFEAFF640EE926050EEA22C1
:1059F000050EE926000EEA22E552E750EF6E390E59
:105A0000E76EFC0EDBCFE9FFFD0EDBCFEAFFE750D0
:105A1000E926000EEA22EF50E66EFE0EDB500F0D77
:105A2000F3CFE9FFF4CFEAFF640EE926050EEA2280
:105A3000060EE926000EEA22E552E750EF6E80D20C
:105A40003A0EE76EFC0EDBCFE9FFFD0EDBCFEAFF7F
:105A5000E750E926000EEA22EF0452E1FE0EDB5089
:105A60000F0DF3CFE9FFF4CFEAFF640EE926050E30
:105A7000EA22040EE926000EEA22010EEF6E3B0E2A
:105A8000E76EFC0EDBCFE9FFFD0EDBCFEAFFE75050
:105A9000E926000EEA22EF50E66EFE0EDB500F0DF7
:105AA000F3CFE9FFF4CFEAFF640EE926050EEA2200
:105AB000050EE926000EEA22E552E750EF6E3C0E95
:105AC000E76EFC0EDBCFE9FFFD0EDBCFEAFFE75010
:105AD000E926000EEA22EF50E66EFE0EDB500F0DB7
:105AE000F3CFE9FFF4CFEAFF640EE926050EEA22C0
:105AF000060EE926000EEA22E552E750EF6E20D2AC
:105B00003D0EE76EFC0EDBCFE9FFFD0EDBCFEAFFBB
:105B1000E750E926000EEA22EF0452E1FE0EDB50C8
:105B20000F0DF3CFE9FFF4CFEAFF640EE926050E6F
:105B3000EA22040EE926000EEA22020EEF6E3E0E65
:105B4000E76EFC0EDBCFE9FFFD0EDBCFEAFFE7508F
:105B5000E926000EEA22EF50E66EFE0EDB500F0D36
:105B6000F3CFE9FFF4CFEAFF640EE926050EEA223F
:105B7000050EE926000EEA22E552E750EF6E3F0ED1
:105B8000E76EFC0EDBCFE9FFFD0EDBCFEAFFE7504F
:105B9000E926000EEA22EF50E66EFE0EDB500F0DF6
:105BA000F3CFE9FFF4CFEAFF640EE926050EEA22FF
:105BB000060EE926000EEA22E552E750EF6EC0D14C
:105BC000400EE76EFC0EDBCFE9FFFD0EDBCFEAFFF8
:105BD000E750E926000EEA22EF0472E1FE0EDB50E8
:105BE0000F0DF3CFE9FFF4CFEAFF640EE926050EAF
:105BF000EA22040EE926000EEA22030EEF6E410EA1
:105C0000E76EFC0EDBCFE9FFFD0EDBCFEAFFE750CE
:105C1000E926000EEA22EF50E66EFE0EDB500F0D75
:105C2000F3CFE9FFF4CFEAFF640EE926050EEA227E
:105C3000050EE926000EEA22E552E750EF6E420E0D
:105C4000E76EFC0EDBCFE9FFFD0EDBCFEAFFE7508E
:105C5000E926000EEA22EF50E66EFE0EDB500F0D35
:105C6000F3CFE9FFF4CFEAFF640EE926050EEA223E
:105C7000060EE926000EEA22E552E750EF6E450EC9
:105C8000E76EFC0EDBCFE9FFFD0EDBCFEAFFE7504E
:105C9000E926000EEA22EF50E66EFE0EDB500F0DF5
:105CA000F3CFE9FFF4CFEAFF640EE926050EEA22FE
:105CB000070EE926000EEA22E552E750EF6E40D1CA
:105CC000460EE76EFC0EDBCFE9FFFD0EDBCFEAFFF1
:105CD000E750E926000EEA22EF0401E092D0FE0E22
:105CE000DB500F0DF3CFE9FFF4CFEAFF640EE92696
:105CF000050EEA22040EE926000EEA22040EEF6EDB
:105D0000470EE76EFC0EDBCFE9FFFD0EDBCFEAFFAF
:105D1000E750E926000EEA22EF50E66EFE0EDB5059
:105D20000F0DF3CFE9FFF4CFEAFF640EE926050E6D
:105D3000EA22050EE926000EEA22E552E750EF6E50
:105D4000480EE76EFC0EDBCFE9FFFD0EDBCFEAFF6E
:105D5000E750E926000EEA22EF50E66EFE0EDB5019
:105D60000F0DF3CFE9FFF4CFEAFF640EE926050E2D
:105D7000EA22060EE926000EEA22E552E750EF6E0F
:105D8000490EE76EFC0EDBCFE9FFFD0EDBCFEAFF2D
:105D9000E750E926000EEA22EF50E66EFE0EDB50D9
:105DA0000F0DF3CFE9FFF4CFEAFF640EE926050EED
:105DB000EA22070EE926000EEA22E552E750EF6ECE
:105DC0004A0EE76EFC0EDBCFE9FFFD0EDBCFEAFFEC
:105DD000E750E926000EEA22EF50E66EFE0EDB5099
:105DE0000F0DF3CFE9FFF4CFEAFF640EE926050EAD
:105DF000EA22080EE926000EEA22E552E750EF6E8D
:105E00009FD04B0EE76EFC0EDBCFE9FFFD0EDBCF24
:105E1000EAFFE750E926000EEA22EF0432E1FE0E27
:105E2000DB500F0DF3CFE9FFF4CFEAFF640EE92654
:105E3000050EEA22040EE926000EEA22050EEF6E98
:105E40004C0EE76EFC0EDBCFE9FFFD0EDBCFEAFF69
:105E5000E750E926000EEA22EF50E66EFE0EDB5018
:105E60000F0DF3CFE9FFF4CFEAFF640EE926050E2C
:105E7000EA22050EE926000EEA22E552E750EF6E0F
:105E80005FD04D0EE76EFC0EDBCFE9FFFD0EDBCFE2
:105E9000EAFFE750E926000EEA22EF0451E1FE0E88
:105EA000DB500F0DF3CFE9FFF4CFEAFF640EE926D4
:105EB000050EEA22040EE926000EEA22060EEF6E17
:105EC0004E0EE76EFC0EDBCFE9FFFD0EDBCFEAFFE7
:105ED000E750E926000EEA22EF50E66EFE0EDB5098
:105EE0000F0DF3CFE9FFF4CFEAFF640EE926050EAC
:105EF000EA22050EE926000EEA22E552E750EF6E8F
:105F00004F0EE76EFC0EDBCFE9FFFD0EDBCFEAFFA5
:105F1000E750E926000EEA22EF50E66EFE0EDB5057
:105F20000F0DF3CFE9FFF4CFEAFF640EE926050E6B
:105F3000EA22060EE926000EEA22E552E750EF6E4D
:105F4000500EE76EFC0EDBCFE9FFFD0EDBCFEAFF64
:105F5000E750E926000EEA22EF50E66EFE0EDB5017
:105F60000F0DF3CFE9FFF4CFEAFF640EE926050E2B
:105F7000EA22090EE926000EEA22E552E750EF6E0A
:105F8000510EE76EFC0EDBCFE9FFFD0EDBCFEAFF23
:105F9000E750E926000EEA22EF50E66EFE0EDB50D7
:105FA0000F0DF3CFE9FFF4CFEAFF640EE926050EEB
:105FB000EA220A0EE926000EEA22E552E750EF6EC9
:105FC000520EE76EFC0EDBCFE9FFFD0EDBCFEAFFE2
:105FD000E750E926000EEA22EF50E66EFE0EDB5097
:105FE0000F0DF3CFE9FFF4CFEAFF640EE926050EAB
:105FF000EA220B0EE926000EEA22E552E750EF6E88
:10600000530EE76EFC0EDBCFE9FFFD0EDBCFEAFFA0
:10601000E750E926000EEA22EF50E66EFE0EDB5056
:106020000F0DF3CFE9FFF4CFEAFF640EE926050E6A
:10603000EA220C0EE926000EEA22E552E750EF6E46
:10604000FE0EDB500F0DF3CFE9FFF4CFEAFF640E35
:10605000E926050EEA220D0EE926000EEA22EF6A75
:10606000FE0EDB5002016B5D01E16B2B46EC06F08E
:1060700000D0206E050EE15C02E2E16AE552E16EBD
:106080002050E552E7CFD9FF1200D9CFE6FFE1CF8C
:10609000D9FFE652FD0EDBCFE6FFFE0EDBCFE6FFBB
:1060A000F6EC2AF0E552E552FD0EDBCFE9FFFE0EDD
:1060B000DBCFEAFF020EEF6E010EE76EFD0EDBCFC7
:1060C000E9FFFE0EDBCFEAFFE750E926000EEA22E9
:1060D00006C2EFFF030EDF6EDF501B080FE3DF5039
:1060E000E76EFD0EDBCFE9FFFE0EDBCFEAFFE750E8
:1060F000E926000EEA22EF6ADF2AEED7FC0EDB501B
:106100000F0DF3CFE9FFF4CFEAFF640EE926050E89
:10611000EA22040EE926000EEA22EF50060A01E107
:106120002BD2030A01E1F9D1010A01E167D1070A83
:1061300001E1F5D0010A01E1A3D0030A52E0010A0E
:1061400001E069D2030EE76EFD0EDBCFE9FFFE0E24
:10615000DBCFEAFFE750E926000EEA22010EEF6EE0
:10616000FC0EDB500F0DF3CFE9FFF4CFEAFF640E16
:10617000E926050EEA22050EE926000EEA22EF5076
:10618000E66E040EE76EFD0EDBCFE9FFFE0EDBCF01
:10619000EAFFE750E926000EEA22E552E750EF6EEB
:1061A000FC0EDB500F0DF3CFE9FFF4CFEAFF640ED6
:1061B000E926050EEA22060EE926000EEA22EF5035
:1061C000E66E050EE76EFD0EDBCFE9FFFE0EDBCFC0
:1061D000EAFFE750E926000EEA22E552E750EF6EAB
:1061E0001AD2060EE76EFD0EDBCFE9FFFE0EDBCF07
:1061F000EAFFE750E926000EEA22010EEF6EFC0EE0
:10620000DB500F0DF3CFE9FFF4CFEAFF640EE92670
:10621000050EEA22050EE926000EEA22EF50E66E90
:10622000070EE76EFD0EDBCFE9FFFE0EDBCFEAFFC8
:10623000E750E926000EEA22E552E750EF6EFC0E29
:10624000DB500F0DF3CFE9FFF4CFEAFF640EE92630
:10625000050EEA22060EE926000EEA22EF50E66E4F
:10626000080EE76EFD0EDBCFE9FFFE0EDBCFEAFF87
:10627000E750E926000EEA22E552E750EF6ECBD157
:10628000090EE76EFD0EDBCFE9FFFE0EDBCFEAFF66
:10629000E750E926000EEA22010EEF6EFC0EDB50FD
:1062A0000F0DF3CFE9FFF4CFEAFF640EE926050EE8
:1062B000EA22050EE926000EEA22EF50E66E0A0EEB
:1062C000E76EFD0EDBCFE9FFFE0EDBCFEAFFE75006
:1062D000E926000EEA22E552E750EF6EFC0EDB5095
:1062E0000F0DF3CFE9FFF4CFEAFF640EE926050EA8
:1062F000EA22060EE926000EEA22EF50E66E0B0EA9
:10630000E76EFD0EDBCFE9FFFE0EDBCFEAFFE750C5
:10631000E926000EEA22E552E750EF6E7CD10C0E22
:10632000E76EFD0EDBCFE9FFFE0EDBCFEAFFE750A5
:10633000E926000EEA22010EEF6EFC0EDB500F0D77
:10634000F3CFE9FFF4CFEAFF640EE926050EEA2257
:10635000050EE926000EEA22EF50E66E0D0EE76EFE
:10636000FD0EDBCFE9FFFE0EDBCFEAFFE750E926AB
:10637000000EEA22E552E750EF6EFC0EDB500F0DE7
:10638000F3CFE9FFF4CFEAFF640EE926050EEA2217
:10639000060EE926000EEA22EF50E66E0E0EE76EBC
:1063A000FD0EDBCFE9FFFE0EDBCFEAFFE750E9266B
:1063B000000EEA22E552E750EF6EFC0EDB500F0DA7
:1063C000F3CFE9FFF4CFEAFF640EE926050EEA22D7
:1063D000070EE926000EEA22EF50E66E110EE76E78
:1063E000FD0EDBCFE9FFFE0EDBCFEAFFE750E9262B
:1063F000000EEA22E552E750EF6E0DD1120EE76E65
:10640000FD0EDBCFE9FFFE0EDBCFEAFFE750E9260A
:10641000000EEA22010EEF6EFC0EDB500F0DF3CFE3
:10642000E9FFF4CFEAFF640EE926050EEA22050E25
:10643000E926000EEA22EF50E66E130EE76EFD0E1F
:10644000DBCFE9FFFE0EDBCFEAFFE750E926000EC7
:10645000EA22E552E750EF6EFC0EDB500F0DF3CF52
:10646000E9FFF4CFEAFF640EE926050EEA22060EE4
:10647000E926000EEA22EF50E66E140EE76EFD0EDE
:10648000DBCFE9FFFE0EDBCFEAFFE750E926000E87
:10649000EA22E552E750EF6EFC0EDB500F0DF3CF12
:1064A000E9FFF4CFEAFF640EE926050EEA22070EA3
:1064B000E926000EEA22EF50E66E150EE76EFD0E9D
:1064C000DBCFE9FFFE0EDBCFEAFFE750E926000E47
:1064D000EA22E552E750EF6EFC0EDB500F0DF3CFD2
:1064E000E9FFF4CFEAFF640EE926050EEA22080E62
:1064F000E926000EEA22EF50E66E160EE76EFD0E5C
:10650000DBCFE9FFFE0EDBCFEAFFE750E926000E06
:10651000EA22E552E750EF6E7ED0170EE76EFD0ED1
:10652000DBCFE9FFFE0EDBCFEAFFE750E926000EE6
:10653000EA22010EEF6EFC0EDB500F0DF3CFE9FFE8
:10654000F4CFEAFF640EE926050EEA22050EE926DD
:10655000000EEA22EF50E66E180EE76EFD0EDBCF5E
:10656000E9FFFE0EDBCFEAFFE750E926000EEA2244
:10657000E552E750EF6E4FD0190EE76EFD0EDBCF00
:10658000E9FFFE0EDBCFEAFFE750E926000EEA2224
:10659000010EEF6EFC0EDB500F0DF3CFE9FFF4CFD1
:1065A000EAFF640EE926050EEA22050EE926000E32
:1065B000EA22EF50E66E1A0EE76EFD0EDBCFE9FF22
:1065C000FE0EDBCFEAFFE750E926000EEA22E55295
:1065D000E750EF6EFC0EDB500F0DF3CFE9FFF4CF69
:1065E000EAFF640EE926050EEA22060EE926000EF1
:1065F000EA22EF50E66E1B0EE76EFD0EDBCFE9FFE1
:10660000FE0EDBCFEAFFE750E926000EEA22E55254
:10661000E750EF6E00D0E552E552E7CFD9FF120008
:10662000D9CFE6FFE1CFD9FFFE0EDBCF20F0216A04
:1066300020BE2168D00E2102F3CF21F0070E2002E8
:10664000F3502126D00E2002F3CF20F0F450212663
:10665000FC0EEA6ADB34FE0BEA36E96E090EE92627
:10666000020EEA2220C0EEFF21C0EDFFFD0EDBCFBF
:1066700020F0216A20BE2168FC0EEA6ADB34FE0BA2
:10668000EA36E96E110EE926020EEA2220C0EEFF7C
:1066900021C0EDFFE552E7CFD9FF1200D9CFE6FFC9
:1066A000E1CFD9FF1A0EE1264F0E206ED10E216EDA
:1066B000226A20C0E6FF21C0E6FF22C0E6FF080EE6
:1066C000E66E0C0EE66EEDEC69F0236E050EE15EF3
:1066D0002350570EE76EFD0EDBCFE9FFFE0EDBCF3A
:1066E000EAFFE750E926000EEA22EF0401E0CBD0F2
:1066F000010EE76EFD0EDBCFE9FFFE0EDBCFEAFFFA
:10670000E750E926000EEA22EF500201065D0AE199
:10671000FD0EDBCFE6FFFE0EDBCFE6FFC4EC49F05B
:10672000E552E552580EE76EFD0EDBCFE9FFFE0E97
:10673000DBCFEAFFE750E926000EEA22020EEFCF98
:10674000DBFF590EE76EFD0EDBCFE9FFFE0EDBCF60
:10675000EAFFE750E926000EEA22030EEFCFDBFF47
:106760005A0EE76EFD0EDBCFE9FFFE0EDBCFEAFF30
:10677000E750E926000EEA22040EEFCFDBFFDF6AC6
:1067800002016B51DF5C01E37AD0DF500F0DF3CFD4
:10679000E9FFF4CFEAFF640EE926050EEA22EF5086
:1067A00002086BE1DF500F0DF3CFE9FFF4CFEAFFF2
:1067B000640EE926050EEA22090EE926000EEA22F9
:1067C000EF5028085AE1DF500F0DF3CFE9FFF4CF67
:1067D000EAFF640EE926050EEA22010EE926000E04
:1067E000EA22EFCF20F0020EDB50205C46E1DF50C2
:1067F0000F0DF3CFE9FFF4CFEAFF640EE926050E93
:10680000EA22020EE926000EEA22EFCF21F0030E63
:10681000DB50215C32E1DF500F0DF3CFE9FFF4CF05
:10682000EAFF640EE926050EEA22030EE926000EB1
:10683000EA22EFCF22F0040EDB50225C1EE1DFCF14
:10684000E6FFFD0EDBCFE6FFFE0EDBCFE6FF1DDC35
:10685000E552E552E552E66AFD0EDBCFE6FFFE0E9D
:10686000DBCFE6FF1BDFE552E552E552000904E10C
:10687000000EA9EF46F001D000D0DF2A81D7010E2B
:10688000A9EF46F08FD15B0EE76EFD0EDBCFE9FF7F
:10689000FE0EDBCFEAFFE750E926000EEA22EF0406
:1068A00001E0CBD0010EE76EFD0EDBCFE9FFFE0E5F
:1068B000DBCFEAFFE750E926000EEA22EF500201A3
:1068C000065D0AE1FD0EDBCFE6FFFE0EDBCFE6FF45
:1068D000C4EC49F0E552E5525C0EE76EFD0EDBCFED
:1068E000E9FFFE0EDBCFEAFFE750E926000EEA22C1
:1068F000070EEFCFDBFF5D0EE76EFD0EDBCFE9FF8E
:10690000FE0EDBCFEAFFE750E926000EEA22080E72
:10691000EFCFDBFF5E0EE76EFD0EDBCFE9FFFE0E75
:10692000DBCFEAFFE750E926000EEA22090EEFCF9F
:10693000DBFFDF6A02016B51DF5C01E37AD0DF50DD
:106940000F0DF3CFE9FFF4CFEAFF640EE926050E41
:10695000EA22EF506CE1DF500F0DF3CFE9FFF4CFE7
:10696000EAFF640EE926050EEA22090EE926000E6A
:10697000EA22EF5028085BE1DF500F0DF3CFE9FF6B
:10698000F4CFEAFF640EE926050EEA22010EE9269D
:10699000000EEA22EFCF20F0070EDB50205C47E12B
:1069A000DF500F0DF3CFE9FFF4CFEAFF640EE926C5
:1069B000050EEA22020EE926000EEA22EFCF21F0B0
:1069C000080EDB50215C33E1DF500F0DF3CFE9FF00
:1069D000F4CFEAFF640EE926050EEA22030EE9264B
:1069E000000EEA22EFCF22F0090EDB50225C1FE1FD
:1069F000DFCFE6FFFD0EDBCFE6FFFE0EDBCFE6FFCF
:106A000045EC30F0E552E552E552E66AFD0EDBCF8B
:106A1000E6FFFE0EDBCFE6FF41DEE552E552E55232
:106A2000000904E1000EA9EF46F001D000D0DF2AF2
:106A300081D7010EA9EF46F0B5D05F0EE76EFD0ECF
:106A4000DBCFE9FFFE0EDBCFEAFFE750E926000EC1
:106A5000EA22EF0401E0A6D0010EE76EFD0EDBCFC7
:106A6000E9FFFE0EDBCFEAFFE750E926000EEA223F
:106A7000EF500201065D0AE1FD0EDBCFE6FFFE0EE0
:106A8000DBCFE6FFC4EC49F0E552E552600EE76E5D
:106A9000FD0EDBCFE9FFFE0EDBCFEAFFE750E92674
:106AA000000EEA220A0EEFCFDBFF610EE76EFD0E4D
:106AB000DBCFE9FFFE0EDBCFEAFFE750E926000E51
:106AC000EA220B0EEFCFDBFFDF6A02016B51DF5CC6
:106AD00066E2DF500F0DF3CFE9FFF4CFEAFF640E5B
:106AE000E926050EEA22EF0458E1DF500F0DF3CF3F
:106AF000E9FFF4CFEAFF640EE926050EEA22090E4B
:106B0000E926000EEA22EF50280847E1DF500F0D7A
:106B1000F3CFE9FFF4CFEAFF640EE926050EEA227F
:106B2000010EE926000EEA22EFCF20F00A0EDB501C
:106B3000205C33E1DF500F0DF3CFE9FFF4CFEAFF24
:106B4000640EE926050EEA22020EE926000EEA226C
:106B5000EFCF21F00B0EDB50215C1FE1DFCFE6FF12
:106B6000FD0EDBCFE6FFFE0EDBCFE6FF45EC30F09F
:106B7000E552E552E552E66AFD0EDBCFE6FFFE0E7A
:106B8000DBCFE6FF8BDDE552E552E552000904E17B
:106B9000000EA9EF46F001D000D0DF2A96D7010EF3
:106BA000A9EF46F0020EE76EFD0EDBCFE9FFFE0E09
:106BB000DBCFEAFFE750E926000EEA22EF50240A75
:106BC00001E102D1090A01E1B7D00E0A01E179D051
:106BD000260A4EE0010A23E0010EE76EFD0EDBCF30
:106BE000E9FFFE0EDBCFEAFFE750E926000EEA22BE
:106BF000EF500201065D01E12ED1070501E028D129
:106C0000FD0EDBCFE6FFFE0EDBCFE6FFC4EC49F066
:106C1000E552E552FC0EDB0401E01AD111D102016C
:106C2000010EDD6FE76EFD0EDBCFE9FFFE0EDBCF61
:106C3000EAFFE750E926000EEA22EF50065D0AE17E
:106C4000FD0EDBCFE6FFFE0EDBCFE6FFC4EC49F026
:106C5000E552E552FC0EDB0408E1080EE66E0C0E70
:106C6000E66EE0EC47F0E552E552010EA9EF46F082
:106C70000201DD6B010EE76EFD0EDBCFE9FFFE0EBC
:106C8000DBCFEAFFE750E926000EEA22EF50065D6F
:106C90000AE1FD0EDBCFE6FFFE0EDBCFE6FFC4EC24
:106CA00049F0E552E552FC0EDB0408E1080EE66E01
:106CB0000C0EE66EE0EC47F0E552E552010EA9EF4E
:106CC00046F0010EE76EFD0EDBCFE9FFFE0EDBCFD7
:106CD000EAFFE750E926000EEA22EF500201065DC6
:106CE0000DE007050BE1FD0EDBCFE6FFFE0EDBCF6F
:106CF000E6FFC4EC49F0E552E55210D0010EE76E14
:106D0000FD0EDBCFE9FFFE0EDBCFEAFFE750E92601
:106D1000000EEA22EF50065D01E1DD6BFC0EDB04A4
:106D200008E1080EE66E0C0EE66EE0EC47F0E55268
:106D3000E552010EA9EF46F0010EE76EFD0EDBCF26
:106D4000E9FFFE0EDBCFEAFFE750E926000EEA225C
:106D5000EF500201065D0DE007050BE1FD0EDBCFF4
:106D6000E6FFFE0EDBCFE6FFC4EC49F0E552E5524C
:106D700015D0010EE76EFD0EDBCFE9FFFE0EDBCF77
:106D8000EAFFE750E926000EEA22EF50065D06E131
:106D9000010EDD6F59EC00F00201DD6BFC0EDB042F
:106DA00010E1080EE66E0C0EE66EE0EC47F0E552E0
:106DB000E552080EE66E0C0EE66EE0EC47F0E5528A
:106DC000E552010EA9EF46F0010EE76EFD0EDBCF96
:106DD000E9FFFE0EDBCFEAFFE750E926000EEA22CC
:106DE000EF500201065D0DE007050BE1FD0EDBCF64
:106DF000E6FFFE0EDBCFE6FFC4EC49F0E552E552BC
:106E000011D0010EE76EFD0EDBCFE9FFFE0EDBCFEA
:106E1000EAFFE750E926000EEA22EF50065D02E1A4
:106E200072EC01F0FC0EDB0408E1080EE66E0C0EBD
:106E3000E66EE0EC47F0E552E552010EA9EF46F0B0
:106E4000080EE66E0C0EE66EE0EC47F0E552E552F9
:106E5000010EA9EF46F0FD0EDBCFE9FFFE0EDBCF02
:106E6000EAFFEF50020A01E11CD3030A02E09DEFA2
:106E700046F0230EE76EFD0EDBCFE9FFFE0EDBCF03
:106E8000EAFFE750E926000EEA22EF0401E07AD09B
:106E9000240EE76EFD0EDBCFE9FFFE0EDBCFEAFF2F
:106EA000E750E926000EEA22EF5003082FE1010E19
:106EB000666FE66AE66A64EC4CF0E552E552020160
:106EC000030E656F666B080EF36E0C0EF3CFDBFFDF
:106ED0000D0EDB6A65C2E6FF0C0EDBCFE6FF0D0E82
:106EE000DBCFE6FFCAEC03F0E552E552E552FC0EBB
:106EF000DB0408E1080EE66E0C0EE66EE0EC47F0EF
:106F0000E552E552010EA9EF46F03CD0240EE76EA3
:106F1000FD0EDBCFE9FFFE0EDBCFEAFFE750E926EF
:106F2000000EEA22EF50060828E1010E666F060EF9
:106F3000656F666B080EF36E0C0EF3CFDBFF0D0E64
:106F4000DB6A65C2E6FF0C0EDBCFE6FF0D0EDBCF82
:106F5000E6FFCAEC03F0E552E552E552FC0EDB0415
:106F600008E1080EE66E0C0EE66EE0EC47F0E55226
:106F7000E552010EA9EF46F005D0050E726F000E26
:106F8000A9EF46F0250EE76EFD0EDBCFE9FFFE0E02
:106F9000DBCFEAFFE750E926000EEA22EF0401E02A
:106FA00030D1270EE76EFD0EDBCFE9FFFE0EDBCF03
:106FB000EAFFE750E926000EEA22EF500B0810E046
:106FC000270EE76EFD0EDBCFE9FFFE0EDBCFEAFFFB
:106FD000E750E926000EEA22EF500E0801E00BD13F
:106FE000260EE76EFD0EDBCFE9FFFE0EDBCFEAFFDC
:106FF000E750E926000EEA22EFCF20F0205C01E204
:10700000F3D0260EE76EFD0EDBCFE9FFFE0EDBCFE1
:10701000EAFFE750E926000EEA22EF50030801E2FA
:10702000E3D00201010E666F260EE76EFD0EDBCF88
:10703000E9FFFE0EDBCFEAFFE750E926000EEA2269
:10704000EF50030A01E191D0010A61E0030A31E047
:10705000010A01E0B8D0270EE76EFD0EDBCFE9FF95
:10706000FE0EDBCFEAFFE750E926000EEA22EF50E2
:10707000E8B09582E8A09592120EF36E0C0EF3CF55
:10708000DBFF0D0EDB6A9550020B01E0010EE66E90
:107090000C0EDBCFE6FF0D0EDBCFE6FFCAEC03F0F4
:1070A000E552E552E55295B203D00201010EAC6FF4
:1070B0008AD0270EE76EFD0EDBCFE9FFFE0EDBCF99
:1070C000EAFFE750E926000EEA22EF50E8B0958487
:1070D000E8A09594130EF36E0C0EF3CFDBFF0D0EAC
:1070E000DB6A9550040B01E0010EE66E0C0EDBCF5F
:1070F000E6FF0D0EDBCFE6FFCAEC03F0E552E552EA
:10710000E55295B403D00201010EAD6F5CD0270E9D
:10711000E76EFD0EDBCFE9FFFE0EDBCFEAFFE750A7
:10712000E926000EEA22EF50E8B09586E8A0959691
:10713000140EF36E0C0EF3CFDBFF0D0EDB6A9550D1
:10714000080B01E0010EE66E0C0EDBCFE6FF0D0E24
:10715000DBCFE6FFCAEC03F0E552E552E55295B607
:1071600003D00201010EAE6F2ED0270EE76EFD0E8A
:10717000DBCFE9FFFE0EDBCFEAFFE750E926000E8A
:10718000EA22EF50E8B09488E8A09498150EF36EC8
:107190000C0EF3CFDBFF0D0EDB6A9450100B01E0F9
:1071A000010EE66E0C0EDBCFE6FF0D0EDBCFE6FF29
:1071B000CAEC03F0E552E552E55294B803D002015F
:1071C000010EAF6F00D00201666BFC0EDB0408E11C
:1071D000080EE66E0C0EE66EE0EC47F0E552E55266
:1071E000010EA9EF46F006D00201060E726F000EE6
:1071F000A9EF46F006D00201070E726F000EA9EF4C
:1072000046F02B0EE76EFD0EDBCFE9FFFE0EDBCF67
:10721000EAFFE750E926000EEA22EF0401E0A9D0D8
:10722000520EE76EFD0EDBCF20F0FE0EDBCF21F01D
:10723000E7502026000E212220C0E6FF21C0E6FFF5
:107240008FEC69F0E552E552120EF3CFDBFFDF6AF7
:1072500002016B51DF5C6CE2140EDB6ADF500F0D34
:10726000F3CF22F0F4CF23F0640E2226050E232262
:107270000B0E2226000E232222C0E6FF23C0E6FFCB
:107280008FEC69F0E552E552F3CF20F0F4CF21F016
:10729000120EDB50246E256A2450201802E125507E
:1072A000211801E043D0130EDB6A120EDB50F36E9F
:1072B000130EDBCFF4FFF350F45C2FE2130EDB5020
:1072C000520FE76EFD0EDBCFE9FFFE0EDBCFEAFFCC
:1072D000E750E926000EEA22EFCF20F0DF500F0D35
:1072E000F3CF21F0F4CF22F0640E2126050E2222E6
:1072F000130EDB500B0F0F012124E96E000E22202C
:10730000EA6EEF50205C06E0010EF36E140EF3CF30
:10731000DBFF03D0130EDB2AC8D7140EDB5006E1C7
:107320000201140E726F000EA9EF46F0DF2A90D70B
:10733000FD0EDBCFE6FFFE0EDBCFE6FF6BC2E6FF06
:107340005BEC2BF0E552E552E55201080FE1FC0E33
:10735000DB0408E1080EE66E0C0EE66EE0EC47F08A
:10736000E552E552010EA9EF46F003D0000EA9EF59
:1073700046F0550EE76EFD0EDBCFE9FFFE0EDBCFCC
:10738000EAFFE750E926000EEA22EF0401E087D089
:10739000560EE76EFD0EDBCFE9FFFE0EDBCFEAFFF8
:1073A000E750E926000EEA22EFCF20F002016B51F0
:1073B000205C70E26B07560EE76EFD0EDBCFE9FF37
:1073C000FE0EDBCFEAFFE750E926000EEA22EF507F
:1073D0006B5D11E146EC06F0FC0EDB0408E1080EE3
:1073E000E66E0C0EE66EE0EC47F0E552E552010E5B
:1073F000A9EF46F04ED06B51000826E2560EE76E1C
:10740000FD0EDBCFE9FFFE0EDBCFEAFFE750E926FA
:10741000000EEA22EF50E66E13EC2BF0E552010865
:107420000FE1FC0EDB0408E1080EE66E0C0EE66EC2
:10743000E0EC47F0E552E552010EA9EF46F003D02B
:10744000000EA9EF46F025D0110EF36E0C0EF3CF0F
:10745000DBFF0D0EDB6A6B6B100EDB6ADBCFE6FF2A
:107460000C0EDBCFE6FF0D0EDBCFE6FFCAEC03F020
:10747000E552E552E552FC0EDB0408E1080EE66E2B
:107480000C0EE66EE0EC47F0E552E552010EA9EF76
:1074900046F005D0150E726F000EA9EF46F0A9EF69
:1074A00046F0030EE76EFD0EDBCFE9FFFE0EDBCFED
:1074B000EAFFE750E926000EEA22EF0401E0CBD014
:1074C000040EE76EFD0EDBCFE9FFFE0EDBCFEAFF19
:1074D000E750E926000EEA22EF5005E19550020B35
:1074E00002E0B06BB6D0040EE76EFD0EDBCFE9FF15
:1074F000FE0EDBCFEAFFE750E926000EEA22EF049A
:1075000005E19550040B02E0B16BA3D0040EE76EC9
:10751000FD0EDBCFE9FFFE0EDBCFEAFFE750E926E9
:10752000000EEA22EF50020805E19550080B02E038
:10753000B26B8FD0040EE76EFD0EDBCFE9FFFE0EBF
:10754000DBCFEAFFE750E926000EEA22EF500308FE
:1075500005E19450100B02E0B36B7BD0040EE76E94
:10756000FD0EDBCFE9FFFE0EDBCFEAFFE750E92699
:10757000000EEA22EFCF20F0205C66E3040EE76EF7
:10758000FD0EDBCFE9FFFE0EDBCFEAFFE750E92679
:10759000000EEA22EF50030857E3050EE76EFD0EDA
:1075A000DBCFE9FFFE0EDBCFEAFFE750E926000E56
:1075B000EA22EF500EE0050EE76EFD0EDBCFE9FF8D
:1075C000FE0EDBCFEAFFE750E926000EEA22EF04C9
:1075D00035E1010E666F050EE76EFD0EDBCFE9FFAC
:1075E000FE0EDBCFEAFFE750E926000EEA22EF505D
:1075F000E66E040EE76EFD0EDBCFE9FFFE0EDBCF7D
:10760000EAFFE750E926000EEA22EF50EA6AAC0FE3
:10761000E96E020EEA22E552E750EF6E666BFC0E51
:10762000DB0408E1080EE66E0C0EE66EE0EC47F0B7
:10763000E552E552010EA9EF46F005D0090E726F32
:10764000000EA9EF46F005D0060E726F000EA9EFEE
:1076500046F09CEF46F0060EE76EFD0EDBCFE9FF2D
:10766000FE0EDBCFEAFFE750E926000EEA22EF0428
:1076700001E086D0070EE76EFD0EDBCFE9FFFE0EC0
:10768000DBCFEAFFE750E926000EEA22EFCF20F039
:10769000205C6FE3070EE76EFD0EDBCFE9FFFE0E09
:1076A000DBCFEAFFE750E926000EEA22EF500F0891
:1076B00060E3080EE76EFD0EDBCFE9FFFE0EDBCFC9
:1076C000EAFFE750E926000EEA22EF5000084BE2FD
:1076D000080EE76EFD0EDBCFE9FFFE0EDBCFEAFF03
:1076E000E750E926000EEA22EF50206E216A21348D
:1076F00004E22050FF08000E215435E3010E666FAE
:10770000080EE76EFD0EDBCFE9FFFE0EDBCFEAFFD2
:10771000E750E926000EEA22EF50E66E070EE76E0C
:10772000FD0EDBCFE9FFFE0EDBCFEAFFE750E926D7
:10773000000EEA22EF50EA6ABC0FE96E020EEA225E
:10774000E552E750EF6E666BFC0EDB0408E1080EB5
:10775000E66E0C0EE66EE0EC47F0E552E552010EE7
:10776000A9EF46F005D0170E726F000EA9EF46F094
:1077700005D0160E726F000EA9EF46F09CEF46F092
:10778000090EE76EFD0EDBCFE9FFFE0EDBCFEAFF51
:10779000E750E926000EEA22EF0401E081D00A0E4C
:1077A000E76EFD0EDBCFE9FFFE0EDBCFEAFFE75011
:1077B000E926000EEA22EFCF20F0205C6AE30A0EF1
:1077C000E76EFD0EDBCFE9FFFE0EDBCFEAFFE750F1
:1077D000E926000EEA22EF5005085BE30B0EE76E88
:1077E000FD0EDBCFE9FFFE0EDBCFEAFFE750E92617
:1077F000000EEA22EF500EE00B0EE76EFD0EDBCF1F
:10780000E9FFFE0EDBCFEAFFE750E926000EEA2291
:10781000EF0439E1010E666F0B0EE76EFD0EDBCF54
:10782000E9FFFE0EDBCFEAFFE750E926000EEA2271
:10783000EF5002E0000E01D0010EE66E0A0EE76E78
:10784000FD0EDBCFE9FFFE0EDBCFEAFFE750E926B6
:10785000000EEA22EF50EA6A000FE96E020EEA22F9
:10786000E552E750EF6E666BFC0EDB0408E1080E94
:10787000E66E0C0EE66EE0EC47F0E552E552010EC6
:10788000A9EF46F005D00A0E726F000EA9EF46F080
:1078900005D00B0E726F000EA9EF46F09CEF46F07C
:1078A0000C0EE76EFD0EDBCFE9FFFE0EDBCFEAFF2D
:1078B000E750E926000EEA22EF0401E0DCD0110EC9
:1078C000E76EFD0EDBCFE9FFFE0EDBCFEAFFE750F0
:1078D000E926000EEA22EF50280810E0110EE76EAC
:1078E000FD0EDBCFE9FFFE0EDBCFEAFFE750E92616
:1078F000000EEA22EF50290801E0B6D00D0EE76E27
:10790000FD0EDBCF20F0FE0EDBCF21F0E75020266E
:10791000000E212220C0E6FF21C0E6FF8FEC69F0B7
:10792000E552E552120EF3CFDBFFDF6A02016B5125
:10793000DF5C01E393D0140EDB6ADF500F0DF3CF51
:1079400022F0F4CF23F0640E2226050E23220B0E24
:107950002226000E232222C0E6FF23C0E6FF8FEC82
:1079600069F0E552E552F3CF20F0F4CF21F0120E8A
:10797000DB50246E256A2450201802E1255021187E
:1079800001E06AD0130EDB6A120EDB50F36E130EA9
:10799000DBCFF4FFF350F45C2FE2130EDB500D0F3E
:1079A000E76EFD0EDBCFE9FFFE0EDBCFEAFFE7500F
:1079B000E926000EEA22EFCF20F0DF500F0DF3CFC3
:1079C00021F0F4CF22F0640E2126050E2222130EA0
:1079D000DB500B0F0F012124E96E000E2220EA6E0E
:1079E000EF50205C06E0010EF36E140EF3CFDBFFC8
:1079F00003D0130EDB2AC8D7140EDB502DE1110E75
:107A0000E76EFD0EDBCFE9FFFE0EDBCFEAFFE750AE
:107A1000E926000EEA22EF50E66EDF500F0DF3CF9D
:107A2000E9FFF4CFEAFF640EE926050EEA22090E0B
:107A3000E926000EEA22E552E750EF6EFC0EDB0469
:107A400008E1080EE66E0C0EE66EE0EC47F0E5523B
:107A5000E552010EA9EF46F0DF2A68D71A0E726FC1
:107A6000000EA9EF46F005D0190E726F000EA9EFB7
:107A700046F09CEF46F0120EE76EFD0EDBCFE9FFFD
:107A8000FE0EDBCFEAFFE750E926000EEA22EF0404
:107A900001E0DCD2030E655D05E10F0E726F000E92
:107AA000A9EF46F0130EE76EFD0EDBCFE9FFFE0EE9
:107AB000DBCFEAFFE750E926000EEA22EFCF20F005
:107AC000205C01E2BCD2130EE76EFD0EDBCFE9FFB6
:107AD000FE0EDBCFEAFFE750E926000EEA22EF5068
:107AE0001F0801E2ACD2140EE76EFD0EDBCFE9FFFA
:107AF000FE0EDBCFEAFFE750E926000EEA22EFCFC9
:107B000020F0205C0FE3140EE76EFD0EDBCFE9FFE3
:107B1000FE0EDBCFEAFFE750E926000EEA22EF5027
:107B20000F081FE2140EE76EFD0EDBCFE9FFFE0E1D
:107B3000DBCFEAFFE750E926000EEA22EF50FF080C
:107B400010E0140EE76EFD0EDBCFE9FFFE0EDBCF7B
:107B5000EAFFE750E926000EEA22EF50EE0801E0C6
:107B600002D2150EE76EFD0EDBCFE9FFFE0EDBCF76
:107B7000EAFFE750E926000EEA22EF50130810E072
:107B8000150EE76EFD0EDBCFE9FFFE0EDBCFEAFF41
:107B9000E750E926000EEA22EF50140801E0E3D195
:107BA000160EE76EFD0EDBCFE9FFFE0EDBCFEAFF20
:107BB000E750E926000EEA22EFCF21F0215C0FE327
:107BC000160EE76EFD0EDBCFE9FFFE0EDBCFEAFF00
:107BD000E750E926000EEA22EF5064081FE2160E75
:107BE000E76EFD0EDBCFE9FFFE0EDBCFEAFFE750CD
:107BF000E926000EEA22EF50FF0810E0160EE76EAD
:107C0000FD0EDBCFE9FFFE0EDBCFEAFFE750E926F2
:107C1000000EEA22EF50EE0801E0A5D1010E666FDA
:107C2000140EE76EFD0EDBCFE9FFFE0EDBCFEAFFA1
:107C3000E750E926000EEA22EF50FF0804E1160E95
:107C40008CC2DBFF22D0140EE76EFD0EDBCFE9FF06
:107C5000FE0EDBCFEAFFE750E926000EEA22EF50E6
:107C6000EE0804E1160E8EC2DBFF0FD0140EE76E95
:107C7000FD0EDBCFE9FFFE0EDBCFEAFFE750E92682
:107C8000000EEA22160EEFCFDBFFE76EFD0EDBCF14
:107C9000E9FFFE0EDBCFEAFFE750E926000EEA22FD
:107CA000EF50FF0804E1170E8CC2DBFF22D0160E46
:107CB000E76EFD0EDBCFE9FFFE0EDBCFEAFFE750FC
:107CC000E926000EEA22EF50EE0804E1170E8EC2FC
:107CD000DBFF0FD0160EE76EFD0EDBCFE9FFFE0EC9
:107CE000DBCFEAFFE750E926000EEA22170EEFCFBE
:107CF000DBFFDBCF20F0203406E3170EDB50FF0D57
:107D0000170EF3CFDBFF130EE76EFD0EDBCFE9FF9F
:107D1000FE0EDBCFEAFFE750E926000EEA22EFCFA6
:107D200020F0110E205C01E2ADD0180EDB6A040ECB
:107D3000F36E180EDBCFF4FFF350F45C01E3A1D037
:107D4000010EF36E180EDB5004E0D890F336E8060F
:107D5000FCE1F350216E130EE76EFD0EDBCFE9FF61
:107D6000FE0EDBCFEAFFE750E926000EEA22EF50D5
:107D70000F0B2114206E010EF36E180EDB5004E081
:107D8000D890F336E806FCE1F350205C3EE1180E93
:107D9000DBCFE6FF170EDBCFE6FF160EDBCFE6FFED
:107DA00010EC33F0E552E552E552150EE76EFD0E8C
:107DB000DBCFE9FFFE0EDBCFEAFFE750E926000E3E
:107DC000EA22EF50140820E1180EEA6ADB34FE0BB9
:107DD000EA36E96E090EE926020EEA22EECF20F01D
:107DE000EFCF21F0206C211E000E2122180EEA6A2E
:107DF000DB34FE0BEA36E96E090EE926020EEA22B2
:107E000020C0EEFF21C0EDFF39D0180EDBCFE6FF1A
:107E1000E66AE66A10EC33F0E552E552E552150EDB
:107E2000E76EFD0EDBCFE9FFFE0EDBCFEAFFE7508A
:107E3000E926000EEA22EF50140820E1180EEA6A43
:107E4000DB34FE0BEA36E96E090EE926020EEA2261
:107E5000EECF20F0EFCF21F0206C211E000E21226A
:107E6000180EEA6ADB34FE0BEA36E96E090EE926E3
:107E7000020EEA2220C0EEFF21C0EDFF180EDB2A21
:107E800056D760D0130EE76EFD0EDBCFE9FFFE0E76
:107E9000DBCFEAFFE750E926000EEA22EF500308A5
:107EA0004CE3130EE76EFD0EDBCFE9FFFE0EDBCFDA
:107EB000EAFFE750E926000EEA22180EEFCFDBFFBB
:107EC000DBCFE6FF170EDBCFE6FF160EDBCFE6FFBC
:107ED00010EC33F0E552E552E552150EE76EFD0E5B
:107EE000DBCFE9FFFE0EDBCFEAFFE750E926000E0D
:107EF000EA22EF50140820E1180EEA6ADB34FE0B88
:107F0000EA36E96E090EE926020EEA22EECF20F0EB
:107F1000EFCF21F0206C211E000E2122180EEA6AFC
:107F2000DB34FE0BEA36E96E090EE926020EEA2280
:107F300020C0EEFF21C0EDFF05D00E0E726F000EC7
:107F4000A9EF46F00201666BFC0EDB0408E1080EA7
:107F5000E66E0C0EE66EE0EC47F0E552E552010EDF
:107F6000A9EF46F06BD0140EE76EFD0EDBCFE9FFF4
:107F7000FE0EDBCFEAFFE750E926000EEA22EFCF44
:107F800020F0205C0FE3140EE76EFD0EDBCFE9FF5F
:107F9000FE0EDBCFEAFFE750E926000EEA22EF50A3
:107FA0000F0805E20C0E726F000EA9EF46F0150ED9
:107FB000E76EFD0EDBCFE9FFFE0EDBCFEAFFE750F9
:107FC000E926000EEA22EF50130814E0150EE76EC2
:107FD000FD0EDBCFE9FFFE0EDBCFEAFFE750E9261F
:107FE000000EEA22EF50140805E00D0E726F000E2D
:107FF000A9EF46F0160EE76EFD0EDBCFE9FFFE0E91
:10800000DBCFEAFFE750E926000EEA22EFCF20F0AF
:10801000205C0FE3160EE76EFD0EDBCFE9FFFE0ED0
:10802000DBCFEAFFE750E926000EEA22EF506408B2
:1080300005E2180E726F000EA9EF46F005D00E0E85
:10804000726F000EA9EF46F09CEF46F0170EE76E38
:10805000FD0EDBCFE9FFFE0EDBCFEAFFE750E9269E
:10806000000EEA22EF0401E0C6D0180EE76EFD0E06
:10807000DBCFE9FFFE0EDBCFEAFFE750E926000E7B
:10808000EA22EF502B081FE0180EE76EFD0EDBCF43
:10809000E9FFFE0EDBCFEAFFE750E926000EEA22F9
:1080A000EF502E0810E0180EE76EFD0EDBCFE9FF53
:1080B000FE0EDBCFEAFFE750E926000EEA22EF5082
:1080C0002C0801E091D0180EE76EFD0EDBCFE9FF22
:1080D000FE0EDBCFEAFFE750E926000EEA22EF5062
:1080E0002C081DE1190EDB6A0F0EF36E190EDBCFA3
:1080F000F4FFF350F45C13E2190EDB50EA6ABC0F94
:10810000E96E020EEA22EF6A190EDB50EA6ACB0F23
:10811000E96E020EEA22EF6A190EDB2AE5D7180E85
:10812000E76EFD0EDBCFE9FFFE0EDBCFEAFFE75087
:10813000E926000EEA22EFCFA7F2DF6A02016B51B7
:10814000DF5C43E2180EE76EFD0EDBCFE9FFFE0EAB
:10815000DBCFEAFFE750E926000EEA22EF502C08B9
:1081600022E0DF500F0DF3CFE9FFF4CFEAFF640EFA
:10817000E926050EEA220A0EE926000EEA22EF5051
:10818000E66EDF500F0DF3CFE9FFF4CFEAFF640E88
:10819000E926050EEA22090EE926000EEA22E5523A
:1081A000E750EF6E10D0DF500F0DF3CFE9FFF4CFA3
:1081B000EAFF640EE926050EEA22090EE926000E02
:1081C000EA22280EEF6EDF2AB9D7FC0EDB0408E1A5
:1081D000080EE66E0C0EE66EE0EC47F0E552E55256
:1081E000010EA9EF46F005D0080E726F000EA9EF40
:1081F00046F09CEF46F0190EE76EFD0EDBCFE9FF6F
:10820000FE0EDBCFEAFFE750E926000EEA22EF047C
:108210003CE1060E655D05E10F0E726F000EA9EFE1
:1082200046F0010E666F1B0EE76EFD0EDBCFE9FF19
:10823000FE0EDBCFEAFFE750E926000EEA22EF5000
:10824000E66E1A0EE76EFD0EDBCFE9FFFE0EDBCF0A
:10825000EAFFE750E926000EEA22EF50E66E64ECF2
:108260004CF0E552E5520201666BFC0EDB0408E1BE
:10827000080EE66E0C0EE66EE0EC47F0E552E552B5
:10828000010EA9EF46F09CEF46F0200EE76EFD0EC2
:10829000DBCFE9FFFE0EDBCFEAFFE750E926000E59
:1082A000EA22EF0401E0FAD04F0E206ED10E216ECB
:1082B000226A20C0E6FF21C0E6FF22C0E6FF080ECA
:1082C000E66E0C0EE66EEDEC69F0236E050EE15ED7
:1082D0002350FC0EDB0408E1080EE66E0C0EE66E81
:1082E000E0EC47F0E552E552DF6A02016B51DF5CDA
:1082F00001E3AFD0DF500F0DF3CFE9FFF4CFEAFF7A
:10830000640EE926050EEA22090EE926000EEA228D
:10831000EF5028082BE1DF500F0DF3CF20F0F4CF02
:1083200021F0640E2026050E21220B0E2026000EC1
:10833000212220C0E6FF21C0E6FFDFCFE6FFE66A8C
:10834000750E226ECE0E236E246A22C0E6FF23C075
:10835000E6FF24C0E6FF080EE66E0C0EE66EEDECBE
:1083600069F0256E090EE15E255066D0DF500F0DD5
:10837000F3CFE9FFF4CFEAFF640EE926050EEA2207
:10838000090EE926000EEA22EF5029082BE1DF5002
:108390000F0DF3CF20F0F4CF21F0640E2026050E50
:1083A00021220B0E2026000E212220C0E6FF21C034
:1083B000E6FFDFCFE6FFE66A6B0E226ECE0E236E7F
:1083C000246A22C0E6FF23C0E6FF24C0E6FF080EB1
:1083D000E66E0C0EE66EEDEC69F0256E090EE15EC0
:1083E00025502AD0DF500F0DF3CF20F0F4CF21F02D
:1083F000640E2026050E21220B0E2026000E2122BF
:1084000020C0E6FF21C0E6FFDFCFE6FFE66A570E99
:10841000226ECE0E236E246A22C0E6FF23C0E6FF42
:1084200024C0E6FF080EE66E0C0EE66EEDEC69F079
:10843000256E090EE15E2550FC0EDB0408E1080EF6
:10844000E66E0C0EE66EE0EC47F0E552E552DF2AF0
:108450004CD74F0E206ED10E216E226A20C0E6FF4F
:1084600021C0E6FF22C0E6FF080EE66E0C0EE66EA7
:10847000EDEC69F0236E050EE15E2350FC0EDB048B
:1084800008E1080EE66E0C0EE66EE0EC47F0E552F1
:10849000E552010EA9EF46F09CEF46F0210EE76E83
:1084A000FD0EDBCFE9FFFE0EDBCFEAFFE750E9264A
:1084B000000EEA22EF0401E00FD1DF6A02016B51E6
:1084C000DF5C01E306D14F0E206ED10E216E226AD1
:1084D00020C0E6FF21C0E6FF22C0E6FF080EE66EE0
:1084E0000C0EE66EEDEC69F0236E050EE15E235096
:1084F000150EDB6A010EDB6A0F0EF36E010EDBCF89
:10850000F4FFF350F45C01E3BCD0DF500F0DF3CF68
:1085100020F0F4CF21F0640E2026050E2122010E5A
:10852000DB500F012024E96E000E2120EA6EEF508F
:10853000E66EE66A010EDBCFE6FFE66ADFCFE6FF16
:10854000E66A080EE66E0C0EE66E4A0E226ECE0E3F
:10855000236E246A22C0E6FF23C0E6FF24C0E6FFA4
:10856000080EE66E0C0EE66EEDEC69F0256E0D0E53
:10857000E15E2550DF500F0DF3CF21F0F4CF22F054
:10858000640E2126050E2222010EDB500F0121244C
:10859000E96E000E2220EA6EEFCF20F0200E205C64
:1085A00041E3DF500F0DF3CF23F0F4CF24F0640E3E
:1085B0002326050E2422010EDB502324E96E000E33
:1085C0002420EA6EEF507F082DE3DF500F0DF3CF2C
:1085D00020F0F4CF21F0640E2026050E2122010E9A
:1085E000DB502024E96E000E2120EA6EEF50E66E8B
:1085F000E66A080EE66E0C0EE66E430E226ECE0E96
:10860000236E246A22C0E6FF23C0E6FF24C0E6FFF3
:10861000080EE66E0C0EE66EEDEC69F0256E090EA6
:10862000E15E2550150EDB2A050EF36E150EDBCF2D
:10863000F4FFF350F45C22E3FC0EDB0408E1080EC7
:10864000E66E0C0EE66EE0EC47F0E552E552150ED4
:10865000DB6A4F0E206ED10E216E226A20C0E6FF2B
:1086600021C0E6FF22C0E6FF080EE66E0C0EE66EA5
:10867000EDEC69F0236E050EE15E2350010EDB2A5E
:108680003BD7150EDB50000822E2FC0EDB0408E1AC
:10869000080EE66E0C0EE66EE0EC47F0E552E55291
:1086A000150EDB6A4F0E206ED10E216E226A20C09D
:1086B000E6FF21C0E6FF22C0E6FF080EE66E0C0EC4
:1086C000E66EEDEC69F0236E050EE15E2350DF2AC5
:1086D000F5D6010E3ED330D31F0EE76EFD0EDBCF75
:1086E000E9FFFE0EDBCFEAFFE750E926000EEA22A3
:1086F000EF0408E1FC0EDB0402E12FEC04F0010EB4
:1087000028D31AD31C0EE76EFD0EDBCFE9FFFE0E59
:10871000DBCFEAFFE750E926000EEA22EF0401E092
:108720005ED1FC0EDB0401E057D195B219D0AC51FB
:10873000E66EE66A310E206ECE0E216E226A20C0F1
:10874000E6FF21C0E6FF22C0E6FF080EE66E0C0E33
:10875000E66EEDEC69F0236E070EE15E23501BD050
:10876000B051E66EE66AAC51E66EE66A170E206E10
:10877000CE0E216E226A20C0E6FF21C0E6FF22C095
:10878000E6FF080EE66E0C0EE66EEDEC69F0236E69
:10879000090EE15E2350080EE66E0C0EE66EE0EC6C
:1087A00047F0E552E55295B41AD00201AD51E66E9C
:1087B000E66A050E206ECE0E216E226A20C0E6FF0C
:1087C00021C0E6FF22C0E6FF080EE66E0C0EE66E44
:1087D000EDEC69F0236E070EE15E23501CD0020120
:1087E000B151E66EE66AAD51E66EE66AEB0E206EBA
:1087F000CD0E216E226A20C0E6FF21C0E6FF22C016
:10880000E6FF080EE66E0C0EE66EEDEC69F0236EE8
:10881000090EE15E2350080EE66E0C0EE66ED0DB0C
:10882000E552E55295B61AD00201AE51E66EE66AFF
:10883000D90E206ECD0E216E226A20C0E6FF21C027
:10884000E6FF22C0E6FF080EE66E0C0EE66EEDECCB
:1088500069F0236E070EE15E23501CD00201B25175
:10886000E66EE66AAE51E66EE66ABF0E206ECD0E8B
:10887000216E226A20C0E6FF21C0E6FF22C0E6FF8B
:10888000080EE66E0C0EE66EEDEC69F0236E090E36
:10889000E15E2350080EE66E0C0EE66E91DBE552AB
:1088A000E55294B81AD00201AF51E66EE66AAD0EF9
:1088B000206ECD0E216E226A20C0E6FF21C0E6FFA9
:1088C00022C0E6FF080EE66E0C0EE66EEDEC69F0D7
:1088D000236E070EE15E23501CD00201B351E66EF9
:1088E000E66AAF51E66EE66A930E206ECD0E216EFB
:1088F000226A20C0E6FF21C0E6FF22C0E6FF080E84
:10890000E66E0C0EE66EEDEC69F0236E090EE15E8C
:108910002350080EE66E0C0EE66E52DBE552E55271
:108920008CC2E6FF8DC2E6FF850E206ECD0E216E55
:10893000226A20C0E6FF21C0E6FF22C0E6FF080E43
:10894000E66E0C0EE66EEDEC69F0236E070EE15E4E
:108950002350080EE66E0C0EE66E32DBE552E55251
:108960008EC2E6FF8FC2E6FF770E206ECD0E216E1F
:10897000226A20C0E6FF21C0E6FF22C0E6FF080E03
:10898000E66E0C0EE66EEDEC69F0236E070EE15E0E
:108990002350080EE66E0C0EE66E12DBE552E55231
:1089A0004F0E206ED10E216E226A20C0E6FF21C03C
:1089B000E6FF22C0E6FF080EE66E0C0EE66EEDEC5A
:1089C00069F0236E050EE15E2350080EE66E0C0E74
:1089D000E66EF6DAE552E552010EBBD1ADD11D0EC1
:1089E000E76EFD0EDBCFE9FFFE0EDBCFEAFFE750BF
:1089F000E926000EEA22EF0475E1050EDB6A060E99
:108A0000F36E050EDBCFF4FFF350F45C49E2050E84
:108A1000DB50EA6A000FE96E020EEA22EF501AE11B
:108A2000050EDBCFE6FFE66A6E0E206ECD0E216EE0
:108A3000226A20C0E6FF21C0E6FF22C0E6FF080E42
:108A4000E66E0C0EE66EEDEC69F0236E070EE15E4D
:108A5000235019D0050EDBCFE6FFE66A650E206EC7
:108A6000CD0E216E226A20C0E6FF21C0E6FF22C0A3
:108A7000E6FF080EE66E0C0EE66EEDEC69F0236E76
:108A8000070EE15E2350FC0EDB0407E1080EE66EE4
:108A90000C0EE66E95DAE552E552050EDB2AAFD7ED
:108AA0004F0E206ED10E216E226A20C0E6FF21C03B
:108AB000E6FF22C0E6FF080EE66E0C0EE66EEDEC59
:108AC00069F0236E050EE15E2350FC0EDB0407E126
:108AD000080EE66E0C0EE66E73DAE552E552010EF4
:108AE00038D12AD11E0EE76EFD0EDBCFE9FFFE0E58
:108AF000DBCFEAFFE750E926000EEA22EF0401E0AF
:108B00001BD1050EDB6A040EF36E050EDBCFF4FFFE
:108B1000F350F45C01E3EFD0F90E206ECE0E216E1F
:108B2000226A20C0E6FF21C0E6FF22C0E6FFDE0E7B
:108B3000E66E020EE66EEDEC69F0236E050EE15E68
:108B40002350F00E206ECE0E216E226A20C0E6FF6A
:108B500021C0E6FF22C0E6FFE80EE66E020EE66EDA
:108B6000EDEC69F0236E050EE15E2350050EEA6A16
:108B7000DB34FE0BEA36E96E090EE926020EEA2224
:108B8000EECF20F0EFCF21F0213404E22050000896
:108B9000000E215450E2050EDB50EA6A840FE96EA4
:108BA000020EEA22EF5005E1E80E206E020E216E61
:108BB00004D0DE0E206E020E216E20C0E6FF21C022
:108BC000E6FF050EEA6ADB34FE0BEA36E96E090EB3
:108BD000E926020EEA22EECF22F0EFCF23F0D00EEC
:108BE0000D6E070E0E6E22C008F023C009F0EAECED
:108BF00068F008C022F009C023F022C0E6FF23C0BD
:108C0000E6FF050EDBCFE6FFE66A4B0E246ECD0EC7
:108C1000256E266A24C0E6FF25C0E6FF26C0E6FFD3
:108C2000080EE66E0C0EE66EEDEC69F0276E0B0E8C
:108C3000E15E275053D0050EDB50EA6A840FE96EDF
:108C4000020EEA22EF5005E1E80E206E020E216EC0
:108C500004D0DE0E206E020E216E20C0E6FF21C081
:108C6000E6FF050EEA6ADB34FE0BEA36E96E090E12
:108C7000E926020EEA22EECF22F0EFCF23F0226C9B
:108C8000231E000E2322D00E0D6E070E0E6E22C084
:108C900008F023C009F0EAEC68F008C022F009C02F
:108CA00023F022C0E6FF23C0E6FF050EDBCFE6FF80
:108CB000E66A310E246ECD0E256E266A24C0E6FFCC
:108CC00025C0E6FF26C0E6FF080EE66E0C0EE66E37
:108CD000EDEC69F0276E0B0EE15E2750FC0EDB0415
:108CE00007E1080EE66E0C0EE66E6AD9E552E55213
:108CF000050EDB2A08D74F0E206ED10E216E226A98
:108D000020C0E6FF21C0E6FF22C0E6FF080EE66EA7
:108D10000C0EE66EEDEC69F0236E050EE15E23505D
:108D2000FC0EDB0407E1080EE66E0C0EE66E48D979
:108D3000E552E552010E0DD00CD0FC0EDB0407E12C
:108D4000080EE66E0C0EE66E3BD9E552E552010EBA
:108D500000D0206E1A0EE15C02E2E16AE552E16E9B
:108D60002050E552E7CFD9FF1200D9CFE6FFE1CF7F
:108D7000D9FF030EE1260201075101E13DD0DF6A70
:108D80007F0EDF5C09E2DF50EA6A000FE96E030E36
:108D9000EA22EF6ADF2AF4D7B00E946EAC98AC8466
:108DA000AB8EAB88B886440EF36E010EF3CFDBFFBB
:108DB000020EDB6A010EDBCF20F0020EDBCF21F0CA
:108DC00021C020F0216A2050B06EFF0EE76E010E28
:108DD000DBCF20F0020EDBCF21F0E7502016216A16
:108DE0002050AF6EAC8A0201686B696B9D8A9D98BA
:108DF0009F989F8AA580A582030EE15C02E2E16A4A
:108E0000E552E16EE552E7CFD9FF1200D9CFE6FF78
:108E1000E1CFD9FFE6520201075101E12ED0000156
:108E20007429DF6EDF50206E216AD890215004E64D
:108E3000800E205C000E215801E3DF6A7551DF5C73
:108E400004E1762B000E772318D07451EA6A7F0F65
:108E5000E96E030EEA22FE0EDBCFEFFFDFCF74F0E8
:108E60009D887451EA6A7F0FE96E030EEA22FE0EB6
:108E7000DBCFEFFFDFCF74F09D88E552E552E7CFFF
:108E8000D9FF1200D9CFE6FFE1CFD9FFE6520201A8
:108E9000075101E190D06851695D01E18AD06951C3
:108EA000EA6A000FE96E030EEA22EFCFDFFF695195
:108EB000692BEA6A000FE96E030EEA22EF6A7F0E61
:108EC000695D01E3696B0D0EDF5C56E0FB0EDBCFE5
:108ED000E9FFFC0EDBCFEAFFEFCF20F0216A20BED6
:108EE0002168D890215004E6C70E205C000E21585E
:108EF00043E27F0EDF5C1EE1FB0EDBCFE9FFFC0EE1
:108F0000DBCFEAFFEF06FB0EDBCFE9FFFC0EDBCF8A
:108F1000EAFFEFCF20F0203408E3FB0EDBCFE9FFC0
:108F2000FC0EDBCFEAFFEF6A04D0DFCFE6FF6EDF97
:108F3000E55221D0DFCFE6FFF9EC06F0E552E66E10
:108F4000FB0EDBCFE9FFFC0EDBCFEAFFEF50EF2A91
:108F5000206E216A20BE2168FD0EDB502024E96EC0
:108F6000FE0EDB502120EA6EE552E750EF6EDFCFB8
:108F7000E6FF4CDFE5521FD0FB0EDBCFE9FFFC0E16
:108F8000DBCFEAFFEFCF20F0216A20BE2168FD0E83
:108F9000DB502024E96EFE0EDB502120EA6EEF6AE2
:108FA000FB0EDBCFE9FFFC0EDBCFEAFFEF6A010E21
:108FB00002D0000E00D0E552E552E7CFD9FF1200F3
:108FC000D9CFE6FFE1CFD9FF020107051BE1FD0E76
:108FD000DBCFE6FFFE0EDBCFE6FF0651E66EE66A6C
:108FE0001E0E206ECD0E216E226A20C0E6FF21C02B
:108FF000E6FF22C0E6FF92EC6AF0236E070EE15E08
:1090000023503AD0FD0EDBCFE6FFFE0EDBCFE6FFAE
:109010008FEC69F0E552E552F3CF20F0F4CF21F068
:10902000213404E220500008000E215425E2FD0EF8
:10903000DBCFE6FFFE0EDBCFE6FF02010651E66E58
:10904000E66A100E206ECD0E216E226A20C0E6FF69
:1090500021C0E6FF22C0E6FF92EC6AF0236E070E05
:10906000E15E23500201070507E14F0EE66ED10EC7
:10907000E66EA6DFE552E55204D8E552E7CFD9FF08
:109080001200E66A22D8E5521200D9CFE6FFE1CFFE
:10909000D9FF020EE126DE6ADD6ADECF20F0DDCFE9
:1090A00021F0F40E205C010E215805E2DF2A010EAA
:1090B00001E3DB2AF2D7020EE15C02E2E16AE5524B
:1090C000E16EE552E7CFD9FF1200D9CFE6FFE1CF3D
:1090D000D9FF110EE1260201070508E16A5105E1F9
:1090E000FE0EDBCFE6FF92DEE55239D1360E6C5D27
:1090F0000AE26C516C2BEA6A620FE96E040EEA22F6
:10910000FE0EDBCFEFFF360E6C5D04E0FE0EDB5093
:1091100001E025D1080EF36E0F0EF3CFDBFF100E2A
:10912000DB6A000E06C2DFFF010EDB6A020EDB6A9D
:10913000030EDB6A0D0EDB6A080EF36E0D0EDBCF3D
:10914000F4FFF350F45C12E2D950040F206EDACF32
:1091500021F00D0EDB500F012024E96E000E2120BE
:10916000EA6ECC0EEF6E0D0EDB2AE6D7100EDBCFCB
:10917000E6FF0F0EDBCFE6FFD950040FE66E000EC0
:10918000DA20E66ED9CFE9FFDACFEAFFEECFE6FFCD
:10919000EECFE6FFEECFE6FFEFCFE6FF9AEC62F010
:1091A000206E080EE15E2050000901E1DFD76DDF7F
:1091B0000E0EDB6A0C0EDB6A360EF36E0C0EDBCF86
:1091C000F4FFF350F45C01E38AD00D0EDB6A080E65
:1091D000F36E0D0EDBCFF4FFF350F45C59E20201A5
:1091E0006C51F36E0C0EDBCFF4FFF350F45C30E205
:1091F0000C0EDBCFF3FFDB2AF350EA6A620FE96E55
:10920000040EEA22EF50E66ED950040F206EDACF3A
:1092100021F00D0EDB500F012024E96E000E2120FD
:10922000EA6EE552E750EF6ED950040F206EDACFA8
:1092300021F00D0EDB502024E96E000E2120EA6E95
:10924000EF5005E1010EF36E0E0EF3CFDBFF1DD0E4
:10925000D950040F206EDACF21F00D0EDB500F0134
:109260002024E96E000E2120EA6EEF6A360EF36EBE
:109270000C0EDBCFF4FFF350F45C02E20C0EDB2AA1
:10928000010EF36E0E0EF3CFDBFF0D0EDB2A9FD720
:10929000100EDBCFE6FF0F0EDBCFE6FFD950040F39
:1092A000E66E000EDA20E66ED9CFE9FFDACFEAFFEC
:1092B000EECFE6FFEECFE6FFEECFE6FFEFCFE6FF25
:1092C0009AEC62F0206E080EE15E2050000901E188
:1092D000DFD7DBDE0E0EDB0401E101D06DD702012A
:1092E0006C6B0D0EDB6A080EF36E0D0EDBCFF4FF18
:1092F000F350F45C12E2D950040F206EDACF21F063
:109300000D0EDB500F012024E96E000E2120EA6EC5
:10931000DD0EEF6E0D0EDB2AE6D7100EDBCFE6FF7B
:109320000F0EDBCFE6FFD950040FE66E000EDA20F9
:10933000E66ED9CFE9FFDACFEAFFEECFE6FFEECF58
:10934000E6FFEECFE6FFEFCFE6FF9AEC62F0206E8D
:10935000080EE15E2050000901E1DFD796DEFE0E27
:10936000DBCF20F0216A20BE216820C0F3FF21C09E
:10937000F4FF110EE15C03E200D0E16AE552E16E18
:10938000E552E7CFD9FF1200D9CFE6FFE1CFD9FFF1
:10939000110EE126FD0EDBCFE6FFFE0EDBCFE6FF72
:1093A0001FEC2AF0E552E552E76E100EE7CFDBFF27
:1093B000080EF36E0E0EF3CFDBFF0F0EDB6A0C0E02
:1093C000DB6A000E06C2DFFF010EDB6A020EDB6AFB
:1093D000030EDB6A0D0EDB6A080EF36E0D0EDBCF9B
:1093E000F4FFF350F45C12E2D950040F206EDACF90
:1093F00021F00D0EDB500F012024E96E000E21201C
:10940000EA6EEE0EEF6E0D0EDB2AE6D73EDE0F0E95
:10941000DBCFE6FF0E0EDBCFE6FFD950040FE66E82
:10942000000EDA20E66ED9CFE9FFDACFEAFFEECF01
:10943000E6FFEECFE6FFEECFE6FFEFCFE6FF9AECDA
:1094400062F0206E080EE15E2050000901E1DFD7D6
:109450001CDE100EDB50F36E0C0EDBCFF4FFF3506E
:10946000F45C73E20D0EDB6A080EF36E0D0EDBCFBB
:10947000F4FFF350F45C46E2100EDB50F36E0C0E7A
:10948000DBCFF4FFF350F45C2CE20C0EDBCFF3FFE8
:10949000DB2AF350E76EFD0EDBCFE9FFFE0EDBCFDC
:1094A000EAFFE750E926000EEA22EF50E66ED950B7
:1094B000040F206EDACF21F00D0EDB500F012024B7
:1094C000E96E000E2120EA6EE552E750EF6E500E75
:1094D000F36E0C0EDBCFF4FFF350F45C01E37BD0B2
:1094E0000ED0D950040F206EDACF21F00D0EDB50D4
:1094F0000F012024E96E000E2120EA6EEF6A0D0EA6
:10950000DB2AB2D70F0EDBCFE6FF0E0EDBCFE6FF76
:10951000D950040FE66E000EDA20E66ED9CFE9FFCF
:10952000DACFEAFFEECFE6FFEECFE6FFEECFE6FFC3
:10953000EFCFE6FF9AEC62F0206E080EE15E20505D
:10954000000901E1DFD7A1DD84D70D0EDB6A080E2B
:10955000F36E0D0EDBCFF4FFF350F45C11E2D95043
:10956000040F206EDACF21F00D0EDB500F01202406
:10957000E96E000E2120EA6EEF680D0EDB2AE7D7B8
:109580000F0EDBCFE6FF0E0EDBCFE6FFD950040F48
:10959000E66E000EDA20E66ED9CFE9FFDACFEAFFF9
:1095A000EECFE6FFEECFE6FFEECFE6FFEFCFE6FF32
:1095B0009AEC62F0206E080EE15E2050000901E195
:1095C000DFD7FD0EDBCFE6FFFE0EDBCFE6FF82EC42
:1095D00029F0E552E552110EE15C02E2E16AE55242
:1095E000E16EE552E7CFD9FF1200D9CFE6FFE1CF18
:1095F000D9FF080EE126DF6A010EDB6A020EDB6A84
:10960000030EDB6A4F0E206ED10E216E226A20C03F
:10961000E6FF21C0E6FF22C0E6FF080EE66E0C0E54
:10962000E66EEDEC69F0236E050EE15E235002015B
:109630006D516E5D01E13AD16E51EA6AB20FE96E89
:10964000040EEA22EF50EE0802E1DF2A01D0DF6AC1
:109650006E51EA6AB20FE96E040EEA22EF50FF087B
:1096600003E1020EDB2A02D0020EDB6A6E51EA6AC7
:10967000B20FE96E040EEA22EF50CC0803E1010EAE
:10968000DB2A02D0010EDB6A6E51EA6AB20FE96E84
:10969000040EEA22EF50DD0803E1030EDB2A02D0BC
:1096A000030EDB6A080EDF5C11E1010E6F6FDF6AEB
:1096B0006E29706F500EE76E7019E8AE02D0E73475
:1096C00002D0E750705D01E3706BE9D0010EDB5012
:1096D000080812E1020E6F6F010EDB6A6E29716FCE
:1096E000500EE76E7119E8AE02D0E73402D0E750B1
:1096F000715D01E3716BD3D0020EDB5008086AE1A3
:109700006F0568E1070E6E5DE76E040EE7CFDBFFC5
:10971000DBCF20F020340AE3500E206E040EDBCFA6
:10972000E7FF2050E726040EE7CFDBFF060E70C2EE
:10973000DBFF070EDB6A040EDB50F36E060EDB5018
:10974000F35C34E0060EDBCFF3FFDB2AF350EA6A6A
:10975000B20FE96E040EEA22EF50E66E070EDBCF81
:10976000F3FFDB2AF350E76EFD0EDBCFE9FFFE0EC1
:10977000DBCFEAFFE750E926000EEA22E552E75088
:10978000EF6E500EF36E060EDBCFF4FFF350F45C79
:1097900002E3060EDB6A620EF36E070EDBCFF4FF08
:1097A000F350F45C02E3000E83D0C5D70201030E30
:1097B0006F6F6E2B500E6E5D01E36E6BFD0EDBCF97
:1097C000E6FFFE0EDBCFE6FF82EC29F0E552E55224
:1097D0006FD065D0030EDB50080861E1020E6F5DAB
:1097E0005EE1070E6E5DE76E050EE7CFDBFFDBCFB8
:1097F00020F020340AE3500E206E050EDBCFE7FF89
:109800002050E726050EE7CFDBFF060E71C2DBFF17
:10981000050EDB50F36E060EDB50F35C2BE002010D
:1098200007051BE1060EDB50EA6AB20FE96E040E73
:10983000EA22EF50E66EE66A0D0E206ECD0E216E26
:10984000226A20C0E6FF21C0E6FF22C0E6FF92ECBC
:109850006AF0236E050EE15E2350060EDB2A500EE1
:10986000F36E060EDBCFF4FFF350F45C02E3060E5A
:10987000DB6ACED70201070508E1080EE66E0C0E82
:10988000E66EE0EC47F0E552E5520201030E6F6F21
:109890006E2B500E6E5D01E36E6B000E09D002015F
:1098A0006E2B500E6E5D01E36E6BC1D6000E00D0C4
:1098B000206E080EE15C02E2E16AE552E16E2050A2
:1098C000E552E7CFD9FF1200D9CFE6FFE1CFD9FFAC
:1098D000030EE126FD0EDBCFE6FFFE0EDB50E55268
:1098E000E718E76E020EE7CFDBFF010EDB6ADF6AE7
:1098F000150EDF5C0EE2010EDBCFF3FFDB2AF35027
:10990000EA6A320FE96E020EEA22010EEF6EDF2ADA
:10991000EFD7010EDBCFF3FFDB2AF350EA6A320FF9
:10992000E96E020EEA22EF6ADF6A080EDF5C1FE2D0
:10993000070ED880DF54206EFE0EDB5020C0E7FFFC
:10994000E75204E0E8427F0BE706FCE1010BE66E1C
:10995000010EDBCFF3FFDB2AF350EA6A320FE96E28
:10996000020EEA22E552E750EF6EDF2ADED7010E43
:10997000DBCFF3FFDB2AF350EA6A320FE96E020E07
:10998000EA22EF6ADF6A080EDF5C1FE2070ED8806A
:10999000DF54206EFD0EDB5020C0E7FFE75204E0ED
:1099A000E8427F0BE706FCE1010BE66E010EDBCF20
:1099B000F3FFDB2AF350EA6A320FE96E020EEA2265
:1099C000E552E750EF6EDF2ADED7010EDBCFF3FF63
:1099D000DB2AF350EA6A320FE96E020EEA22EF6ADE
:1099E000DF6A080EDF5C1FE2070ED880DF54206EAE
:1099F000020EDB5020C0E7FFE75204E0E8427F0B95
:109A0000E706FCE1010BE66E010EDBCFF3FFDB2A7C
:109A1000F350EA6A320FE96E020EEA22E552E7508D
:109A2000EF6EDF2ADED7010EDBCFF3FFDB2AF35028
:109A3000EA6A320FE96E020EEA22010EEF6EDBCF08
:109A4000F3FFDB2AF350EA6A320FE96E020EEA22D4
:109A5000010EEF6E030EE15C02E2E16AE552E16E97
:109A6000E552E7CFD9FF1200D9CFE6FFE1CFD9FF0A
:109A7000020EE126FD0EDB50040DF3CF20F0FE0EAA
:109A8000DB50E8242024DF6EDF508D6E020EE15C97
:109A900002E2E16AE552E16EE552E7CFD9FF12003A
:109AA000E66AE66AE1DFE552E5521200010EE66E73
:109AB000E66EDADFE552E552E66A010EE66ED4DFC5
:109AC000E552E5521200E66AE66ACEDFE552E5525B
:109AD000E66A010EE66EC8DFE552E552010EE66E5B
:109AE000E66EC2DFE552E5521200E66AE66ABCDFC6
:109AF000E552E552E66A010EE66EB6DFE552E55242
:109B00001200D9CFE6FFE1CFD9FF020EE126DF6ACE
:109B1000080EDF5C29E2FE0EDB50DF5206E0DFCFED
:109B2000F3FFE8327F0BF306FCE1010B02E0010ECC
:109B300001D0000EE76E010EE7CFDBFFDBCFE6FFC3
:109B4000E66A92DFE552E552010EDBCFE6FFE66EF4
:109B50008BDFE552E552010EDBCFE6FFE66A84DFDC
:109B6000E552E552DF2AD4D7206E020EE15C02E214
:109B7000E16AE552E16E2050E552E7CFD9FF1200CD
:109B800050EF4DF0D9CFE6FFE1CFD9FF120EE1261D
:109B9000FD0EDBCFE6FFFE0EDBCFE6FF090E206EEB
:109BA000CD0E216E226A20C0E6FF21C0E6FF22C052
:109BB000E6FFD9CFE6FFDACFE6FFEDEC69F0236EE2
:109BC000070EE15E2350FB0EDBCFE6FFFC0EDBCF82
:109BD000E6FF090E206ECD0E216E226A20C0E6FF40
:109BE00021C0E6FF22C0E6FFD950040FE66E000E4A
:109BF000DA20E66EEDEC69F0236E070EE15E23508D
:109C0000D9CFE6FFDACFE6FFD950040FE66E000E9B
:109C1000DA20E66E040E206ECD0E216E226A20C080
:109C2000E6FF21C0E6FF22C0E6FFD950080FE66E2E
:109C3000000EDA20E66EEDEC69F0236E090EE15EAF
:109C40002350050EF36E100EF3CFDBFFDBCF20F0B9
:109C5000203457E2D950080F206EDACF21F0100ED1
:109C6000DBCF22F0236A22BE236820502224E96E33
:109C700021502320EA6EEF50200805E16BC0E6FF7B
:109C800040DFE5523AD0D950080F206EDACF21F0EC
:109C9000100EDBCF22F0236A22BE2368205022243C
:109CA000E96E21502320EA6EEF502D0805E16AC0CD
:109CB000E6FF27DFE55221D0D950080F206EDACF1A
:109CC00021F0100EDBCF22F0236A22BE2368205041
:109CD0002224E96E21502320EA6EEF50D00FE76E68
:109CE000110EE7CFDBFFDB50EA6A600FE96E000E72
:109CF000EA22EF50E66E05DFE552F7DE100EDB06D6
:109D0000A5D7120EE15C02E2E16AE552E16EE5528E
:109D1000E7CFD9FF1200D9CFE6FFE1CFD9FFC6DEEA
:109D2000400EE66EEEDEE552E0DECDDEBFDEC00EBA
:109D3000E66EE7DEE552D9DEFB0EDBCFE6FFFC0E7A
:109D4000DBCFE6FFFD0EDBCFE6FFFE0EDBCFE6FF4F
:109D500019DFE552E552E552E552B5DEE552E7CFAF
:109D6000D9FF1200D9CFE6FFE1CFD9FF0201010EE2
:109D7000666F9CDEFE0EDB50870FE66EC2DEE5529C
:109D8000B4DEA1DE0201666BE552E7CFD9FF120017
:109D9000D9CFE6FFE1CFD9FF050EE1260201DD05AF
:109DA00017E100016C6B6D6B6E6B6F6B706B716BA1
:109DB000726B736BDF6A060EDF5C0AE2DF50EA6AE1
:109DC000000FE96E020EEA22010EEF6EDF2AF3D7D2
:109DD00000016D51800DF3CF21F06E51400DF3CF96
:109DE00020F06C39F00B20242124E76E010EE7CF20
:109DF000DBFF02010551200DF3CF21F00439F00BF8
:109E0000206E0351E824022520242124E76E020E4F
:109E1000E7CFDBFF9450100B03E1AF39F00B01D01B
:109E2000000E226E00017251080DF3CF21F0715126
:109E3000040DF3CF20F07051E8246F252024212455
:109E40002224E76E030EE7CFDBFF02010151800DF4
:109E5000F3CF23F00051400DF3CF22F09550080BC3
:109E600004E1AE51080DF35001D0000E216E955063
:109E7000040B04E1AD51040DF35001D0000E206E2F
:109E80009550020B03E1AC51E82401D0000E000113
:109E900073252024212422242324E76E040EE7CFF7
:109EA000DBFF010EDB50896E020EDB508A6E030E63
:109EB000DB508B6E040EDB508C6E050EE15C02E213
:109EC000E16AE552E16EE552E7CFD9FF1200DACF41
:109ED000E4FFE2CFDAFFE9CFE4FFEACFE4FFF6CF19
:109EE000E4FFF7CFE4FFF5CFE4FFF3CFE4FFF4CFD7
:109EF000E4FFFACFE4FF00EE00F0140EE80403E301
:109F0000EECFE4FFFBD700EE20F0080EE80403E3F9
:109F1000EECFE4FFFBD7E652D9CFE6FFE1CFD9FF82
:109F2000060EE126A450010B03E1A450020B2CE025
:109F3000D950010FE66E000EDA20E66ED9CFE6FFAB
:109F4000DACFE6FF02016D51296AB20F286E040EC6
:109F5000292228C0E6FF29C0E6FFD950020FE66E8D
:109F6000000EDA20E66E9FEC63F02A6E080EE15ECA
:109F70002A50000909E0DF5002016D27500E6D5D87
:109F800002E3500E6D5FD4D70201075101E10FD0FB
:109F90009EAA0DD06851682BEA6A000FE96E030E85
:109FA000EA22AECFEFFF7F0E685D01E3686B060E1D
:109FB000E15C02E2E16AE552E16EE552E7CFD9FFEA
:109FC000E55200EE27F0080EE80403E3E5CFEDFFCD
:109FD000FBD700EE13F0140EE80403E3E5CFEDFF2A
:109FE000FBD7E5CFFAFFE5CFF4FFE5CFF3FFE5CFF1
:109FF000F5FFE5CFF7FFE5CFF6FFE5CFEAFFE5CFC9
:10A00000E9FFE5CFDAFF1100D8CFE4FFE0CFE4FFAE
:10A01000E46EDACFE4FFE2CFDAFFE9CFE4FFEACF84
:10A02000E4FFF6CFE4FFF7CFE4FFF5CFE4FFF3CF93
:10A03000E4FFF4CFE4FFFACFE4FF00EE00F0140EEB
:10A04000E80403E3EECFE4FFFBD700EE20F0080EB8
:10A05000E80403E3EECFE4FFFBD7E652D9CFE6FFF7
:10A06000E1CFD9FF070EE1269D50100B1EE09E5058
:10A07000100B1BE000017551745D16E07551752BD6
:10A08000EA6A7F0FE96E030EEA22EF50AD6E75515A
:10A09000146E156AD890155004E6800E145C000EFC
:10A0A000155801E3756B01D09D980201665102E0DD
:10A0B0009BEF57F0A02BA05101E062D1A12B110E14
:10A0C000C26EC282C2B2FED7C450E66ED950050F2E
:10A0D000E96EDACFEAFFE552E750EE6EED6A050E63
:10A0E000DBCF16F0060EDBCF17F016C017F0166A9E
:10A0F000C35000011624146E000E1720156E050EB5
:10A1000014C0DBFF060E15C0DBFF050EDBCF08F029
:10A11000060EDBCF09F00850020194270950952361
:10A12000150EC26EC282C2B2FED7C450E66ED950BE
:10A13000050FE96EDACFEAFFE552E750EE6EED6A01
:10A14000050EDBCF16F0060EDBCF17F016C017F0AA
:10A15000166AC35000011624146E000E1720156EE7
:10A16000050E14C0DBFF060E15C0DBFF050EDBCFAE
:10A1700008F0060EDBCF09F00850020196270950BF
:10A180009723140EE76EA119E8AE02D0E73402D08F
:10A19000E750A15D01E2F4D0A16B0A0E0D6E0E6ACC
:10A1A00094C208F095C209F07CEC6BF008C094F200
:10A1B00009C095F20A0E0D6E0E6A96C208F097C29B
:10A1C00009F07CEC6BF008C096F209C097F202012E
:10A1D000A20530E19851945D9951955904E294C2D9
:10A1E00098F295C299F29C51965D9D51975904E25F
:10A1F00096C29CF297C29DF294519A5D95519B59DB
:10A2000004E294C29AF295C29BF296519E5D9751D8
:10A210009F5904E296C29EF297C29FF298519A5DAE
:10A22000A36F99519B59A46F9C519E5DA56F9D5141
:10A230009F59A66FA3C21CF0A4C21DF01E6A1F6A1C
:10A240001DAE02D01E681F689851945D186E95511E
:10A250009955196E1A6A1B6A1F0E0B6E0C6A0D6AED
:10A260000E6A18C006F019C007F01AC008F01BC02B
:10A2700009F020EC6BF002C018F003C019F004C024
:10A280001AF005C01BF018C006F019C007F01AC07C
:10A2900008F01BC009F01CC00BF01DC00CF01EC064
:10A2A0000DF01FC00EF058EC6BF006C014F007C0A4
:10A2B00015F008C016F009C017F00F0E145E000E5E
:10A2C000155A165A175A14C08CF215C08DF2A5C231
:10A2D00018F0A6C219F01A6A1B6A19AE02D01A68E1
:10A2E0001B6802019C51965D146E97519D55156E29
:10A2F000166A176A650E0B6E0C6A0D6A0E6A14C038
:10A3000006F015C007F016C008F017C009F020ECE1
:10A310006BF002C014F003C015F004C016F005C0C5
:10A3200017F014C006F015C007F016C008F017C0EB
:10A3300009F018C00BF019C00CF01AC00DF01BC0CA
:10A340000EF058EC6BF006C08EF207C08FF20201DF
:10A350008D3504E28C510F08000E8D5503E20F0E6F
:10A360008C6F8D6B8F3504E28E516408000E8F5513
:10A3700003E2640E8E6F8F6B946B956B966B976B8D
:10A380009550020B1CE08350020B01E0010EAC5D06
:10A3900016E0B42B000EB523640ED880B455000E21
:10A3A000B5550CE28350020B01E0010EAC6FAC0519
:10A3B00001E1B02B010EA86FB46BB56B02D0B46B8A
:10A3C000B56B9550040B1CE08350040B01E0010EAB
:10A3D000AD5D16E0B62B000EB723640ED880B655DF
:10A3E000000EB7550CE28350040B01E0010EAD6F77
:10A3F000AD0501E1B12B010EA96FB66BB76B02D0B1
:10A40000B66BB76B8350080B01E0010EAE5D02E145
:10A41000000E01D0010E146E9550080B01E0010EE4
:10A42000141416E0B82B000EB923640ED880B8556A
:10A43000000EB9550CE28350080B01E0010EAE6F1F
:10A44000AE0501E1B22B010EAA6FB86BB96B02D059
:10A45000B86BB96B8250100B01E0010EAF5D02E1E9
:10A46000000E01D0010E146E9450100B01E0010E8D
:10A47000141416E0BA2B000EBB23640ED880BA5514
:10A48000000EBB550CE28250100B01E0010EAF6FC5
:10A49000AF0501E1B32B010EAB6FBA6BBB6B02D002
:10A4A000BA6BBB6BDD5102E099EF57F0DB07000E92
:10A4B000DC5BDB51DC1128E1DB690F0EDC6FDA516C
:10A4C000EA6ABC0FE96E020EEA22EF50000817E2BA
:10A4D000DA51EA6ABC0FE96E020EEA22EF06DA519F
:10A4E000EA6ABC0FE96E020EEA22EF5008E1DA5187
:10A4F000EA6ACB0FE96E020EEA22010EEF6EDA2B4A
:10A50000DA510F0801E2DA6B6729676F67510308B8
:10A5100001E2676B060E655D01E066D2082B08510B
:10A520000F0802E2010E086F6751E96EEA6AD890DF
:10A53000E936EA36210EE926020EEA22EECF14F0C1
:10A54000EFCF15F06751E96EEA6AD890E936EA363E
:10A55000090EE926020EEA22EECF16F0EFCF17F031
:10A560001650141802E11750151801E1A4D16751D3
:10A57000E96EEA6AD890E936EA36190EE926020E43
:10A58000EA22EE06000EEF5A6751E96EEA6AD890A9
:10A59000E936EA36190EE926020EEA22EECF14F069
:10A5A000EFCF15F0153404E214500008000E1554D6
:10A5B00001E2E6D06751E96EEA6AD890E936EA36F8
:10A5C000110EE926020EEA22EECF14F0EFCF15F0BD
:10A5D0006751E96EEA6AD890E936EA36190EE9263B
:10A5E000020EEA2214C0EEFF15C0EDFF6751E96EBE
:10A5F000EA6AD890E936EA36210EE926020EEA2206
:10A60000EECF14F0EFCF15F06751E96EEA6AD890FB
:10A61000E936EA36090EE926020EEA22EECF16F0F6
:10A62000EFCF17F017501518E8AE02D0153404D04C
:10A630001450165C1550175852E26751E96EEA6AD9
:10A64000D890E936EA36210EE926020EEA22320EC9
:10A65000EE5E000EED5A6751E96EEA6AD890E9366F
:10A66000EA36210EE926020EEA22EECF14F0EFCFF1
:10A6700015F06751E96EEA6AD890E936EA36090EB4
:10A68000E926020EEA22EECF16F0EFCF17F01550B2
:10A690001718E8AE02D0173404D01650145C1750C7
:10A6A00015581CE26751E96EEA6AD890E936EA3635
:10A6B000090EE926020EEA22EECF14F0EFCF15F0D4
:10A6C0006751E96EEA6AD890E936EA36210EE92642
:10A6D000020EEA2214C0EEFF15C0EDFF51D0675103
:10A6E000E96EEA6AD890E936EA36210EE926020ECA
:10A6F000EA22320EEE26000EED226751E96EEA6A7A
:10A70000D890E936EA36210EE926020EEA22EECF8B
:10A7100014F0EFCF15F06751E96EEA6AD890E93688
:10A72000EA36090EE926020EEA22EECF16F0EFCF46
:10A7300017F017501518E8AE02D0153404D0145095
:10A74000165C155017581CE26751E96EEA6AD890FA
:10A75000E936EA36090EE926020EEA22EECF14F0B7
:10A76000EFCF15F06751E96EEA6AD890E936EA361C
:10A77000210EE926020EEA2214C0EEFF15C0EDFFFD
:10A780006751E96EEA6AD890E936EA36210EE92681
:10A79000020EEA22EECF14F0EFCF15F0153404E2EA
:10A7A00014500008000E15542EE26751E96EEA6A53
:10A7B000D890E936EA36210EE926020EEA22EECFDB
:10A7C00014F0EFCF15F0D00E0D6E070E0E6E14C004
:10A7D00008F015C009F0EAEC68F008C014F009C0F0
:10A7E00015F002016751EA6A290FE96E020EEA22AA
:10A7F00014C0EFFF6751EA6A2D0FE96E020EEA22DC
:10A80000020EEF6E58D06751E96EEA6AD890E936C9
:10A81000EA36210EE926020EEA22EECF14F0EFCF3F
:10A8200015F00001800E151433E002016751E96E46
:10A83000EA6AD890E936EA36210EE926020EEA22C3
:10A84000EECF14F0EFCF15F0146C151E000E15228C
:10A85000D00E0D6E070E0E6E14C008F015C009F074
:10A86000EAEC68F008C014F009C015F00201675165
:10A87000EA6A290FE96E020EEA2214C0EFFF67515F
:10A88000EA6A2D0FE96E020EEA22010EEF6E13D076
:10A8900002016751EA6A2D0FE96E020EEA22EF50BB
:10A8A00002E0000E01D0010E6751EA6A290FE96E3D
:10A8B000020EEA22EF6A6751EA6A290FE96E020E78
:10A8C000EA22EFCF14F00851145C72E36751EA6A90
:10A8D0002D0FE96E020EEA22EF041EE16751030A12
:10A8E00016E0010A0FE0030A08E0010A01E014D0B3
:10A8F0000001010E6C6F6D6B0FD00001010E6E6FC9
:10A900006F6B0AD00001010E706F716B05D00001F2
:10A91000010E726F736B00D002016751EA6A2D0F4E
:10A92000E96E020EEA22EF5002081EE16751030AA7
:10A9300016E0010A0FE0030A08E0010A01E014D062
:10A9400000016C6B010E6D6F0FD000016E6B010E7C
:10A950006F6F0AD00001706B010E716F05D000019E
:10A96000726B010E736F00D002016751EA6A2D0FFE
:10A97000E96E020EEA22EF501AE16751030A13E072
:10A98000010A0DE0030A07E0010A01E010D000010E
:10A990006C6B6D6B0CD000016E6B6F6B08D000019F
:10A9A000706B716B04D00001726B736B00D01AD0A6
:10A9B0006751030A13E0010A0DE0030A07E0010AE8
:10A9C00001E010D000016C6B6D6B0CD000016E6B60
:10A9D0006F6B08D00001706B716B04D00001726B5B
:10A9E000736B00D0C8EC4EF0030E0201655D01E010
:10A9F00077D0645175E1DF6A320EDF5C49E2DF50E7
:10AA0000EA6A320FE96E020EEA22EF5006E1300EDA
:10AA1000F36E020EF3CFDBFF05D0120EF36E020EC3
:10AA2000F3CFDBFF00016C6B6E6B706B726B010E12
:10AA30006D6F6F6F716F736FC8EC4EF0010EDB6A54
:10AA4000020EDB50F36E010EDBCFF4FFF350F45C2B
:10AA500003E2010EDB2AF4D700016D6B6F6B716BA3
:10AA6000736B010E6C6F6E6F706F726FC8EC4EF08F
:10AA7000010EDB6A020EDB50F36E010EDBCFF4FF3A
:10AA8000F350F45C03E2010EDB2AF4D7DF2AB4D7DB
:10AA900000016C6B010E6D6F6E6B6F6F706B716F81
:10AAA000726B736FC8EC4EF0010EDB6A020EDB5066
:10AAB000F36E010EDBCFF4FFF350F45C03E2010E02
:10AAC000DB2AF4D7DF6A320EDF5C0AE2DF50EA6A83
:10AAD000320FE96E020EEA22010EEF6EDF2AF3D783
:10AAE00002016407643502E3040E646FC8EC4EF0A3
:10AAF00002016751030A10E0010A0BE0030A06E0B5
:10AB0000010A01E00CD0010EC26E09D0050EC26E22
:10AB100006D0090EC26E03D00D0EC26E00D08305A2
:10AB200001E0A5D0C282C2B2FED7050EDB6A060ED6
:10AB3000DB6AC450E66ED950050FE96EDACFEAFF42
:10AB4000E552E750EE6EED6A050EDBCF16F0060E0D
:10AB5000DBCF17F016C017F0166AC3500001162499
:10AB6000146E000E1720156E050E14C0DBFF060EC6
:10AB700015C0DBFF050EDBCF18F0060EDBCF19F09A
:10AB800002016751E96EEA6AD890E936EA36730E37
:10AB9000E926020EEA22EECF16F0EFCF17F0050EEF
:10ABA000086E096A16C00DF017C00EF071EC69F05E
:10ABB00006501824146E07501920156E060E0D6EDF
:10ABC0000E6A14C008F015C009F07CEC6BF008C0E8
:10ABD00014F009C015F002016751E96EEA6AD890D5
:10ABE000E936EA36730EE926020EEA2214C0EEFFB9
:10ABF00015C0EDFF6751E96EEA6AD890E936EA368A
:10AC00007B0EE926020EEA22EECF14F0EFCF15F00C
:10AC10006751E96EEA6AD890E936EA36730EE9269A
:10AC2000020EEA22EECF16F0EFCF17F01450165CAA
:10AC3000155017581CE26751E96EEA6AD890E93658
:10AC4000EA36730EE926020EEA22EECF14F0EFCFB9
:10AC500015F06751E96EEA6AD890E936EA367B0E5C
:10AC6000E926020EEA2214C0EEFF15C0EDFF67517F
:10AC7000EA6A290FE96E020EEA22EF50085D03E14D
:10AC8000060E655D08E0040E645D01E051D1030E1F
:10AC9000655D01E04DD1C282C2B2FED7050EDB6A0E
:10ACA000060EDB6AC450E66ED950050FE96EDACFA6
:10ACB000EAFFE552E750EE6EED6A050EDBCF16F0C7
:10ACC000060EDBCF17F016C017F0166AC35000014E
:10ACD0001624146E000E1720156E050E14C0DBFF2F
:10ACE000060E15C0DBFF02016751E96EEA6AD890D3
:10ACF000E936EA36730EE926020EEA22EECF14F0A8
:10AD0000EFCF15F0050EDBCF16F0060EDBCF17F0F8
:10AD10001650145C1750155811E26751E96EEA6A33
:10AD2000D890E936EA36730EE926020EEA22050EBD
:10AD3000DBCFEEFF060EDBCFEDFF3FD0050EDBCF06
:10AD400018F0060EDBCF19F06751E96EEA6AD89069
:10AD5000E936EA36730EE926020EEA22EECF16F045
:10AD6000EFCF17F01E0E086E096A16C00DF017C05F
:10AD70000EF071EC69F006501824146E075019207B
:10AD8000156E1F0E0D6E0E6A14C008F015C009F086
:10AD90007CEC6BF008C014F009C015F0020167519B
:10ADA000E96EEA6AD890E936EA36730EE926020EB1
:10ADB000EA2214C0EEFF15C0EDFF6751E96EEA6AA2
:10ADC000D890E936EA36730EE926020EEA22EECF73
:10ADD00016F0EFCF17F00A0E086E096A16C00DF0D4
:10ADE00017C00EF071EC69F006C014F007C015F042
:10ADF00002016751E96EEA6AD890E936EA367B0EBD
:10AE0000E926020EEA22EECF1AF0EFCF1BF00C0E6D
:10AE1000086E096A1AC00DF01BC00EF071EC69F0E3
:10AE200006C018F007C019F01450185C15501958D6
:10AE300022E202016751EA6A840FE96E020EEA22F9
:10AE4000EF5019E16751EA6A880FE96E020EEA22B3
:10AE5000EF5011E16751EA6A840FE96E020EEA22AF
:10AE6000010EEF6E6751EA6A880FE96E020EEA2260
:10AE7000010EEF6E5DD002016751E96EEA6AD8906B
:10AE8000E936EA36730EE926020EEA22EECF16F014
:10AE9000EFCF17F00A0E086E096A16C00DF017C042
:10AEA0000EF071EC69F006C014F007C015F0020155
:10AEB0006751E96EEA6AD890E936EA367B0EE926F0
:10AEC000020EEA22EECF1AF0EFCF1BF00B0E086E47
:10AED000096A1AC00DF01BC00EF071EC69F006C0D3
:10AEE00018F007C019F01850145C1950155820E2DA
:10AEF00002016751EA6A840FE96E020EEA22EF044A
:10AF000017E16751EA6A880FE96E020EEA22EF50F4
:10AF10000FE16751EA6A840FE96E020EEA22EF6AD6
:10AF20006751EA6A880FE96E020EEA22010EEF6E9F
:10AF300002D0C8EC4EF0F2A405D0F294D596D5908C
:10AF4000D592D594070EE15C02E2E16AE552E16E2A
:10AF5000E552E7CFD9FFE55200EE27F0080EE804EE
:10AF600003E3E5CFEDFFFBD700EE13F0140EE8048A
:10AF700003E3E5CFEDFFFBD7E5CFFAFFE5CFF4FF25
:10AF8000E5CFF3FFE5CFF5FFE5CFF7FFE5CFF6FF20
:10AF9000E5CFEAFFE5CFE9FFE5CFDAFFE550E5CF02
:10AFA000E0FFE5CFD8FF1000D9CFE6FFE1CFD9FF12
:10AFB000040EE1260201010E666F090EC16E9D0EA0
:10AFC000C06E2F0E926E896A080E936E8A6AF00E1A
:10AFD000946E8B6A010E966E8D6A070EB46E3E0EED
:10AFE000956EBA6A8C6ADF6A040EDF5C60E2EA6A18
:10AFF000DF34FE0BEA36E96E730EE926020EEA2212
:10B00000EE6AED6AEA6ADF34FE0BEA36E96E7B0E21
:10B01000E926020EEA22EE68ED6ADF50EA6A290F9D
:10B02000E96E020EEA22EF6ADF50EA6A2D0FE96E3E
:10B03000020EEA22EF6AEA6ADF34FE0BEA36E96EB4
:10B04000090EE926020EEA22EE6AED6AEA6ADF34A8
:10B05000FE0BEA36E96E110EE926020EEA22EE6ACE
:10B06000ED6AEA6ADF34FE0BEA36E96E190EE9266C
:10B07000020EEA22EE6AED6AEA6ADF34FE0BEA3675
:10B08000E96E210EE926020EEA22EE6AED6ADF5031
:10B09000EA6A840FE96E020EEA22EF6ADF50EA6A7A
:10B0A000880FE96E020EEA22EF6ADF2A9DD7010EB1
:10B0B000DB6A060EF36E010EDBCFF4FFF350F45C97
:10B0C0000BE2010EDB50EA6A000FE96E020EEA2283
:10B0D000010EEF6EDB2AEDD7020EDB6A040EF36E73
:10B0E000020EDBCFF4FFF350F45C27E2020EDB50DC
:10B0F000EA6AAC0FE96E020EEA22EF6A020EDB503A
:10B10000EA6AB00FE96E020EEA22EF6A020EEA6AFC
:10B11000DB34FE0BEA36E96EB40EE926020EEA22B3
:10B12000EE6AED6A020EDB50EA6AA80FE96E020EC3
:10B13000EA22EF6A020EDB2AD1D7030EDB6A0F0E7A
:10B14000F36E030EDBCFF4FFF350F45C13E2030E57
:10B15000DB50EA6ABC0FE96E020EEA22EF6A030EC8
:10B16000DB50EA6ACB0FE96E020EEA22EF6A030EA9
:10B17000DB2AE5D70201DA6BDB6BDC6B086B040EB4
:10B18000646F836BDD6B676B8250800B01E0010E97
:10B19000100DF3CF23F08250400B01E0010E080D9B
:10B1A000F3CF22F08250200B01E0010E040DF3CF0B
:10B1B00021F08350100B01E0010EE824206E835033
:10B1C000200B01E0010E2024212422242324066FD9
:10B1D0001F0E065D03E1010E076F01D0076B6C6B5C
:10B1E000000EE66E040EE66EF6EC2AF0E552E5522D
:10B1F0000201946B956B966B976BA06BA26B666B61
:10B20000FEEC01F095B204D00201010EAC6F02D049
:10B210000201AC6995B403D0010EAD6F01D0AD69E8
:10B2200095B603D0010EAE6F01D0AE6994B803D0CD
:10B23000010EAF6F01D0AF69040EE15C02E2E16A7A
:10B24000E552E16EE552E7CFD9FF1200700ED36EE2
:10B25000400E9B6ED58CD59AD598D586D08EF28C23
:10B26000F29EF28EF28CF28AF194F294D58E120054
:10B27000EDDFB5EC46F00201FE69FF69938602013D
:10B280006D6B6E6B030E6F6F73EC62F0A380A38225
:10B290008BDE02012C0EA76FC0EC4DF0E66AB2EC1B
:10B2A0004EF0E5521200D9CFE6FFE1CFD9FF030EF1
:10B2B000E1260201010E666F836F666BDE6ADD6A4E
:10B2C000DECF20F0DDCF21F0FF0E205C0F0E2158E5
:10B2D00005E2DF2A010E01E3DB2AF2D7020EDB6A68
:10B2E000040EF36E020EDBCFF4FFF350F45C0FE2BA
:10B2F000020EEA6ADB34FE0BEA36E96E7B0EE926C3
:10B30000020EEA22EE68ED6A020EDB2AE9D7DE6A57
:10B31000DD6ADECF20F0DDCF21F0FF0E205C0F0EC6
:10B32000215805E2DF2A010E01E3DB2AF2D70201F0
:10B33000010E666F836B666B030EE15C02E2E16AED
:10B34000E552E16EE552E7CFD9FF1200D9CFE6FF13
:10B35000E1CFD9FFE652DF6A040EDF5C74E2DF5012
:10B36000EA6A880FE96E020EEA22EF046AE1FD0E36
:10B37000DBCFE6FFFE0EDBCFE6FFF6EC2AF0E55270
:10B38000E552010EE76EFD0EDBCFE9FFFE0EDBCFCF
:10B39000EAFFE750E926000EEA2206C2EFFF570E49
:10B3A000E76EFD0EDBCFE9FFFE0EDBCFEAFFE750D5
:10B3B000E926000EEA22010EEF6E580EE76EFD0E32
:10B3C000DBCFE9FFFE0EDBCFEAFFE750E926000EF8
:10B3D000EA2206C2EFFF590EE76EFD0EDBCFE9FF52
:10B3E000FE0EDBCFEAFFE750E926000EEA22DFCFB0
:10B3F000EFFFDF50EA6A840FE96E020EEA22EF04E3
:10B4000002E10F0E01D0100EE66E5A0EE76EFD0E31
:10B41000DBCFE9FFFE0EDBCFEAFFE750E926000EA7
:10B42000EA22E552E750EF6E0201010E666FDF502F
:10B43000EA6A880FE96E020EEA22EF6A666B010E75
:10B4400004D0DF2A89D7000E00D0E552E552E7CFBD
:10B45000D9FF1200D9CFE6FFE1CFD9FFE652DF6A6C
:10B46000040EDF5C01E387D0DF50EA6AA80FE96EC3
:10B47000020EEA22EF0401E07CD0FD0EDBCFE6FFF6
:10B48000FE0EDBCFE6FFF6EC2AF0E552E552010EA8
:10B49000E76EFD0EDBCFE9FFFE0EDBCFEAFFE750E4
:10B4A000E926000EEA2206C2EFFF5B0EE76EFD0EF4
:10B4B000DBCFE9FFFE0EDBCFEAFFE750E926000E07
:10B4C000EA22010EEF6E5C0EE76EFD0EDBCFE9FFA8
:10B4D000FE0EDBCFEAFFE750E926000EEA2206C2A5
:10B4E000EFFF5D0EE76EFD0EDBCFE9FFFE0EDBCF5B
:10B4F000EAFFE750E926000EEA22DFCFEFFFDF5038
:10B50000EA6AAC0FE96E020EEA22EF500EE15E0E1F
:10B51000E76EFD0EDBCFE9FFFE0EDBCFEAFFE75063
:10B52000E926000EEA22EF6A17D0DF50EA6AB00F70
:10B53000E96E020EEA22EF50E66E5E0EE76EFD0E39
:10B54000DBCFE9FFFE0EDBCFEAFFE750E926000E76
:10B55000EA22E552E750EF6E0201010E666FDF50FE
:10B56000EA6AA80FE96E020EEA22EF6A666B010E24
:10B5700004D0DF2A75D7000E00D0E552E552E7CFA0
:10B58000D9FF1200D9CFE6FFE1CFD9FFE652DF6A3B
:10B590000F0EDF5C59E2DF50EA6ACB0FE96E020E54
:10B5A000EA22EF044FE1FD0EDBCFE6FFFE0EDBCF1C
:10B5B000E6FFF6EC2AF0E552E552010EE76EFD0ECD
:10B5C000DBCFE9FFFE0EDBCFEAFFE750E926000EF6
:10B5D000EA2206C2EFFF5F0EE76EFD0EDBCFE9FF4A
:10B5E000FE0EDBCFEAFFE750E926000EEA22010E4D
:10B5F000EF6E600EE76EFD0EDBCFE9FFFE0EDBCFD8
:10B60000EAFFE750E926000EEA2206C2EFFF610ECC
:10B61000E76EFD0EDBCFE9FFFE0EDBCFEAFFE75062
:10B62000E926000EEA22DFCFEFFF0201010E666F6E
:10B63000DF50EA6ACB0FE96E020EEA22EF6A666B10
:10B64000010E04D0DF2AA4D7000E00D0E552E55247
:10B65000E7CFD9FF1200D9CFE6FFE1CFD9FFE652FD
:10B6600002018C51901902E18D51911906E18E5120
:10B67000921902E18F51931939E08CC290F28DC278
:10B6800091F28EC292F28FC293F292C2E6FF93C2FF
:10B69000E6FF90C2E6FF91C2E6FF8BEC4EF0E5526A
:10B6A000E552E552E5522B0E0201A75D12E1DF6A79
:10B6B000040EDF5C0DE2DFCFE6FF8EC2E6FF8CC238
:10B6C000E6FF10EC33F0E552E552E552DF2AF0D701
:10B6D0000DD02E0EA75D0AE1E66A8EC2E6FF8CC28F
:10B6E000E6FF10EC33F0E552E552E552E552E55243
:10B6F000E7CFD9FF120002016A6B4F0E206ED10E08
:10B70000216E226A20C0E6FF21C0E6FF22C0E6FFCC
:10B71000400EE66E0B0EE66EEDEC69F0236E050E44
:10B72000E15E23500201726BA3DDBDDD2FEC04F05E
:10B73000040EE66EB2EC4EF0E5528DDF000EE66EC2
:10B74000040EE66E03DEE552E552010801E19BD0EE
:10B75000000EE66E040EE66E7DDEE552E55201084F
:10B7600001E191D0000EE66E040EE66E0BDFE552AD
:10B77000E552010801E187D0000EE66E040EE66E88
:10B78000F5EC4AF0E552E552010801E17CD06A0E81
:10B79000E66E020EE66E400EE66E0B0EE66E42ECB4
:10B7A00047F0E552E552E552E55201086BE1400EE3
:10B7B000E66E0B0EE66E8FEC69F0E552E552F3CFC4
:10B7C00020F0F4CF21F0205021103FE0000EE66E73
:10B7D000040EE66E400EE66E0B0EE66E02EC0EF008
:10B7E000E552E552E552E552010817E14F0E206E91
:10B7F000D10E216E226A20C0E6FF21C0E6FF22C0E2
:10B80000E6FF400EE66E0B0EE66EEDEC69F0236E81
:10B81000050EE15E235037D017D04F0E206ED10EAB
:10B82000216E226A20C0E6FF21C0E6FF22C0E6FFAB
:10B83000400EE66E0B0EE66EEDEC69F0236E050E23
:10B84000E15E23506EEC08F01DD04F0E206ED10E3D
:10B85000216E226A20C0E6FF21C0E6FF22C0E6FF7B
:10B86000080EE66E0C0EE66EEDEC69F0236E050E2A
:10B87000E15E2350080EE66E0C0EE66EE0EC47F03B
:10B88000E552E5525AD70201725103E06EEC08F01E
:10B8900017D0010EE66E000EE66E040EE66E4EEC5C
:10B8A00033F0E552E552E552000902E16EEC08F092
:10B8B000000EE66E040EE66EF6EC2AF0E552E55256
:04B8C00037D7120064
:0CB8C4009EEC61F0FB0EDBCFF3FFDB0617
:10B8D000F35000090AE0ECEC61F0FA0E57EC62F06C
:10B8E000F3E1211CF1E1010E01D0000ECDEF61F07A
:10B8F0009EEC61F03B0EE12402E3E168E652E16E6A
:10B90000010EDB6A020EDB6AF90EDBCFF6FFFA0EE0
:10B91000DBCFF7FFFB0EDBCFF8FF0800F550DF6E43
:10B92000DF5002E1F1EF60F0250EDF5C02E0E4EFB2
:10B9300060F0030EDB6A040EDB6A050EDB6A060E9E
:10B94000DB6A070EDB6A06EC61F02D0EDF5C0CE0B3
:10B950002B0EDF5C09E0200EDF5C06E0230EDF5CCF
:10B9600003E0300EDF5C1AE1DF50300A14E0130A06
:10B970000FE0030A0AE00B0A05E0060AE4E1030E01
:10B98000DB80E1D7030EDB82DED7030EDB84DBD75F
:10B99000030EDB86D8D7030EDB88D5D72A0EDF5CF3
:10B9A0001BE102EC61F050EC61F010E0030EDB8073
:10B9B00008680968130EDBCF0DF0140EDBCF0EF014
:10B9C00044EC69F0040E06C0DBFF03D0130E39EC23
:10B9D00061F006EC61F00BD0090EDB6AA7EC61F0B8
:10B9E00003E01BEC62F0FAD7090E39EC61F0030EAC
:10B9F000DBB0DB982E0EDF5C1BE106EC61F02A0E5B
:10BA0000DF5C0BE102EC61F050EC61F003E1130E3E
:10BA10008BEC61F006EC61F00BD0090EDB6AA7EC51
:10BA200061F003E01BEC62F0FAD7090E8BEC61F0D9
:10BA3000680EDF5C07E106EC61F0680EDF5C1DE17B
:10BA4000030E18D0740EDF5C17E07A0EDF5C14E092
:10BA5000480EDF5C06E0540EDF5C03E05A0EDF5C4C
:10BA600002E1020E07D06C0EDF5C03E06A0EDF5CC1
:10BA700004E1010EDEEC61F0C9DBDF506E0A01E18A
:10BA80007FD31E0A01E192D1200A01E18FD13F0A42
:10BA900001E149D11A0A01E146D10D0A01E143D180
:10BAA000200A01E140D13A0A01E13DD1200A01E139
:10BAB0003AD1260A01E135D10D0A01E132D11A0A43
:10BAC00001E1D9D0200A4AE0300A1FE0460A0EE020
:10BAD000250A01E083D3D950F90FE96EFF0EDA2071
:10BAE000EA6E010EEE5E000EEE5AEE5AECEC61F0DC
:10BAF000250EE66E95DB03E1211C01E169D3E8EC3C
:10BB000061F001E26BD3DB2A69D3080EDB6A040E15
:10BB1000DB50010806E2040EDB04B0EC61F0DB5000
:10BB20008BDB080EDB5009E0030EDB50010B05E157
:10BB300072DB01E04DD3080EDB6A64DBEFCFDFFF81
:10BB400060EC62F003E1211C01E142D3E8EC61F01A
:10BB500001E3DB2A60DB01E141D33AD3070EDB507E
:10BB600002080FE12CEC62F0030EF3EC61F00E0E14
:10BB7000EECFDBFF0F0EEECFDBFF100EEECFDBFFC5
:10BB800020D0F70EDBCF23F0F80EDBCF24F0020E2F
:10BB9000235E000E245AF70E23C0DBFFF80E24C0EC
:10BBA000DBFF23C0E9FF24C0EAFFE3EC61F0226A77
:10BBB0000E0E20C0DBFF0F0E21C0DBFF100E22C0D7
:10BBC000DBFF0E0EDBCFE6FF0F0EDBCFE6FF100E26
:10BBD000DBCFE6FFC8EC69F0E552E552E552130E03
:10BBE00007C0DBFF140E08C0DBFF060EDB5005E0CC
:10BBF000130E27EC62F001E26ADB4BEC62F002E22A
:10BC0000130E37DB0EEC62F006E0040E27EC62F058
:10BC100002E2050E2EDB030EDBB005D0FCDA01E0FC
:10BC2000D7D2080EDB6A090EDB6A0E0EDBCFF6FFF9
:10BC30000F0EDBCFF7FF100EDBCFF8FF0800F5503B
:10BC4000DF6EDF5014E051EC62F011E260EC62F064
:10BC500003E1211C01E1BCD2BBDB01E3DB2A090EBD
:10BC6000DB2AD9500E0FE96E000ECBDBE7D7D3DA13
:10BC700001E1B4D2ADD2C6DA110EEECFDBFF120E67
:10BC8000EDCFDBFF110EDBCFE6FF120EDBCFE6FFC1
:10BC90008FEC69F0E552E552130EF3CFDBFF140E83
:10BCA000F4CFDBFF060EDB5004E0130ED0DB01E225
:10BCB0000EDB4BEC62F002E2130EDBDAAFDB05E0E9
:10BCC000040EC5DB02E2050ED4DA030EDBB005D0AC
:10BCD000A2DA01E07DD2080EDB6A090EDB6A110EE2
:10BCE000DBCFE9FF120EDBCFEAFFEFCFDFFFDF5044
:10BCF00014E0D7DB12E2E4DB03E1211C01E168D2AE
:10BD000067DB01E3DB2A090EDB2A110EDB2ADBCF1E
:10BD1000E9FF120EE8E3DB2AE6D77DDA01E15ED225
:10BD200057D2030EDB8E070EDB0410E195DB040E09
:10BD30005ADB0A0EEECFDBFF0B0EEECFDBFF0C0E55
:10BD4000EECFDBFF0D0EEECFDBFF6CD0070EDB502E
:10BD500003082CE1030EDBAE0DD0B2DA020E76DA68
:10BD6000EFCF20F0216A226A236A20AE39D0216801
:10BD7000226835D0F70EDBCF21F0F80EDBCF22F0B2
:10BD8000020E215E000E225AF70E21C0DBFFF80ED4
:10BD900022C0DBFF21C0E9FF22C0EAFFEFCF20F085
:10BDA0000A0E20C0DBFF0B0EDB6A38D0070EDB501B
:10BDB000020809E1030EDBAE04D059DB22AE10D03D
:10BDC0000ED055DB0DD0030EDBAE12D079DA020EA9
:10BDD0003DDAF9DA226A236A21AE02D022682368AA
:10BDE000E2DA0C0E22C0DBFF0D0E23C0DBFF1AD0FF
:10BDF000F70EDBCF22F0F80EDBCF23F0020E225E2F
:10BE0000000E235AF70E22C0DBFFF80E23C0DBFF23
:10BE100022C0E9FF23C0EAFFD6DAC5DA0C0EDB6ADE
:10BE20000D0EDB6A060EDB5005E1010EF36E050E0A
:10BE3000F3CFDBFF150EDB6A160EDB6AD950370F26
:10BE4000206E000EDA20216E390E20C0DBFF3A0E84
:10BE500021C0DBFF380EDB6A080EDB6A0A0EAEDAA1
:10BE6000DF50780A12E0200A10E0280A0CE0200ACD
:10BE70000AE03F0A06E00D0A02E0200A08E1020E8D
:10BE800005D0080E03D0080EDF26100E97DA030E39
:10BE9000DBBE02D0DB92DB94DB50800B24E08ADA3D
:10BEA000D890030EEB50000A08E6000EEE5C000E80
:10BEB000EE58000EEE58000EEE5815E213DA0B683D
:10BEC0000C680D680E6820EC6BF00A0E02C0DBFFF8
:10BED0000B0E03C0DBFF0C0E04C0DBFF0D0E05C014
:10BEE000DBFF2D0E08D0030EDBA202D02B0E03D0F9
:10BEF000DBA408D0200EF36E170EF3CFDBFF150E78
:10BF0000DB2A02D0170EDB6A050EDB5003E1B7D93E
:10BF100001E189D0A00E206ED70E216E000E226E98
:10BF2000070EDBCF23F0246A256A266A23C00BF0B4
:10BF300024C00CF025C00DF026C00EF0D3D958EC6B
:10BF40006BF020500224F36E21500320F46E225037
:10BF50000420F86EF4CFF7FFF3CFF6FF0800090EC8
:10BF6000F5CFDBFF580EDF5C0FE1610EF36E090EBB
:10BF70007BD90AE3200E206E090EDBCFE7FF2050AD
:10BF8000E75E090EE7CFDBFF070EDBCF20F0216A6B
:10BF9000226A236A0FDA20C00BF021C00CF022C005
:10BFA0000DF023C00EF0EECF06F0EECF07F0EECF8F
:10BFB00008F0EFCF09F058EC6BF009C0EDFF08C0B6
:10BFC000EDFF07C0EDFF06C0EFFF390EDBCFE9FF45
:10BFD000DB063A0EDBCFEAFF01E2DB06090EDBCF20
:10BFE000EFFF150EDB2A4BD995E1030EDBA61DD022
:10BFF0006F0EDF5C06E1C1D918E3150EDB285BDAB2
:10C0000014D0780EDF5C09E0580EDF5C06E0620EAB
:10C01000DF5C03E0420EDF5C08E1020EF36E160EF9
:10C02000F3CFDBFF02D0150EDB6A030EDB50100BE3
:10C030000EE0040EDBCF20F0050EDB50D88020543C
:10C0400006E2060EDB5003E1040EDB5034DA95D92C
:10C050000AE2050EDBCFE7FF150EDB50E75E050EAB
:10C06000E7CFDBFF02D0050EDB6A040EDBCF20F04A
:10C07000160E45D9D880205414E2160EDBCFE6FF09
:10C08000150EDBCFE6FF040EDBCFE6FF050EDB501F
:10C09000E552E75CE552D880E754E552D880E75492
:10C0A0005FD9030EDB50010B0BE1080EDB5008E0FB
:10C0B000B2D801E08DD0080EDB50BED8080EDB6A86
:10C0C000170EDB5007E088D9170EF1D903E1211CC8
:10C0D00001E17ED0160EDB5016E07ED9300EE66E02
:10C0E0009FD802E1211C74E077D9DFCFE6FFDEECB8
:10C0F0006AF0E552E552E552F4CF21F00001F31C5D
:10C1000002E1211C65E0050EDBCF20F0160EDB50AE
:10C11000D880205409E2050EDBCFE7FF160EDB5076
:10C12000E75E050EE7CFDBFF300EE66E050ECBD9DE
:10C130004FE1390EDB2ADBCFE9FF3A0E01E3DB2AC0
:10C14000DBCFEAFF090EEFCFDBFFDB500EE044D977
:10C15000090EADD902E1211C3BE0390EDB2ADBCF11
:10C16000E9FF3A0EEDE3DB2AEBD755D831E1160EA5
:10C17000DBCFE6FF080EC3D8E552E7245DD82ED00A
:10C18000070EDB50030A1CE0010A14E0030A07E073
:10C190007BD9DBCFEEFF020EDBCFEDFF1FD0F5D852
:10C1A000256A23AE02D0246825682CD8BCD825C0C7
:10C1B000EEFF14D0EAD823BE246824D8B4D80ED019
:10C1C00063D9DBCFEFFF0AD07BD905E1211C03E166
:10C1D000F368F46810D0FCD801E3DB2A79D98DEF3D
:10C1E0005CF0010EDBCF20F0020EDBCF21F020C08F
:10C1F000F3FF21C0F4FF3B0EE15C02E2E16AE5528D
:10C20000E16ECBD029D9020EF3EF61F061D90800BD
:10C21000F550DF6E1200200EE66E080E63EF62F03E
:10C22000DEEC6AF0E552E552E552F3CF20F0F4CFB0
:10C2300021F00001F31C1200206E216AD950010F79
:10C240004DD92050EE262150ED221200245E000E22
:10C25000255AF70E24C0DBFFF80E25C0DBFF24C0F3
:10C26000E9FF25C0EAFF1200DBCFF4FFF350F45CD6
:10C270001200DB50E76E040EE7CFDBFF12000A0E60
:10C28000DBCF20F00B0EDBCF21F00C0EDBCF22F04A
:10C290000D0EDBCF23F020502110221023101200AE
:10C2A000130EEECFDBFF140EEDCFDBFF130EDBCF53
:10C2B00020F0140EDBCF21F00001800E21141200BB
:10C2C000F70EDBCF24F0F80EDBCF25F01200050EC1
:10C2D000DB50E66ED950130F01D9E552E750EE6EF0
:10C2E000ED6A12000A0EDBCF06F00B0EDBCF07F073
:10C2F0000C0EDBCF08F00D0EDBCF09F01200DBCF08
:10C30000E6FF150EDBCFE6FF050EDB50E552E72416
:10C31000E552E7241200DB50CED8010EF36E060E74
:10C32000F3CFDBFF1200EE50EFCFEAFFE96E22C041
:10C33000EEFF23C0EEFF24C0EEFF1200D9CFE6FFD0
:10C34000DACFE6FFE1CFD9FFE2CFDAFF1200DFCF8D
:10C35000E6FFE66A92EC6BF0E552E552F35012000C
:10C36000E76E080EE7CFDBFF1200EECF20F0EECF36
:10C3700021F0EFCF22F0236A1200050EDBCF20F070
:10C38000150EDB50D88020541200010EDBCF22F0B6
:10C39000020EDBCF23F0246A1200E552E5CFDAFF6C
:10C3A000E7CFD9FF12000A0E20C0DBFF0B0E21C021
:10C3B000DBFF1200D9500A0F6EEF62F0F36E070E2A
:10C3C000F3CFDBFF1200EECF20F0EFCF21F0120011
:10C3D000010EDB2A020E1200FC0EDBCFE6FFFD0E83
:10C3E000DBCFE6FF1200205E000E215AF70E20C0C0
:10C3F000DBFFF80E21C0DBFF20C0E9FF21C0EAFF10
:10C400001200DA20EA6EEF2AEECFF6FF000EEF22DE
:10C41000EECFF7FFEF22EECFF8FF1200040EDBCFD6
:10C42000E6FF130EDB50E552E75C9ADFDB5004DFDA
:10C43000060EDB501200090EDB500A0DF350DF240C
:10C44000D00FE76E090EE7CFDBFF06EF61F0DB50A0
:10C45000F36E050E34EF61F0F70EDBCF20F0F80E2F
:10C46000DBCF21F01200DFCFE6FF10EF61F028DF15
:10C47000030EECDEB5EF61F062EC5CF0E552E552E4
:10C48000E552E55200091200BDDEEE50EFCFEAFFA3
:10C49000E96E010E1200130EDB50F36E040E34EF42
:10C4A00061F0040EDB50F36E090E34EF61F0DBCF68
:10C4B000E6FF10EF61F0E76E050EE7CFDBFF12003D
:10C4C0008BDF33EF62F0DBCFE6FF86DF3CEF62F01D
:10C4D000D950F90FE96EFF0E01EF62F0E96E000E20
:06C4E000DA20EA6E1200F2
:0AC4E600800EE66E2EDAE552030E1A
:10C4F000706ED00E716E020E726E100E736E779E9D
:10C50000779C606A0F01506B006B016B046B056BCD
:10C51000086B096B0C6B0D6B106B116B146B156B4F
:10C52000186B196B19971C6B1D6B1D97E66A0CDA5B
:10C53000E5521200D9CFE6FFE1CFD9FF190EE1266F
:10C54000D950060FE96EDACFEAFF400EEE6E0F0EFD
:10C55000ED6ED950080FE96EDACFEAFF300EEE6EBD
:10C560000F0EED6ED9500A0FE96EDACFEAFF200EFA
:10C57000EE6E0F0EED6EDF6A020EDF5C01E3D1D0CE
:10C58000D950060F206EDACF21F0DF50020D205077
:10C59000F324E96E2150F420EA6E020EEECFDBFFA9
:10C5A000030EEDCFDBFF020EDBCF08F0030EDBCF77
:10C5B00009F0040E08C0DBFF050E09C0DBFF020E08
:10C5C000DBCFE9FF030EDBCFEAFFEF50080B01E002
:10C5D000A6D0FC0E206E020EDBCFE9FF030EDBCFF0
:10C5E000EAFF2050EF16F70EDB50030B206E020E11
:10C5F000DBCFE9FF030EDBCFEAFF2050EF12F70E8F
:10C60000DBAC08D0F80EDB504009E76E180EE7CF20
:10C61000DBFF06D0F80EDB50E76E180EE7CFDBFF2E
:10C62000050EE76E020EDBCFE9FF030EDBCFEAFF5C
:10C63000E750E926000EEA22180EDBCFEFFFF70ED7
:10C64000DBAA06D0010EF36E180EF3CFDBFF02D08B
:10C65000180EDB6ADBCFE6FFD950FB0FE96EFF0E49
:10C66000DA20EA6EEECFE6FFEECFE6FFEECFE6FF92
:10C67000EFCFE6FF010EE76E020EDBCF20F0030ED8
:10C68000DBCF21F0E7502026000E212220C0E6FF5C
:10C6900021C0E6FF6ED9226E070EE15E2250D9500E
:10C6A000020FE96EDACFEAFF060EEE26000EED224B
:10C6B000010EDB6AF80EDB50F36E010EDBCFF4FFE8
:10C6C000F350F45C1AE2F90EDBCFE9FFDB2AFA0E35
:10C6D000DBCFEAFF01E3DB2AEF50E66E020EDBCF91
:10C6E000E9FFDB2A030EDBCFEAFF01E3DB2AE55299
:10C6F000E750EF6E010EDB2ADDD7040EDBCFE9FF3A
:10C70000050EDBCFEAFFEF50040B07E1040EDBCF91
:10C71000E9FF050EDBCFEAFFEF86010E04D0DF2A2A
:10C720002BD7000E00D0206E190EE15C02E2E16A08
:10C73000E552E16E2050E552E7CFD9FF1200D9CF84
:10C74000E6FFE1CFD9FF060EE1260001786B60AE6F
:10C7500015D0A49074AE08D0F70EDBCFE9FFF80E29
:10C76000DBCFEAFFEF86749E78916050010B01E009
:10C770007881600EDE6E0F0EDD6E23D00F0150AF9C
:10C780001ED0A49274AC08D0F70EDBCFE9FFF80EF0
:10C79000DBCFEAFFEF86749C070E50150001786F1F
:10C7A000020E785D07E2F70EDBCFE9FFF80EDBCF74
:10C7B000EAFFEF8E500EDE6E0F0EDD6E02D0000E21
:10C7C000B7D0D9CFE9FFDACFEAFF020EEECFDBFF19
:10C7D000030EEDCFDBFFF70EDBCFE9FFF80EDBCF6B
:10C7E000EAFFEF6ADECFE9FFDDCFEAFF050EE926BB
:10C7F000000EEA22050EEFCFDBFFDB500F0BE66EDB
:10C80000F90EDBCFE9FFFA0EDBCFEAFFE552E75086
:10C81000EF6ED950050FE96EDACFEAFFEF50400B0B
:10C8200008E000D0F70EDBCFE9FFF80EDBCFEAFF20
:10C83000EF8CDECFE9FFDDCFEAFF020EE926000E26
:10C84000EA22050EEFCFDBFFD950050FE96EDACFF4
:10C85000EAFFEF50080B0DE0F70EDBCFE9FFF80E13
:10C86000DBCFEAFFEF8A010EF36E050EF3CFDBFF9D
:10C8700002D0050EDB6ADBCFE6FFFD0EDBCFE6FF65
:10C88000FE0EDBCFE6FFDECF20F0DDCF21F0010E84
:10C890002026000E212220C0E6FF21C0E6FF49D954
:10C8A000226E050EE15E2250060EDE26000EDD220F
:10C8B000F90EDBCFE9FFFA0EDBCFEAFF050EEFCF73
:10C8C000DBFF040EDB6A050EDB50F36E040EDBCFDC
:10C8D000F4FFF350F45C19E2DFCFE9FFDF2A010E29
:10C8E000DBCFEAFF01E3DB2AEF50E66EFB0EDBCF86
:10C8F000E9FFDB2AFC0EDBCFEAFF01E3DB2AE5528E
:10C90000E750EF6E040EDB2ADED7A4AE08D0F70E98
:10C91000DBCFE9FFF80EDBCFEAFFEF88A49E020E23
:10C92000DBCFE9FF030EDBCFEAFFEF9E010E00D065
:10C93000206E060EE15C02E2E16AE552E16E2050F3
:10C94000E552E7CFD9FF1200D9CFE6FFE1CFD9FFFB
:10C950001F0E6F16FE0EDB506F12E00E6E14206E6F
:10C96000FE0EDB50205C01E0F8D7E552E7CFD9FF9F
:10C970001200D9CFE6FFE1CFD9FF020EE126D95050
:10C98000F90F206EFF0EDA20216E20C0DEFF21C0DD
:10C99000DDFFF80EDB503BE1DECFE9FFDDCFEAFF44
:10C9A000EF50E840E840E8401F0BE66EFD0EDBCF9D
:10C9B000E9FFFE0EDBCFEAFFE552E750EF6EDECF78
:10C9C000E9FFDDCFEAFFEE52EF50200DF3CF20F06C
:10C9D000FD0EDBCFE9FFFE0EDBCFEAFF2050EF12AA
:10C9E000FD0EDB2AFE0E01E3DB2ADECFE9FFDDCF01
:10C9F000EAFFEF50200DF350E66EFD0EDBCFE9FFAE
:10CA0000FE0EDBCFEAFFE552E750EF6E88D0DECFB7
:10CA1000E9FFDDCFEAFF020EE926000EEA22EF5021
:10CA2000E00BE838E840E66EFD0EDBCFE9FFFE0ED6
:10CA3000DBCFEAFFE552E750EF6EDECFE9FFDDCF57
:10CA4000EAFF030EE926000EEA22EF50080DF3CFAD
:10CA500020F0FD0EDBCFE9FFFE0EDBCFEAFF20501A
:10CA6000EF12FD0EDB2AFE0E01E3DB2ADECFE9FF2B
:10CA7000DDCFEAFF020EE926000EEA22EF50080D94
:10CA8000F350E00BE66EFD0EDBCFE9FFFE0EDBCFD1
:10CA9000EAFFE552E750EF6EFD0EDBCFE9FFFE0E39
:10CAA000DBCFEAFFEF86DECFE9FFDDCFEAFF020E44
:10CAB000E926000EEA22EF50030B206EFD0EDBCFBD
:10CAC000E9FFFE0EDBCFEAFF2050EF12FD0EDB2A5E
:10CAD000FE0E01E3DB2ADECFE9FFDDCFEAFFEE52F7
:10CAE000EF50E66EFD0EDBCFE9FFFE0EDBCFEAFF77
:10CAF000E552E750EF6EFD0EDB2AFE0E01E3DB2A66
:10CB0000DECFE9FFDDCFEAFFEF50E66EFD0EDBCFB3
:10CB1000E9FFFE0EDBCFEAFFE552E750EF6E020EB3
:10CB2000E15C02E2E16AE552E16EE552E7CFD9FF4E
:10CB30001200D9CFE6FFE1CFD9FF020EE126FB0EAE
:10CB4000DBCFDEFFDBCFDDFFFA0EDB504DE1FD0E6C
:10CB5000DBCFE9FFFE0EDBCFEAFFEF50080DF3500D
:10CB6000E66EDECFE9FFDDCFEAFFE552E750EF6E7C
:10CB7000FD0EDBCFE9FFFE0EDBCFEAFFEF50E00B4F
:10CB8000E838E840E66EDECFE9FFDDCFEAFFEE529F
:10CB9000E552E750EF6EFD0EDB2AFE0E01E3DB2AC5
:10CBA000FD0EDBCFE9FFFE0EDBCFEAFFEF50E00B1F
:10CBB000E838E840206EDECFE9FFDDCFEAFF205005
:10CBC000EF12DECFE9FFDDCFEAFF020EE926000E0D
:10CBD000EA22EF6ADECFE9FFDDCFEAFF030EE926A6
:10CBE000000EEA22EF6A84D0FD0EDBCFE9FFFE0ED5
:10CBF000DBCFEAFFEF50200DF350E66EDECFE9FF0A
:10CC0000DDCFEAFF020EE926000EEA22E552E750E8
:10CC1000EF6EFD0EDBCFE9FFFE0EDBCFEAFFEF503C
:10CC2000E840E840E8401F0BE66EDECFE9FFDDCFCD
:10CC3000EAFF030EE926000EEA22E552E750EF6E06
:10CC4000FD0EDB2AFE0E01E3DB2AFD0EDBCFE9FF42
:10CC5000FE0EDBCFEAFFEF50030B206EDECFE9FFC5
:10CC6000DDCFEAFF020EE926000EEA222050EF1285
:10CC7000FD0EDBCFE9FFFE0EDBCFEAFFEF50E00B4E
:10CC8000E840E840E8401F0B206EDECFE9FFDDCF33
:10CC9000EAFF020EE926000EEA222050EF12FD0EF6
:10CCA000DB2AFE0E01E3DB2AFD0EDBCFE9FFFE0EE1
:10CCB000DBCFEAFFEF50E66EDECFE9FFDDCFEAFF24
:10CCC000EE52E552E750EF6EFD0EDB2AFE0E01E359
:10CCD000DB2AFD0EDBCFE9FFFE0EDBCFEAFFEF50D4
:10CCE000E66EDECFE9FFDDCFEAFFE552E750EF6EFB
:10CCF000020EE15C02E2E16AE552E16EE552E7CF45
:04CD0000D9FF120045
:0CCD0400257325730025336400256300AF
:10CD1000426F617264202564203A202573000A0D59
:10CD20004D61737465722028256429203E20257387
:10CD300000545241434B202564204241434B205331
:10CD40005045454420256420257300545241434BEF
:10CD500020256420464F52572053504545442025F6
:10CD600064202573004C504F2025642030004C5027
:10CD70004F2025642031004B4E4F42203120564138
:10CD80004C202564004B4E4F4220302056414C2011
:10CD90002564004750494F203320494E2056414CCE
:10CDA00020256420434F554E5420256400475049A8
:10CDB0004F2033204F55542056414C2025640047C6
:10CDC00050494F203220494E2056414C20256420A6
:10CDD000434F554E54202564004750494F20322080
:10CDE0004F55542056414C202564004750494F2050
:10CDF0003120494E2056414C20256420434F554E4A
:10CE000054202564004750494F2031204F5554206D
:10CE100056414C202564004750494F203020494E50
:10CE20002056414C20256420434F554E5420256404
:10CE3000004750494F2030204F55542056414C2038
:10CE400025640025735B25635D0025732825642C0C
:10CE500025642C25642900256420257320554E4B1C
:10CE60004E4F574E2053544154450025642025739E
:10CE7000204F4646002564202573204F4E00445520
:10CE80004D50004155544C49535400425354415461
:10CE9000005453544154004C53544154004753548C
:10CEA000415400434F4D0044454C004155544F4DB3
:10CEB00041544943004D414E55414C004D414E5562
:10CEC000414C3000494E4552544941004241434B88
:10CED00000464F5257004B4E4F4231004B4E4F428F
:10CEE00030005350454544004C504F0041435400DE
:10CEF0004F4646545241434B004F4E545241434BD0
:10CF00000053544100545241434B0054494D455243
:10CF100000424F415244004155544F46460041554E
:10CF2000544F4E00415554004F555400494E004750
:10CF300050494F00414E41004443430050524F4737
:10CF40000052455345540043414C49420052554E0E
:10CF50000052554E414C4C0053544F5000556E6B8F
:10CF60006E6F776E204572726F7220307825780070
:10CF70004261642075736572206D6F646500426163
:10CF80006420696E65727469612076616C756500F4
:10CF900057726F6E67206175746F6D6174696F6E23
:10CFA000206E756D626572004175746F6D61746994
:10CFB0006F6E20616C726561647920646566696E6C
:10CFC0006564004964656E74696669657220746F92
:10CFD0006F206C6F6E67005370616365206D6973BD
:10CFE00073696E67004175746F6D6174696F6E204F
:10CFF0006C696D697420726561636865640057725D
:10D000006F6E6720626F617264206E756D6265720B
:10D010000042616420626F617264206D6F6465001C
:10D0200042616420747261636B206E756D6265721B
:10D030000042616420747261636B2064697265638D
:10D0400074696F6E0042616420747261636B207357
:10D050007065656400426164204C504F206C6576B9
:10D06000656C00426164204750494F206C657665CD
:10D070006C00426164204750494F206469726563C7
:10D0800074696F6E004175746F6D6174696F6E20A5
:10D090006E616D65206D697373696E6700426164CE
:10D0A000204175746F6D6174696F6E206E616D657E
:10D0B00000426164204175746F6D6174696F6E2008
:10D0C00073746174757300426164204C504F206E1C
:10D0D000756D626572004261642054494D4552206D
:10D0E00076616C7565004261642054494D4552205B
:10D0F0006E756D62657200426164204750494F2031
:10D100006E756D626572004D6F6465206D69737335
:10D11000696E6700426164206E756D6265720049D8
:10D120006E636F6D706C6574652072657175657383
:10D1300074004E756D626572206D697373696E67F8
:10D1400000556E6B6E6F776E20746F6B656E0000AE
:10D150002573444343002573414E412028307825F0
:10D160007829004D4F44452E2E2E2E2E2E2E2E2E5B
:10D17000004155544F4D4154494F4E2E2E2E0025FF
:10D180007325642525004D454D4F52592E2E2E2EC8
:10D190002E2E2E002573256400424F4152442E2E20
:10D1A0002E2E2E2E2E2E0056455253494F4E2E2EE9
:10D1B0002E2E2E2E32312D30372D32303235005278
:10D1C00041494C204452495645522E2E5620312E6C
:03D1D000333300F6
:0CD1D400006A0EAEF3EF68F00D6C0E1E4A
:10D1E000E86A0E22001E09AEFBEF68F0086C091E0B
:10D1F000E86A0922001E7CEC6BF009BE0BEF69F0B7
:10D2000000AE000C086C091EE86A0922046C051EB9
:10D21000E86A0522000C00BE02EF69F00188FF0CED
:10D22000006AE86A0EAE1DEF69F00B6C0C1E0D1E55
:10D230000E1E0C220D220E22001E09AE28EF69F0F0
:10D24000066C071E081E091E072208220922001E5E
:10D2500058EC6BF009BE3FEF69F000AE000C066CB5
:10D26000071E081E091EE86A072208220922026C0E
:10D27000031E041E051E032204220522000C00BE0C
:10D280002FEF69F00188FF0C09C013F008C012F0FD
:10D2900008500D02F4CF07F0F3CF06F009500E024C
:10D2A000F4CF09F0F3CF08F00D02F3500726F45045
:10D2B0000822E86A092212500E02F3500726F450A1
:10D2C0000822E86A09220EAE6AEF69F01250085E81
:10D2D0001350095A13AE000C0D50085E0E50095A37
:10D2E000000C08C012F008500D02F4CF07F0F3CF85
:10D2F00006F009500E02F4CF09F0F3CF08F00D024A
:10D30000F3500726F4500822E86A092212500E0250
:0ED31000F3500726F4500822E86A0922000CA8
:02D31E00FE0E01
:10D32000E3CFE9FFFF0EE3CFEAFFF36AF46AEE52C0
:10D3300003E0F34AF42AFBD71200D9CFE6FFDACF95
:10D34000E6FFFA0EE3CFD9FFFB0EE3CFDAFFFC0EC8
:10D35000E3CFE9FFFD0EE3CFEAFFF80EE35003E170
:10D36000F90EE3500AE0F80EE30602E2F90EE306D6
:10D37000DE50EF5C02E1EE66F0D7F36EFF0EE3CF16
:10D38000DAFFE552FF0EE3CFD9FFE552F35012006A
:10D39000FF0EE3CFF8FFE552FF0EE3CFF7FFE552B4
:10D3A000FF0EE3CFF6FFE552E66AE66AE66A090099
:10D3B000F55209E0FD0EE32A05E1FE0EE32A02E143
:10D3C000FF0EE32AF4D7FD0EE3CF07F0FE0EE3CF06
:0AD3D00008F0FF0EE3CF09F0120091
:06D3DA00D9CFE6FFDACF17
:10D3E000E6FFE1CFD9FFE2CFDAFFE652E652E6529E
:10D3F000E652D950F90F206EFF0EDA20216E020E90
:10D4000020C0DBFF030E21C0DBFF020EDBCFE6FFF7
:10D41000030EDBCFE6FFF90EDBCFE6FFFA0EDBCF24
:10D42000E6FFFB0EDBCFE6FFD950FC0FE66EFF0EEA
:10D43000DA20E66E78EC5CF0206E070EE15C02E22A
:10D44000E16AE552E16E2050F3CFDEFFF4CFDDFF5D
:10D45000FC0EDBCFE9FFFD0EDBCFEAFFEF6ADECF8C
:10D4600020F0DDCF21F020C0F3FF21C0F4FF040E37
:10D47000E15C02E2E16AE552E16EE552E5CFDAFFF6
:06D48000E7CFD9FF120006
:0AD486001E0EF66E000EF76E000E8B
:10D49000F86E02010900F550F76F0900F550F86FBA
:10D4A00003E1F76701D03DD00900F550F26F0900A4
:10D4B000F550F36F0900F550F46F09000900F550BD
:10D4C000E96E0900F550EA6E090009000900F550FF
:10D4D000F56F0900F550F66F09000900F6CFF9F273
:10D4E000F7CFFAF2F8CFFBF2F2C2F6FFF3C2F7FF82
:10D4F000F4C2F8FF0201F55302E1F65307E0090018
:10D50000F550EE6EF507F8E2F607F9D7F9C2F6FF27
:10D51000FAC2F7FFFBC2F8FF0201F707000EF85B43
:04D52000BFD712005F
:0CD52400D9CFE6FFDACFE6FFE1CFD9FF58
:10D53000E2CFDAFFE652E652E652E652D950FB0F4E
:10D54000206EFF0EDA20216E20C0DEFFDD6EDECF02
:10D55000E6FFDDCFE6FFFB0EDBCFE6FFFC0EDBCF09
:10D56000E6FFFD0EDBCFE6FFFEC2E6FFFFC2E6FFF1
:10D5700078EC5CF0206E070EE15C02E2E16AE552B5
:10D58000E16E2050020EF3CFDBFF030EF4CFDBFF82
:10D59000020EDBCF20F0030EDBCF21F020C0F3FF23
:10D5A00021C0F4FF040EE15C02E2E16AE552E16EA3
:0CD5B000E552E5CFDAFFE7CFD9FF12000B
:04D5BC00D9CFE6FFDE
:10D5C000DACFE6FFE1CFD9FFE2CFDAFFFB0EDBCF08
:10D5D00020F0FC0EDBCF21F00001800E21141AE1B7
:10D5E000FB0EDBCFE9FFFC0EDBCFEAFFEECFF3FF54
:10D5F000EDCFF4FFEE2A000EEF22F3CFE9FFF4CFD8
:10D60000EAFFFD0EDBCFEFFFEF50216AF36E21C082
:10D61000F4FF10D0FB0EDB50FE0806E1FD0EDBCF61
:10D62000E6FFC2EC6BF005D0FD0EDBCFE6FF65EC4C
:10D6300048F0E552E552E5CFDAFFE7CFD9FF120017
:10D6400006500B02F3CF02F0F4CF03F00C02F350BC
:10D650000326000EF420046E06500D02F35004263B
:10D66000000EF420056E06500E02F35005260750FA
:10D670000B02F3500326F4500422000E052207503B
:10D680000C02F3500426F450052207500D02F3500B
:10D69000052608500B02F3500426F45005220850CA
:10D6A0000C02F350052609500B02F3500526120018
:10D6B000056A046A036A026A200EE76ED89006368D
:10D6C00007360836093602360336043605360B505F
:10D6D000025C0C5003580D5004580E50055809E3D5
:10D6E0000B50025E0C50035A0D50045A0E50055A4E
:08D6F000062AE72EE4D7120020
:08D6F800056A046A100EE76EDA
:10D70000D89008360936043605360D50045C0E50A4
:10D71000055805E30D50045E0E50055A082AE72E01
:04D72000F0D712002C
:0CD72400F36AF46AFF0EE124E96EFF0EC8
:10D73000E220EA6EED6607D02F0EEF6404D03A0EB9
:08D74000EF6001D0F32A120092
:08D74800000EF36E00EE00F08C
:10D750000D0E01D81200EA6002D0EE6AFCD7F35039
:08D76000E9601200EE6AFCD73B
:08D7680011EE00F021EE00F0CB
:10D77000F86A019C43EC6AF003EC00F07BEC5BF090
:04D78000FBD71200C1
:0CD78400FF0EE350ACBA04D0AF6AAB8ECD
:10D79000AC8A949CACA2FED7AD6EF36EF46A120014
:10D7A0003031323334353637383961626364656617
:01D7B0000078
:0FD7B1003F065B4F666D7D077F6F4000000000F5
:09D7C00000000000000000000060
:020000040030CA
:0100010008F6
:010002001EDF
:010003001EDE
:0100050000FA
:010006008178
:00000001FF
