:020000040000FA
:0600000089EF6FF0120011
:020006001200E6
:06000800F5EF51F01200BB
:02000E00FEFFF3
:060018009AEF53F0120004
:02001E000200DE
:100020005BDF0000600000002E0000000E000000FA
:08003000F602000002000000CE
:08003800D9CFE6FFE1CFD9FFAB
:10004000D950FD0FE96EFF0EDA20EA6EFF0ED88060
:10005000EE54030EED5403E2000E27D026D0FF0E1F
:10006000E76EFD0EDBCF20F0FE0EDBCF21F0E75078
:100070002016216A2050A96EFD0EDBCF20F0FE0E67
:10008000DBCF21F021C020F0216A030E2014AA6EDC
:10009000A69EA69CA680FB0EDBCFE9FFFC0EDBCF65
:1000A000EAFFA8CFEFFF010E00D0E552E7CFD9FF5E
:1000B0001200D9CFE6FFE1CFD9FF030EE126090EEA
:1000C000DE6EDD6A0201010E666F906991699469C6
:1000D00095699A6F666B040EE66E40EC51F0E5523E
:1000E000050EF36E020EF3CFDBFFDB5000082BE2B0
:1000F000020EDBCFE6FFE66A750E206ED90E216E8A
:10010000226A20C0E6FF21C0E6FF22C0E6FFEB0E18
:10011000E66E050EE66EC2EC6DF0236E070EE15E34
:100120002350EB0EE66E050EE66ED4EC50F0E55271
:10013000E552050EE66EE66A16EC50F0E552E55221
:10014000020EDB06D2D70201010E666F926B936B33
:10015000966B976B666B050EF36E020EF3CFDBFFAB
:10016000DB5000082BE2020EDBCFE6FFE66A6D0EE5
:10017000206ED90E216E226A20C0E6FF21C0E6FF64
:1001800022C0E6FFEB0EE66E050EE66EC2EC6DF0E9
:10019000236E070EE15E2350EB0EE66E050EE66E53
:1001A000D4EC50F0E552E552050EE66EE66A16EC28
:1001B00050F0E552E552020EDB06D2D70201010EE5
:1001C000666F9A6B666B91C220F0216A2050E66ED2
:1001D000DFCF22F0DF2A010EDBCF23F001E3DB2AA1
:1001E00022C0E6FF23C0E6FFE8DAE552E552E55219
:1001F00002019051E66EDFCF20F0DF2A010EDBCF47
:1002000021F001E3DB2A20C0E6FF21C0E6FFD5DABA
:10021000E552E552E55293C220F0216A2050E66E85
:10022000DFCF22F0DF2A010EDBCF23F001E3DB2A50
:1002300022C0E6FF23C0E6FFC0DAE552E552E552F0
:1002400002019251E66EDFCF20F0DF2A010EDBCFF4
:1002500021F001E3DB2A20C0E6FF21C0E6FFADDA92
:10026000E552E552E55295C220F0216A2050E66E33
:10027000DFCF22F0DF2A010EDBCF23F001E3DB2A00
:1002800022C0E6FF23C0E6FF98DAE552E552E552C8
:1002900002019451E66EDFCF20F0DF2A010EDBCFA2
:1002A00021F001E3DB2A20C0E6FF21C0E6FF85DA6A
:1002B000E552E552E55297C220F0216A2050E66EE1
:1002C000DFCF22F0DF2A010EDBCF23F001E3DB2AB0
:1002D00022C0E6FF23C0E6FF70DAE552E552E552A0
:1002E00002019651E66EDECFE6FFDDCFE6FF65DA6E
:1002F000E552E552E552030EE15C02E2E16AE552A5
:10030000E16EE552E7CFD9FF1200D9CFE6FFE1CF8A
:10031000D9FF040EE126010EDB6A020EDB6A030E32
:10032000DB6A080EF36E030EDBCFF4FFF350F45CD0
:1003300017E2030EDBCFE6FF010EDBCF20F0DB2A56
:10034000020EDBCF21F001E3DB2A20C0E6FF21C053
:10035000E6FF33DAE552E552E552030EDB2AE1D738
:10036000080EF36E010EF3CFDBFF020EDB6A060E02
:10037000DF6EDFCFE6FF010EDBCFE6FF020EDBCF45
:10038000E6FF1BDAE552E552E552110EF36E010E5F
:10039000F3CFDBFF020EDB6ADF6ADFCFE6FF010E81
:1003A000DBCFE6FF020EDBCFE6FF07DAE552E552D0
:1003B000E5520201010E666F060E656F696B666B92
:1003C000120EF36E010EF3CFDBFF020EDB6AD95083
:1003D000010FE96EDACFEAFF150ED880EE54000E59
:1003E000ED5411E3010EE66EDBCFE6FF020EDBCF2C
:1003F000E6FFE3D9E552E552E552010EDB2A020E93
:1004000001E3DB2AE4D749EC5BF0E9EC5CF0040E95
:10041000E15C02E2E16AE552E16EE552E7CFD9FF25
:100420001200D9CFE6FFE1CFD9FF060EE126010E7B
:10043000DB6A020EDB6A050EDB6A080EF36E050E40
:10044000DBCFF4FFF350F45C1FE2D9CFE6FFDACF45
:10045000E6FF010EDBCF20F0DB2A020EDBCF21F01E
:1004600001E3DB2A20C0E6FF21C0E6FFE5DDE5521F
:10047000E552E552E552050EDB50DF5C02E045DF58
:1004800080D1050EDB2AD9D7080EF36E010EF3CF0B
:10049000DBFF020EDB6AD9CFE6FFDACFE6FF010E03
:1004A000DBCFE6FF020EDBCFE6FFC6DDE552E5520D
:1004B000E552E5520201010E666FDFCF65F2666B11
:1004C000120EF36E010EF3CFDBFF020EDB6AD9CF03
:1004D000E6FFDACFE6FF010EDBCF20F0DB2A020ECB
:1004E000DBCF21F001E3DB2A20C0E6FF21C0E6FFDD
:1004F000A3DDE552E552E552E552DF50E8B09582C2
:10050000E8A09592D9CFE6FFDACFE6FF010EDBCF68
:1005100020F0DB2A020EDBCF21F001E3DB2A20C032
:10052000E6FF21C0E6FF88DDE552E552E552E552DF
:10053000DF50E8B09584E8A09594D9CFE6FFDACFF4
:10054000E6FF010EDBCF20F0DB2A020EDBCF21F02D
:1005500001E3DB2A20C0E6FF21C0E6FF6DDDE552A6
:10056000E552E552E552DF50E8B09586E8A0959651
:10057000D9CFE6FFDACFE6FF010EDBCFE6FF020EB2
:10058000DBCFE6FF59DDE552E552E552E552DF509B
:10059000E8B09488E8A09498090EF36E010EF3CFAA
:1005A000DBFF020EDB6AD9CFE6FFDACFE6FF010EF2
:1005B000DBCF20F0DB2A020EDBCF21F001E3DB2AC8
:1005C00020C0E6FF21C0E6FF37DDE552E552E552E7
:1005D000E552DF500201906F916BD9CFE6FFDACF81
:1005E000E6FF010EDBCF20F0DB2A020EDBCF21F08D
:1005F00001E3DB2A20C0E6FF21C0E6FF1DDDE55256
:10060000E552E552E55290C221F0206ADF50020126
:100610002024906F000E2120916FD9CFE6FFDACF12
:10062000E6FF010EDBCF20F0DB2A020EDBCF21F04C
:1006300001E3DB2A20C0E6FF21C0E6FFFDDCE55236
:10064000E552E552E552DF500201926F936BD9CF2C
:10065000E6FFDACFE6FF010EDBCF20F0DB2A020E49
:10066000DBCF21F001E3DB2A20C0E6FF21C0E6FF5B
:10067000E3DCE552E552E552E55292C221F0206AF0
:10068000DF5002012024926F000E2120936FD9CFFA
:10069000E6FFDACFE6FF010EDBCF20F0DB2A020E09
:1006A000DBCF21F001E3DB2A20C0E6FF21C0E6FF1B
:1006B000C3DCE552E552E552E552DF500201946F8A
:1006C000956BD9CFE6FFDACFE6FF010EDBCF20F046
:1006D000DB2A020EDBCF21F001E3DB2A20C0E6FF9C
:1006E00021C0E6FFA9DCE552E552E552E55294C28D
:1006F00021F0206ADF5002012024946F000E212097
:10070000956FD9CFE6FFDACFE6FF010EDBCF20F001
:10071000DB2A020EDBCF21F001E3DB2A20C0E6FF5B
:1007200021C0E6FF89DCE552E552E552E552DF5093
:100730000201966F976BD9CFE6FFDACFE6FF010E85
:10074000DBCFE6FF020EDBCFE6FF76DCE552E552BB
:10075000E552E55296C221F0206ADF5002012024C2
:10076000966F000E2120976F9051925D9B6F915173
:1007700093599C6F9451965D9D6F955197599E6FBB
:10078000DDD9060EE15C02E2E16AE552E16EE55276
:10079000E7CFD9FF1200A1A805D0A198A694010E19
:1007A00003D002D0000E00D01200A6B203D0010E7A
:1007B00003D002D0000E00D01200D9CFE6FFE1CF67
:1007C000D9FFE652D950FD0FE96EFF0EDA20EA6E2E
:1007D000FF0ED880EE54030EED5403E2000E4AD013
:1007E00049D0E3DF000901E1FCD7D9CFE6FFDACF3A
:1007F000E6FFFD0EDBCFE6FFFE0EDBCFE6FF1CDCE7
:10080000E552E552E552E552FC0EDB50DF5C02E1B9
:10081000010E30D0FF0EE76EFD0EDBCF20F0FE0E96
:10082000DBCF21F0E7502016216A2050A96EFD0E83
:10083000DBCF20F0FE0EDBCF21F021C020F0216ABB
:10084000030E2014AA6EFC0EDB50A86EA69EA69C7A
:10085000A684F29E550EA76EAA0EA76EA6829BDFF7
:10086000FF0801E1FCD7A1DF000901E1FCD7F28E0E
:10087000010E00D0E552E552E7CFD9FF12005ED954
:1008800000D012005A0E206ED90E216E226A20C0AE
:10089000E6FF21C0E6FF22C0E6FFEB0EE66E050E86
:1008A000E66EC2EC6DF0236E050EE15E2350EB0E9A
:1008B000E66E050EE66EA1EC47F0E552E552470EF6
:1008C000206ED90E216E226A20C0E6FF21C0E6FF0D
:1008D00022C0E6FFEB0EE66E050EE66EC2EC6DF092
:1008E000236E050EE15E2350EB0EE66E050EE66EFE
:1008F000A1EC47F0E552E5523F0E206ED90E216E75
:10090000226A20C0E6FF21C0E6FF22C0E6FFEB0E10
:10091000E66E050EE66EC2EC6DF0236E050EE15E2E
:10092000235002010651E66EE66AEB0EE66E050EF6
:10093000E66E3A0E206ED90E216E226A20C0E6FFC6
:1009400021C0E6FF22C0E6FFEB0EE66E050EE66E66
:10095000C2EC6DF0236E090EE15E2350EB0EE66EE5
:10096000050EE66EA1EC47F0E552E552320E206E20
:10097000D90E216E226A20C0E6FF21C0E6FF22C008
:10098000E6FFEB0EE66E050EE66EC2EC6DF0236E32
:10099000050EE15E235073DFE66EE66AEB0EE66E4F
:1009A000050EE66E2B0E206ED90E216E226A20C037
:1009B000E6FF21C0E6FF22C0E6FFEB0EE66E050E65
:1009C000E66EC2EC6DF0236E090EE15E2350EB0E75
:1009D000E66E050EE66EA1EC47F0E552E5521F0EFD
:1009E000206ED90E216E226A20C0E6FF21C0E6FFEC
:1009F00022C0E6FFEB0EE66E050EE66EC2EC6DF071
:100A0000236E050EE15E235002016951E66EE66A2F
:100A1000EB0EE66E050EE66E3A0E206ED90E216ED6
:100A2000226A20C0E6FF21C0E6FF22C0E6FFEB0EEF
:100A3000E66E050EE66EC2EC6DF0236E090EE15E09
:100A40002350EB0EE66E050EE66EA1EC47F0E55284
:100A5000E552190E206ED90E216E226A20C0E6FFE3
:100A600021C0E6FF22C0E6FFEB0EE66E050EE66E45
:100A7000C2EC6DF0236E050EE15E2350060E0201FE
:100A8000655D1DE19F51E66EE66AEB0EE66E050EB2
:100A9000E66E0C0E206ED90E216E226A20C0E6FF93
:100AA00021C0E6FF22C0E6FFEB0EE66E050EE66E05
:100AB000C2EC6DF0236E090EE15E235019D0EB0EEF
:100AC000E66E050EE66E060E206ED90E216E226AC7
:100AD00020C0E6FF21C0E6FF22C0E6FFEB0EE66E77
:100AE000050EE66EC2EC6DF0236E070EE15E23503C
:100AF000EB0EE66E050EE66EA1EC47F0E552E55210
:100B0000050E206ED90E216E226A20C0E6FF21C09C
:100B1000E6FF22C0E6FFEB0EE66E050EE66EC2ECC7
:100B20006DF0236E050EE15E2350EB0EE66E050EB2
:100B3000E66EA1EC47F0E552E5521200D9CFE6FF90
:100B4000E1CFD9FF090EE126110EF36E030EF3CFAC
:100B5000DBFF040EDB6AD950020FE66E000EDA20CE
:100B6000E66E030EDBCFE6FF040EDBCFE6FF1CECE8
:100B700000F0E552E552E552E552020EDBCF69F294
:100B80000201695102E1640E88D0160EF36E030E65
:100B9000F3CFDBFF040EDB6ADF6A02016951DF5C21
:100BA0003DE2010EDB6A0F0EF36E010EDBCFF4FFA8
:100BB000F350F45C31E2D950020FE66E000EDA20F9
:100BC000E66E030EDBCF20F0DB2A040EDBCF21F034
:100BD00001E3DB2A20C0E6FF21C0E6FF1CEC00F0A9
:100BE000E552E552E552E552DF500F0DF3CF20F00C
:100BF000F4CF21F0840E2026070E2122010EDB50B7
:100C00000F012024E96E000E2120EA6E020EDBCFD8
:100C1000EFFF010EDB2AC7D7DF2ABFD7206A040EF9
:100C2000216E226A236A030EDBCF24F0040EDBCF91
:100C300025F0266A276A2450205C066E255021582C
:100C4000076E26502258086E27502358096E640EEE
:100C50000B6E0C6A0D6A0E6AF5EC6EF002C006F0BF
:100C600003C007F004C008F005C009F0EA0E0B6EDF
:100C7000030E0C6E0D6A0E6AE5EC6CF0050E06C0F4
:100C8000DBFF060E07C0DBFF070E08C0DBFF080E08
:100C900009C0DBFF050EDB5000D0206E090EE15CC1
:100CA00002E2E16AE552E16E2050E552E7CFD9FF5A
:100CB0001200D9CFE6FFE1CFD9FF050EE126160ECF
:100CC000F36E020EF3CFDBFF030EDB6ADF6A020175
:100CD0006951DF5C4BE20F0EE76E020EDBCF20F0B6
:100CE000030EDBCF21F0E7502026000E2122205CEE
:100CF000040E215804E3110E6A6F000E4FD0010E4E
:100D0000DB6A0F0EF36E010EDBCFF4FFF350F45CE1
:100D10002BE2DF500F0DF3CF20F0F4CF21F0840E43
:100D20002026070E2122010EDB500F012024E96E40
:100D3000000E2120EA6E040EEFCFDBFFDBCFE6FFD3
:100D4000020EDBCF20F0DB2A030EDBCF21F001E324
:100D5000DB2A20C0E6FF21C0E6FF2FDDE552E55289
:100D6000E552010EDB2ACDD7DF2AB1D7110EF36E83
:100D7000020EF3CFDBFF030EDB6A040E69C2DBFF5A
:100D8000DBCFE6FF020EDBCFE6FF030EDBCFE6FF95
:100D900014DDE552E552E552010E00D0206E050E3D
:100DA000E15C02E2E16AE552E16E2050E552E7CFF4
:100DB000D9FF1200D9CFE6FFE1CFD9FF300EF36E95
:100DC000FE0EDBCFF4FFF350F45C07E3FE0EDB50C6
:100DD000390803E3010E03D002D0000E00D0E55223
:100DE000E7CFD9FF1200D9CFE6FFE1CFD9FF410EFF
:100DF000F36EFE0EDBCFF4FFF350F45C07E3FE0E60
:100E0000DB50460803E3010E03D002D0000E00D0F1
:100E1000E552E7CFD9FF1200D9CFE6FFE1CFD9FFE6
:100E2000E652610EF36EFE0EDBCFF4FFF350F45C7E
:100E300009E3FE0EDB507A0805E3FE0EDB50E00FFF
:100E4000DF6E03D0FE0EDB50DF6EDF5000D0E552C8
:100E5000E552E7CFD9FF1200D9CFE6FFE1CFD9FFA6
:100E6000090EE126DE6ADD6A020EDB6A030EDB6A2A
:100E70000A0EF36E040EF3CFDBFF050EDB6A060EDF
:100E8000DB6AFD0EDBCFE9FFFE0EDBCFEAFFEF50A2
:100E9000300805E1FD0EDB2AFE0E01E3DB2AFD0E24
:100EA000DBCFE9FFFE0EDBCFEAFFEF5009E0FD0EDE
:100EB000DBCFE9FFFE0EDBCFEAFFEF5020080BE1AE
:100EC000050EDBCF20F0060EDBCF21F020C0F3FFB4
:100ED00021C0F4FF0CD1FD0EDBCFE9FFFE0EDBCF0E
:100EE000EAFFEF50E66E98DFE55258080AE1FD0E82
:100EF000DB2AFE0E01E3DB2A100EF36E040EF3CFA5
:100F0000DBFFFD0EDBCFE9FFFE0EDBCFEAFFEF508C
:100F100001E1ADD0FD0EDBCFE9FFFE0EDBCFEAFF36
:100F2000EF50200801E1A3D0FD0EDBCFE9FFFE0E5C
:100F3000DBCFEAFFEF50E66E3DDFE552000913E03C
:100F4000FD0EDBCFE9FFFE0EDBCFEAFFEF50D00F47
:100F5000E66ED950070FE96EDACFEAFFE552E750A7
:100F6000EE6EED6A48D0FD0EDBCFE9FFFE0EDBCF63
:100F7000EAFFEF50E66E50DFE552E66E34DFE552F1
:100F800000092AE0FD0EDBCFE9FFFE0EDBCFEAFF12
:100F9000EF50E66E41DFE552BF0F0A0FE66ED95003
:100FA000070FE96EDACFEAFFE552E750EE6EED6A21
:100FB000070EDBCF20F0080EDBCF21F0D8902150B8
:100FC00004E60A0E205C000E215805E3100EF36EB5
:100FD000040EF3CFDBFF0FD0220E0201F46FF56B8E
:100FE000050EDBCF20F0060EDBCF21F020C0F3FF93
:100FF00021C0F4FF7CD0070EDBCF22F0080EDBCF40
:1010000023F0100E086E096ADECF0DF0DDCF0EF072
:1010100019EC6DF006502224206E07502320216E1B
:1010200020C0DEFF21C0DDFF070EDBCF22F0080E5F
:10103000DBCF23F00A0E086E096A020EDBCF0DF03B
:10104000030EDBCF0EF019EC6DF006502224206E5B
:1010500007502320216E020E20C0DBFF030E21C0AB
:10106000DBFFFD0EDB2AFE0E01E3DB2A4AD7040E6E
:10107000DB500A080DE1020EDBCF08F0030EDBCFD8
:1010800009F0050E08C0DBFF060E09C0DBFF0AD021
:10109000D9CFE9FFDACFEAFF050EEECFDBFF060E70
:1010A000EDCFDBFF050EDBCF20F0060EDBCF21F00E
:1010B000000E205C000E21580FE2220E0201F46F98
:1010C000F56B050EDBCF20F0060EDBCF21F020C044
:1010D000F3FF21C0F4FF0BD0050EDBCF20F0060E8E
:1010E000DBCF21F020C0F3FF21C0F4FF00D0090EB8
:1010F000E15C02E2E16AE552E16EE552E7CFD9FF39
:10110000120002016A51080A01E186D2100A01E1C7
:101110006DD20D0A01E154D2010A01E13BD2070A66
:1011200001E122D2010A01E109D2030A01E1F0D171
:10113000010A01E1D7D11F0A01E1BED1010A01E193
:10114000A5D1030A01E18CD1010A01E173D1060A9C
:1011500001E15AD1030A01E141D10E0A01E128D18E
:101160001C0A01E10FD1010A01E1F6D0030A01E1F5
:10117000DDD0120A01E1C4D01C0A01E1ABD0010AA2
:1011800001E192D0100A01E179D0030A61E0010A7D
:1011900049E0070A31E0010A19E0030A01E052D2EE
:1011A000F70E206ED80E216E226A20C0E6FF21C005
:1011B000E6FF22C0E6FFEB0EE66E050EE66EC2EC21
:1011C0006DF0236E050EE15E235054D2E80E206EC2
:1011D000D80E216E226A20C0E6FF21C0E6FF22C0A1
:1011E000E6FFEB0EE66E050EE66EC2EC6DF0236ECA
:1011F000050EE15E23503ED2D50E206ED80E216E34
:10120000226A20C0E6FF21C0E6FF22C0E6FFEB0E07
:10121000E66E050EE66EC2EC6DF0236E050EE15E25
:10122000235028D2CA0E206ED80E216E226A20C00A
:10123000E6FF21C0E6FF22C0E6FFEB0EE66E050EDC
:10124000E66EC2EC6DF0236E050EE15E235012D205
:10125000BD0E206ED80E216E226A20C0E6FF21C08E
:10126000E6FF22C0E6FFEB0EE66E050EE66EC2EC70
:101270006DF0236E050EE15E2350FCD1AD0E206EA5
:10128000D80E216E226A20C0E6FF21C0E6FF22C0F0
:10129000E6FFEB0EE66E050EE66EC2EC6DF0236E19
:1012A000050EE15E2350E6D19C0E206ED80E216E15
:1012B000226A20C0E6FF21C0E6FF22C0E6FFEB0E57
:1012C000E66E050EE66EC2EC6DF0236E050EE15E75
:1012D0002350D0D18C0E206ED80E216E226A20C0F1
:1012E000E6FF21C0E6FF22C0E6FFEB0EE66E050E2C
:1012F000E66EC2EC6DF0236E050EE15E2350BAD1AE
:101300007D0E206ED80E216E226A20C0E6FF21C01D
:10131000E6FF22C0E6FFEB0EE66E050EE66EC2ECBF
:101320006DF0236E050EE15E2350A4D1670E206E92
:10133000D80E216E226A20C0E6FF21C0E6FF22C03F
:10134000E6FFEB0EE66E050EE66EC2EC6DF0236E68
:10135000050EE15E23508ED1530E206ED80E216E05
:10136000226A20C0E6FF21C0E6FF22C0E6FFEB0EA6
:10137000E66E050EE66EC2EC6DF0236E050EE15EC4
:10138000235078D13B0E206ED80E216E226A20C0E9
:10139000E6FF21C0E6FF22C0E6FFEB0EE66E050E7B
:1013A000E66EC2EC6DF0236E050EE15E235062D155
:1013B000280E206ED80E216E226A20C0E6FF21C0C2
:1013C000E6FF22C0E6FFEB0EE66E050EE66EC2EC0F
:1013D0006DF0236E050EE15E23504CD1190E206E88
:1013E000D80E216E226A20C0E6FF21C0E6FF22C08F
:1013F000E6FFEB0EE66E050EE66EC2EC6DF0236EB8
:10140000050EE15E235036D10B0E206ED80E216EF4
:10141000226A20C0E6FF21C0E6FF22C0E6FFEB0EF5
:10142000E66E050EE66EC2EC6DF0236E050EE15E13
:10143000235020D1FB0E206ED70E216E226A20C0D1
:10144000E6FF21C0E6FF22C0E6FFEB0EE66E050ECA
:10145000E66EC2EC6DF0236E050EE15E23500AD1FC
:10146000E70E206ED70E216E226A20C0E6FF21C053
:10147000E6FF22C0E6FFEB0EE66E050EE66EC2EC5E
:101480006DF0236E050EE15E2350F4D0D60E206E73
:10149000D70E216E226A20C0E6FF21C0E6FF22C0DF
:1014A000E6FFEB0EE66E050EE66EC2EC6DF0236E07
:1014B000050EE15E2350DED0C70E206ED70E216EE2
:1014C000226A20C0E6FF21C0E6FF22C0E6FFEB0E45
:1014D000E66E050EE66EC2EC6DF0236E050EE15E63
:1014E0002350C8D0B40E206ED70E216E226A20C0C1
:1014F000E6FF21C0E6FF22C0E6FFEB0EE66E050E1A
:10150000E66EC2EC6DF0236E050EE15E2350B2D0A4
:101510009B0E206ED70E216E226A20C0E6FF21C0EE
:10152000E6FF22C0E6FFEB0EE66E050EE66EC2ECAD
:101530006DF0236E050EE15E23509CD08D0E206E63
:10154000D70E216E226A20C0E6FF21C0E6FF22C02E
:10155000E6FFEB0EE66E050EE66EC2EC6DF0236E56
:10156000050EE15E235086D0790E206ED70E216ED7
:10157000226A20C0E6FF21C0E6FF22C0E6FFEB0E94
:10158000E66E050EE66EC2EC6DF0236E050EE15EB2
:10159000235070D05E0E206ED70E216E226A20C0BE
:1015A000E6FF21C0E6FF22C0E6FFEB0EE66E050E69
:1015B000E66EC2EC6DF0236E050EE15E23505AD04C
:1015C000460E206ED70E216E226A20C0E6FF21C093
:1015D000E6FF22C0E6FFEB0EE66E050EE66EC2ECFD
:1015E0006DF0236E050EE15E235044D0340E206E64
:1015F000D70E216E226A20C0E6FF21C0E6FF22C07E
:10160000E6FFEB0EE66E050EE66EC2EC6DF0236EA5
:10161000050EE15E23502ED0260E206ED70E216ED1
:10162000226A20C0E6FF21C0E6FF22C0E6FFEB0EE3
:10163000E66E050EE66EC2EC6DF0236E050EE15E01
:10164000235018D06A51E66EE66A130E206ED70E4C
:10165000216E226A20C0E6FF21C0E6FF22C0E6FF1D
:10166000EB0EE66E050EE66EC2EC6DF0236E070E15
:10167000E15E2350EB0EE66E050EE66EA1EC47F040
:10168000E552E552050E206ED90E216E226A20C069
:10169000E6FF21C0E6FF22C0E6FFEB0EE66E050E78
:1016A000E66EC2EC6DF0236E050EE15E2350EB0E8C
:1016B000E66E050EE66EA1EC47F0E552E55202013A
:1016C0006A6B1200D9CFE6FFE1CFD9FF0C0EE126FD
:1016D000DF6A010EDB6ADF6ADF50206E216A20C0FC
:1016E000E6FF21C0E6FFFD0EDBCFE6FFFE0EDBCFFF
:1016F000E6FF64EC6DF0E552E552E552E7CF21F0EC
:10170000E552E7CF20F0F3CF22F0F4CF23F02150C1
:101710002318E8AE02D0233404D02250205C23509A
:10172000215801E3B5D0DF50E76EFD0EDBCFE9FFB6
:10173000FE0EDBCFEAFFE750E926000EEA22EF506B
:10174000200808E1F90EDBCFE9FFFA0EDBCFEAFF54
:10175000EF2A9CD0DF50E76EFD0EDBCFE9FFFE0ED7
:10176000DBCFEAFFE750E926000EEA22EF50E66EF3
:10177000D950020F206EDACF21F0010EDBCFF3FF3C
:10178000DB2AF3500F012024E96E000E2120EA6EBF
:10179000E552E750EF6EF90EDBCFE9FFFA0EDBCF33
:1017A000EAFFEF2AFB0EDBCFE6FFFC0EDBCFE6FF06
:1017B00064EC6DF0E552E552F3CF22F0F4CF23F064
:1017C00022C0E6FF23C0E6FFFB0EDBCFE6FFFC0EE8
:1017D000DBCFE6FFD950020FE66E000EDA20E66E90
:1017E00072EC6DF0246E060EE15E2450F3CF20F013
:1017F000F4CF21F02050211002E1010E4ED0010E55
:10180000DB50206E216A20C0E6FF21C0E6FFFB0E00
:10181000DBCFE6FFFC0EDBCFE6FF64EC6DF0E552BC
:10182000E552E552E7CF21F0E552E7CF20F0F3CFC4
:1018300024F0F4CF25F0D890255004E6090E245C5E
:10184000000E255819E220C0E6FF21C0E6FFFB0E7E
:10185000DBCFE6FFFC0EDBCFE6FF64EC6DF0E5527C
:10186000E552E552E7CF21F0E552E7CF20F0F3CF84
:1018700022F0F4CF23F003D0090E226E236A225007
:10188000201802E12350211801E102D0DF2A24D7D9
:101890000201010E6A6F000E00D0206E0C0EE15C9A
:1018A00002E2E16AE552E16E2050E552E7CFD9FF4E
:1018B0001200D9CFE6FFE1CFD9FF050EE126DF6A9E
:1018C000010EDB6A0201F46BF56BDF50E76EFD0E73
:1018D000DBCFE9FFFE0EDBCFEAFFE750E926000E83
:1018E000EA22EF5020082FE1DF50206E216A20C04D
:1018F000E6FF21C0E6FFFD0EDBCFE6FFFE0EDBCFED
:10190000E6FF64EC6DF0E552E552E552E7CF21F0D9
:10191000E552E7CF20F0F3CF22F0F4CF23F02150AF
:101920002318E8AE02D0233404D02250205C235088
:10193000215809E2F90EDBCFE9FFFA0EDBCFEAFF0F
:10194000EF2ADF2AC2D7DF50E76EFD0EDBCF20F093
:10195000FE0EDBCF21F0E7502026000E212220C012
:10196000E6FF21C0E6FF2CEC07F0E552E552030E3E
:10197000F3CFDBFF040EF4CFDBFF0201220EF419DC
:1019800001E1F55105E0160EF41901E1F55103E10D
:10199000020EDB6A05D0010EF36E020EF3CFDBFF01
:1019A000D950030FE96EDACFEAFFFF0ED880EE546C
:1019B000000EED540DE2220EF41901E1F55102E0A2
:1019C000000E01D0010E0201040E6A6F000E52D00B
:1019D000020EDB044AE1DF50E76EFD0EDBCFE9FFCC
:1019E000FE0EDBCFEAFFE750E926000EEA22EF50B9
:1019F00020082FE0DF50206E216A20C0E6FF21C0C2
:101A0000E6FFFD0EDBCFE6FFFE0EDBCFE6FF64EC6C
:101A10006DF0E552E552E552E7CF21F0E552E7CF10
:101A200020F0F3CF22F0F4CF23F021502318E8AEBA
:101A300002D0233404D02250205C2350215809E2E4
:101A4000F90EDBCFE9FFFA0EDBCFEAFFEF2ADF2A40
:101A5000C2D7FB0EDBCFE9FFFC0EDBCFEAFF030EA4
:101A6000DBCFEFFF010E06D005D00201020E6A6F38
:101A7000000E00D0206E050EE15C02E2E16AE55244
:101A8000E16E2050E552E7CFD9FF1200D9CFE6FF33
:101A9000E1CFD9FF020EE126010EDB6ADF6A030EF9
:101AA000F36E010EDBCFF4FFF350F45C01E3AFD033
:101AB000FB0EDBCFE9FFFC0EDBCFEAFFEF50E76E5A
:101AC000FD0EDBCFE9FFFE0EDBCFEAFFE750E92694
:101AD000000EEA22EF50200874E0010EDB5008E10E
:101AE000DF5006E10201120E6A6F000E92D068D03C
:101AF000FB0EDBCFE9FFFC0EDBCFEAFFEF50206EE1
:101B0000216A20C0E6FF21C0E6FFFD0EDBCFE6FF25
:101B1000FE0EDBCFE6FF64EC6DF0E552E552E552D8
:101B2000E7CF21F0E552E7CF20F0F3CF22F0F4CF5A
:101B300023F02250201802E12350211819E1010E50
:101B4000DB50000810E2010EDB50E76EF90EDBCF30
:101B5000E9FFFA0EDBCFEAFFE750E926000EEA22A2
:101B6000EF6A55D02DD002011B0E6A6F000E51D0C6
:101B7000FB0EDBCFE9FFFC0EDBCFEAFFEF50EF2AD5
:101B8000E76EFD0EDBCFE9FFFE0EDBCFEAFFE7508D
:101B9000E926000EEA22EF50E66E010EDBCFF3FFDE
:101BA000DB2AF350E76EF90EDBCFE9FFFA0EDBCF4D
:101BB000EAFFE750E926000EEA22E552E750EF6E11
:101BC0001CD0010EDB500AE1010EDF6EFB0EDBCFF5
:101BD000E9FFFC0EDBCFEAFFEF2A0FD0010EDB504E
:101BE000E76EF90EDBCFE9FFFA0EDBCFEAFFE75035
:101BF000E926000EEA22EF6A0AD0010EDB50030844
:101C000005E10201130E6A6F000E03D048D7010EE2
:101C100000D0206E020EE15C02E2E16AE552E16E64
:101C20002050E552E7CFD9FF1200D9CFE6FFE1CF30
:101C3000D9FF0E0EE126DF6A010EDB6AFB0EDBCF59
:101C4000E6FFFC0EDBCFE6FF09EC2BF0E552E55298
:101C50000E0E206ED70E216E226A20C0E6FF21C034
:101C6000E6FF22C0E6FFD950020FE66E000EDA2032
:101C7000E66EC2EC6DF0236E050EE15E2350D9CF07
:101C8000E6FFDACFE6FFD950020FE66E000EDA204B
:101C9000E66EDF50E76EFD0EDBCF20F0FE0EDBCFF1
:101CA00021F0E7502026000E212220C0E6FF21C0AF
:101CB000E6FF08DD226E060EE15E2250000921E0FB
:101CC000020EE76EFB0EDBCFE9FFFC0EDBCFEAFF77
:101CD000E750E926000EEA22040EEF6E010EE76ED1
:101CE000FB0EDBCFE9FFFC0EDBCFEAFFE750E92676
:101CF000000EEA2206C2EFFF02016A6B010E89EFB5
:101D000029F0070E206ED70E216E226A20C0E6FF52
:101D100021C0E6FF22C0E6FFD950020FE66E000E9A
:101D2000DA20E66EC2EC6DF0236E050EE15E235004
:101D3000DF6AD9CFE6FFDACFE6FFD950020FE66EB1
:101D4000000EDA20E66EDF50E76EFD0EDBCF20F0EE
:101D5000FE0EDBCF21F0E7502026000E212220C00E
:101D6000E6FF21C0E6FFAEDC226E060EE15E2250E9
:101D7000000921E0020EE76EFB0EDBCFE9FFFC0E4F
:101D8000DBCFEAFFE750E926000EEA22050EEF6EF0
:101D9000010EE76EFB0EDBCFE9FFFC0EDBCFEAFFA7
:101DA000E750E926000EEA2206C2EFFF02016A6B45
:101DB000010E89EF29F0030E206ED70E216E226AE4
:101DC00020C0E6FF21C0E6FF22C0E6FFD950020F87
:101DD000E66E000EDA20E66EC2EC6DF0236E050EA4
:101DE000E15E2350DF6AD9CFE6FFDACFE6FFD950B4
:101DF000020FE66E000EDA20E66EDF50E76EFD0E93
:101E0000DBCF20F0FE0EDBCF21F0E7502026000EC6
:101E1000212220C0E6FF21C0E6FF54DC226E060E20
:101E2000E15E2250000941E0020EE76EFB0EDBCFBF
:101E3000E9FFFC0EDBCFEAFFE750E926000EEA22BD
:101E4000230EEF6ED9CFE6FFDACFE6FF010EE76E85
:101E5000FB0EDBCF20F0FC0EDBCF21F0E75020267D
:101E6000000E212220C0E6FF21C0E6FFDF50E76E12
:101E7000FD0EDBCF22F0FE0EDBCF23F0E750222653
:101E8000000E232222C0E6FF23C0E6FF12DD246EEF
:101E9000060EE15E2450000903E1000E89EF29F0EF
:101EA00002016A6B010E89EF29F0FD0E206ED60E3D
:101EB000216E226A20C0E6FF21C0E6FF22C0E6FFB5
:101EC000D950020FE66E000EDA20E66EC2EC6DF01D
:101ED000236E050EE15E2350DF6AD9CFE6FFDACF2D
:101EE000E6FFD950020FE66E000EDA20E66EDF50F4
:101EF000E76EFD0EDBCF20F0FE0EDBCF21F0E750CA
:101F00002026000E212220C0E6FF21C0E6FF62EC61
:101F10000BF0226E060EE15E2250000941E0020E37
:101F2000E76EFB0EDBCFE9FFFC0EDBCFEAFFE750ED
:101F3000E926000EEA222D0EEF6ED9CFE6FFDACFAA
:101F4000E6FF010EE76EFB0EDBCF20F0FC0EDBCFD1
:101F500021F0E7502026000E212220C0E6FF21C0FC
:101F6000E6FFDF50E76EFD0EDBCF22F0FE0EDBCF8B
:101F700023F0E7502226000E232222C0E6FF23C0D2
:101F8000E6FF97DC246E060EE15E2450000903E1B3
:101F9000000E89EF29F002016A6B010E89EF29F02A
:101FA000F70E206ED60E216E226A20C0E6FF21C0F9
:101FB000E6FF22C0E6FFD950020FE66E000EDA20DF
:101FC000E66EC2EC6DF0236E050EE15E2350DF6A13
:101FD000D9CFE6FFDACFE6FFD950020FE66E000E4A
:101FE000DA20E66EDF50E76EFD0EDBCF20F0FE0E4E
:101FF000DBCF21F0E7502026000E212220C0E6FF93
:1020000021C0E6FF62EC0BF0226E060EE15E22506C
:10201000000941E0020EE76EFB0EDBCFE9FFFC0E8C
:10202000DBCFEAFFE750E926000EEA22240EEF6E2E
:10203000D9CFE6FFDACFE6FF010EE76EFB0EDBCF6E
:1020400020F0FC0EDBCF21F0E7502026000E2122ED
:1020500020C0E6FF21C0E6FFDF50E76EFD0EDBCFBC
:1020600022F0FE0EDBCF23F0E7502226000E2322C3
:1020700022C0E6FF23C0E6FF1CDC246E060EE15EF4
:102080002450000903E1000E89EF29F002016A6B78
:10209000010E89EF29F0DF6AF20E206ED60E216E56
:1020A000226A20C0E6FF21C0E6FF22C0E6FFD95029
:1020B000020FE66E000EDA20E66EC2EC6DF0236EC3
:1020C000050EE15E2350D9CFE6FFDACFE6FFD95007
:1020D000020FE66E000EDA20E66EDF50E76EFD0EB0
:1020E000DBCF20F0FE0EDBCF21F0E7502026000EE4
:1020F000212220C0E6FF21C0E6FF62EC0BF0226E39
:10210000060EE15E2250000902E161EF1FF0FB0EB6
:10211000DBCFE9FFFC0EDBCFEAFF010EEF6ED9CF7C
:10212000E6FFDACFE6FFE76EFB0EDBCF20F0FC0E1A
:10213000DBCF21F0E7502026000E212220C0E6FF51
:1021400021C0E6FFDF50E76EFD0EDBCF22F0FE0E72
:10215000DBCF23F0E7502226000E232222C0E6FF29
:1021600023C0E6FF59EC0CF0246E060EE15E24500D
:10217000000903E1000E89EF29F0010EDFCFDBFF3C
:10218000EE0E206ED60E216E226A20C0E6FF21C020
:10219000E6FF22C0E6FFD950020FE66E000EDA20FD
:1021A000E66EC2EC6DF0236E050EE15E2350D9CFD2
:1021B000E6FFDACFE6FFD950020FE66E000EDA2016
:1021C000E66EDF50E76EFD0EDBCF20F0FE0EDBCFBC
:1021D00021F0E7502026000E212220C0E6FF21C07A
:1021E000E6FF62EC0BF0226E060EE15E2250000963
:1021F00021E0230EE76EFB0EDBCFE9FFFC0EDBCF09
:10220000EAFFE750E926000EEA22010EEF6E240EE7
:10221000E76EFB0EDBCFE9FFFC0EDBCFEAFFE750FA
:10222000E926000EEA22030EEF6E02016A6B010E30
:1022300089EF29F0EA0E206ED60E216E226A20C0A8
:10224000E6FF21C0E6FF22C0E6FFD950020FE66E8E
:10225000000EDA20E66EC2EC6DF0236E050EE15E34
:102260002350010EDB50DF6ED9CFE6FFDACFE6FF59
:10227000D950020FE66E000EDA20E66EDF50E76EF0
:10228000FD0EDBCF20F0FE0EDBCF21F0E750202645
:10229000000E212220C0E6FF21C0E6FF62EC0BF019
:1022A000226E060EE15E2250000921E0230EE76E49
:1022B000FB0EDBCFE9FFFC0EDBCFEAFFE750E926A0
:1022C000000EEA22010EEF6E240EE76EFB0EDBCF4E
:1022D000E9FFFC0EDBCFEAFFE750E926000EEA2219
:1022E000060EEF6E02016A6B010E89EF29F0E50E12
:1022F000206ED60E216E226A20C0E6FF21C0E6FFC6
:1023000022C0E6FFD950020FE66E000EDA20E66E1C
:10231000C2EC6DF0236E050EE15E2350010EDB5022
:10232000DF6ED9CFE6FFDACFE6FFD950020FE66EB7
:10233000000EDA20E66EDF50E76EFD0EDBCF20F0F8
:10234000FE0EDBCF21F0E7502026000E212220C018
:10235000E6FF21C0E6FF62EC0BF0226E060EE15EA6
:102360002250000901E1E0D0250EE76EFB0EDBCF25
:10237000E9FFFC0EDBCFEAFFE750E926000EEA2278
:10238000010EEF6ED9CFE6FFDACFE6FF260EE76E3D
:10239000FB0EDBCF20F0FC0EDBCF21F0E750202638
:1023A000000E212220C0E6FF21C0E6FFDF50E76ECD
:1023B000FD0EDBCF22F0FE0EDBCF23F0E75022260E
:1023C000000E232222C0E6FF23C0E6FF59EC0CF0EA
:1023D000246E060EE15E2450000903E1000E89EF31
:1023E00029F0010EDFCFDBFFE20E206ED60E216E4C
:1023F000226A20C0E6FF21C0E6FF22C0E6FFD950D6
:10240000020FE66E000EDA20E66EC2EC6DF0236E6F
:10241000050EE15E2350D9CFE6FFDACFE6FFD950B3
:10242000020FE66E000EDA20E66EDF50E76EFD0E5C
:10243000DBCF20F0FE0EDBCF21F0E7502026000E90
:10244000212220C0E6FF21C0E6FF62EC0BF0226EE5
:10245000060EE15E2250000914E0270EE76EFB0E27
:10246000DBCFE9FFFC0EDBCFEAFFE750E926000EE9
:10247000EA220B0EEF6E02016A6B010E89EF29F062
:1024800053D0010EDB50DF6EDE0E206ED60E216EB5
:10249000226A20C0E6FF21C0E6FF22C0E6FFD95035
:1024A000020FE66E000EDA20E66EC2EC6DF0236ECF
:1024B000050EE15E2350D9CFE6FFDACFE6FFD95013
:1024C000020FE66E000EDA20E66EDF50E76EFD0EBC
:1024D000DBCF20F0FE0EDBCF21F0E7502026000EF0
:1024E000212220C0E6FF21C0E6FF62EC0BF0226E45
:1024F000060EE15E2250000914E0270EE76EFB0E87
:10250000DBCFE9FFFC0EDBCFEAFFE750E926000E48
:10251000EA220E0EEF6E02016A6B010E89EF29F0BE
:1025200003D0000E89EF29F0010EDB50DF6EDA0ECA
:10253000206ED60E216E226A20C0E6FF21C0E6FF83
:1025400022C0E6FFD950020FE66E000EDA20E66EDA
:10255000C2EC6DF0236E050EE15E2350D9CFE6FF8D
:10256000DACFE6FFD950020FE66E000EDA20E66EF3
:10257000DF50E76EFD0EDBCF20F0FE0EDBCF21F04B
:10258000E7502026000E212220C0E6FF21C0E6FFF2
:1025900062EC0BF0226E060EE15E2250000902E1B1
:1025A000E3EF1EF02B0EE76EFB0EDBCFE9FFFC0E18
:1025B000DBCFEAFFE750E926000EEA22010EEF6EBC
:1025C000520EE76EFB0EDBCF20F0FC0EDBCF21F0CE
:1025D000E7502026000E212220C0E6FF21C0E6FFA2
:1025E000D9CFE6FFDACFE6FFFD0EDBCFE6FFFE0E2A
:1025F000DBCFE6FF46EC0DF0226E060EE15E2250C8
:10260000000903E1000E89EF29F0010EDFCFDBFFA7
:10261000D40E206ED60E216E226A20C0E6FF21C0A5
:10262000E6FF22C0E6FFD950020FE66E000EDA2068
:10263000E66EC2EC6DF0236E050EE15E2350D9CF3D
:10264000E6FFDACFE6FFD950020FE66E000EDA2081
:10265000E66EDF50E76EFD0EDBCF20F0FE0EDBCF27
:1026600021F0E7502026000E212220C0E6FF21C0E5
:10267000E6FF62EC0BF0226E060EE15E22500009CE
:102680000FE0510EE76EFB0EDBCFE9FFFC0EDBCF58
:10269000EAFFE750E926000EEA22280EEF6E51D03D
:1026A000010EDB50DF6ECD0E206ED60E216E226A3B
:1026B00020C0E6FF21C0E6FF22C0E6FFD950020F8E
:1026C000E66E000EDA20E66EC2EC6DF0236E050EAB
:1026D000E15E2350D9CFE6FFDACFE6FFD950020FF3
:1026E000E66E000EDA20E66EDF50E76EFD0EDBCF01
:1026F00020F0FE0EDBCF21F0E7502026000E212235
:1027000020C0E6FF21C0E6FF62EC0BF0226E060E51
:10271000E15E225000090FE0510EE76EFB0EDBCFA9
:10272000E9FFFC0EDBCFEAFFE750E926000EEA22C4
:10273000290EEF6E06D00201010E6A6F000E89EFBE
:1027400029F0500EE76EFB0EDBCFE9FFFC0EDBCF6E
:10275000EAFFE750E926000EEA22280EEF6EC70EC8
:10276000206ED60E216E226A20C0E6FF21C0E6FF51
:1027700022C0E6FFD950020FE66E000EDA20E66EA8
:10278000C2EC6DF0236E050EE15E2350D9CFE6FF5B
:10279000DACFE6FFD950020FE66E000EDA20E66EC1
:1027A000DF50E76EFD0EDBCF20F0FE0EDBCF21F019
:1027B000E7502026000E212220C0E6FF21C0E6FFC0
:1027C00062EC0BF0226E060EE15E2250000902E17F
:1027D000E0EF1EF0D9CFE6FFDACFE6FFD9500C0FBD
:1027E000E66E000EDA20E66EDF50E76EFD0EDBCF00
:1027F00020F0FE0EDBCF21F0E7502026000E212234
:1028000020C0E6FF21C0E6FF59EC0CF0226E060E58
:10281000E15E2250000903E1000E89EF29F0010E6C
:10282000DFCFDBFFE50E206ED60E216E226A20C0C0
:10283000E6FF21C0E6FF22C0E6FFD950020FE66E98
:10284000000EDA20E66EC2EC6DF0236E050EE15E3E
:102850002350D9CFE6FFDACFE6FFD950020FE66E5C
:10286000000EDA20E66EDF50E76EFD0EDBCF20F0C3
:10287000FE0EDBCF21F0E7502026000E212220C0E3
:10288000E6FF21C0E6FF62EC0BF0226E060EE15E71
:102890002250000901E17CD02C0EE76EFB0EDBCF4D
:1028A000E9FFFC0EDBCFEAFFE750E926000EEA2243
:1028B000010EEF6E2D0EE76EFB0EDBCFE9FFFC0E77
:1028C000DBCFEAFFE750E926000EEA220C0EDBCF51
:1028D000EFFFD9CFE6FFDACFE6FF2E0EE76EFB0E55
:1028E000DBCF20F0FC0EDBCF21F0E7502026000EDE
:1028F000212220C0E6FF21C0E6FFDF50E76EFD0E7B
:10290000DBCF22F0FE0EDBCF23F0E7502226000EB5
:10291000232222C0E6FF23C0E6FF59EC0CF0246E10
:10292000060EE15E2450000903E1000E89EF29F054
:10293000D9CFE6FFDACFE6FF2F0EE76EFB0EDBCF37
:1029400020F0FC0EDBCF21F0E7502026000E2122E4
:1029500020C0E6FF21C0E6FFDF50E76EFD0EDBCFB3
:1029600022F0FE0EDBCF23F0E7502226000E2322BA
:1029700022C0E6FF23C0E6FF59EC0CF0246E060EE1
:10298000E15E2450000903E1000E89EF29F0EBD14C
:10299000010EDB50DF6EC10E206ED60E216E226A54
:1029A00020C0E6FF21C0E6FF22C0E6FFD950020F9B
:1029B000E66E000EDA20E66EC2EC6DF0236E050EB8
:1029C000E15E2350D9CFE6FFDACFE6FFD950020F00
:1029D000E66E000EDA20E66EDF50E76EFD0EDBCF0E
:1029E00020F0FE0EDBCF21F0E7502026000E212242
:1029F00020C0E6FF21C0E6FF62EC0BF0226E060E5F
:102A0000E15E225000094DE0300EE76EFB0EDBCF99
:102A1000E9FFFC0EDBCFEAFFE750E926000EEA22D1
:102A2000010EEF6E310EE76EFB0EDBCFE9FFFC0E01
:102A3000DBCFEAFFE750E926000EEA220C0EDBCFDF
:102A4000EFFFD9CFE6FFDACFE6FF320EE76EFB0EDF
:102A5000DBCF20F0FC0EDBCF21F0E7502026000E6C
:102A6000212220C0E6FF21C0E6FFDF50E76EFD0E09
:102A7000DBCF22F0FE0EDBCF23F0E7502226000E44
:102A8000232222C0E6FF23C0E6FF59EC0CF0246E9F
:102A9000060EE15E2450000903E1000E89EF29F0E3
:102AA00062D1010EDB50DF6EBB0E206ED60E216EA2
:102AB000226A20C0E6FF21C0E6FF22C0E6FFD9500F
:102AC000020FE66E000EDA20E66EC2EC6DF0236EA9
:102AD000050EE15E2350D9CFE6FFDACFE6FFD950ED
:102AE000020FE66E000EDA20E66EDF50E76EFD0E96
:102AF000DBCF20F0FE0EDBCF21F0E7502026000ECA
:102B0000212220C0E6FF21C0E6FF62EC0BF0226E1E
:102B1000060EE15E2250000901E122D1330EE76E7C
:102B2000FB0EDBCFE9FFFC0EDBCFEAFFE750E92627
:102B3000000EEA22010EEF6E340EE76EFB0EDBCFC5
:102B4000E9FFFC0EDBCFEAFFE750E926000EEA22A0
:102B50000C0EDBCFEFFFD9CFE6FFDACFE6FF350E65
:102B6000E76EFB0EDBCF20F0FC0EDBCF21F0E75051
:102B70002026000E212220C0E6FF21C0E6FFDF5004
:102B8000E76EFD0EDBCF22F0FE0EDBCF23F0E75029
:102B90002226000E232222C0E6FF23C0E6FF59ECC6
:102BA0000CF0246E060EE15E2450000903E1000ED5
:102BB00089EF29F0B70E206ED60E216E226A20C052
:102BC000E6FF21C0E6FF22C0E6FFD950020FE66E05
:102BD000000EDA20E66EC2EC6DF0236E050EE15EAB
:102BE0002350D9CFE6FFDACFE6FFD950020FE66EC9
:102BF000000EDA20E66EDF50E76EFD0EDBCF20F030
:102C0000FE0EDBCF21F0E7502026000E212220C04F
:102C1000E6FF21C0E6FF62EC0BF0226E060EE15EDD
:102C20002250000903E1000E89EF29F0010EDFCFE9
:102C3000DBFFAF0E206ED60E216E226A20C0E6FFAB
:102C400021C0E6FF22C0E6FFD950020FE66E000E5B
:102C5000DA20E66EC2EC6DF0236E050EE15E2350C5
:102C6000D9CFE6FFDACFE6FFD950020FE66E000EAD
:102C7000DA20E66EDF50E76EFD0EDBCF20F0FE0EB1
:102C8000DBCF21F0E7502026000E212220C0E6FFF6
:102C900021C0E6FF62EC0BF0226E060EE15E2250D0
:102CA00000090FE0360EE76EFB0EDBCFE9FFFC0EEE
:102CB000DBCFEAFFE750E926000EEA220F0EEF6EA7
:102CC0004ED0010EDB50DF6EA60E206ED60E216EAA
:102CD000226A20C0E6FF21C0E6FF22C0E6FFD950ED
:102CE000020FE66E000EDA20E66EC2EC6DF0236E87
:102CF000050EE15E2350D9CFE6FFDACFE6FFD950CB
:102D0000020FE66E000EDA20E66EDF50E76EFD0E73
:102D1000DBCF20F0FE0EDBCF21F0E7502026000EA7
:102D2000212220C0E6FF21C0E6FF62EC0BF0226EFC
:102D3000060EE15E225000090FE0360EE76EFB0E34
:102D4000DBCFE9FFFC0EDBCFEAFFE750E926000E00
:102D5000EA22100EEF6E03D0000E89EF29F003D0A7
:102D6000000E89EF29F0A20E206ED60E216E226A87
:102D700020C0E6FF21C0E6FF22C0E6FFD950020FC7
:102D8000E66E000EDA20E66EC2EC6DF0236E050EE4
:102D9000E15E2350D9CFE6FFDACFE6FFD950020F2C
:102DA000E66E000EDA20E66EDF50E76EFD0EDBCF3A
:102DB00020F0FE0EDBCF21F0E7502026000E21226E
:102DC00020C0E6FF21C0E6FF62EC0BF0226E060E8B
:102DD000E15E2250000903E1000E89EF29F0010EA7
:102DE000DFCFDBFFE50E206ED60E216E226A20C0FB
:102DF000E6FF21C0E6FF22C0E6FFD950020FE66ED3
:102E0000000EDA20E66EC2EC6DF0236E050EE15E78
:102E10002350D9CFE6FFDACFE6FFD950020FE66E96
:102E2000000EDA20E66EDF50E76EFD0EDBCF20F0FD
:102E3000FE0EDBCF21F0E7502026000E212220C01D
:102E4000E6FF21C0E6FF62EC0BF0226E060EE15EAB
:102E50002250000971E0370EE76EFB0EDBCFE9FF71
:102E6000FC0EDBCFEAFFE750E926000EEA22010E56
:102E7000EF6ED9CFE6FFDACFE6FF380EE76EFB0E36
:102E8000DBCF20F0FC0EDBCF21F0E7502026000E38
:102E9000212220C0E6FF21C0E6FFDF50E76EFD0ED5
:102EA000DBCF22F0FE0EDBCF23F0E7502226000E10
:102EB000232222C0E6FF23C0E6FF59EC0CF0246E6B
:102EC000060EE15E2450000903E1000E89EF29F0AF
:102ED000D9CFE6FFDACFE6FF390EE76EFB0EDBCF88
:102EE00020F0FC0EDBCF21F0E7502026000E21223F
:102EF00020C0E6FF21C0E6FFDF50E76EFD0EDBCF0E
:102F000022F0FE0EDBCF23F0E7502226000E232214
:102F100022C0E6FF23C0E6FF59EC0CF0246E060E3B
:102F2000E15E2450000903E1000E89EF29F002015F
:102F30006A6B010E89EF29F0010EDB50DF6EC10EC6
:102F4000206ED60E216E226A20C0E6FF21C0E6FF69
:102F500022C0E6FFD950020FE66E000EDA20E66EC0
:102F6000C2EC6DF0236E050EE15E2350D9CFE6FF73
:102F7000DACFE6FFD950020FE66E000EDA20E66ED9
:102F8000DF50E76EFD0EDBCF20F0FE0EDBCF21F031
:102F9000E7502026000E212220C0E6FF21C0E6FFD8
:102FA00062EC0BF0226E060EE15E2250000971E029
:102FB0003A0EE76EFB0EDBCFE9FFFC0EDBCFEAFF3C
:102FC000E750E926000EEA22010EEF6ED9CFE6FFA8
:102FD000DACFE6FF3B0EE76EFB0EDBCF20F0FC0EF8
:102FE000DBCF21F0E7502026000E212220C0E6FF93
:102FF00021C0E6FFDF50E76EFD0EDBCF22F0FE0EB4
:10300000DBCF23F0E7502226000E232222C0E6FF6A
:1030100023C0E6FF59EC0CF0246E060EE15E24504E
:10302000000903E1000E89EF29F0D9CFE6FFDACFDE
:10303000E6FF3C0EE76EFB0EDBCF20F0FC0EDBCF95
:1030400021F0E7502026000E212220C0E6FF21C0FB
:10305000E6FFDF50E76EFD0EDBCF22F0FE0EDBCF8A
:1030600023F0E7502226000E232222C0E6FF23C0D1
:10307000E6FF59EC0CF0246E060EE15E24500009C8
:1030800003E1000E89EF29F002016A6B010E89EF5E
:1030900029F0010EDB50DF6E9E0E206ED60E216EE3
:1030A000226A20C0E6FF21C0E6FF22C0E6FFD95019
:1030B000020FE66E000EDA20E66EC2EC6DF0236EB3
:1030C000050EE15E2350D9CFE6FFDACFE6FFD950F7
:1030D000020FE66E000EDA20E66EDF50E76EFD0EA0
:1030E000DBCF20F0FE0EDBCF21F0E7502026000ED4
:1030F000212220C0E6FF21C0E6FF62EC0BF0226E29
:10310000060EE15E2250000971E03D0EE76EFB0EF7
:10311000DBCFE9FFFC0EDBCFEAFFE750E926000E2C
:10312000EA22010EEF6ED9CFE6FFDACFE6FF3E0EC0
:10313000E76EFB0EDBCF20F0FC0EDBCF21F0E7507B
:103140002026000E212220C0E6FF21C0E6FFDF502E
:10315000E76EFD0EDBCF22F0FE0EDBCF23F0E75053
:103160002226000E232222C0E6FF23C0E6FF59ECF0
:103170000CF0246E060EE15E2450000903E1000EFF
:1031800089EF29F0D9CFE6FFDACFE6FF3F0EE76EF1
:10319000FB0EDBCF20F0FC0EDBCF21F0E75020262A
:1031A000000E212220C0E6FF21C0E6FFDF50E76EBF
:1031B000FD0EDBCF22F0FE0EDBCF23F0E750222600
:1031C000000E232222C0E6FF23C0E6FF59EC0CF0DC
:1031D000246E060EE15E2450000903E1000E89EF23
:1031E00029F002016A6B010E89EF29F0010EDB5014
:1031F000DF6ED40E206ED60E216E226A20C0E6FF4E
:1032000021C0E6FF22C0E6FFD950020FE66E000E95
:10321000DA20E66EC2EC6DF0236E050EE15E2350FF
:10322000D9CFE6FFDACFE6FFD950020FE66E000EE7
:10323000DA20E66EDF50E76EFD0EDBCF20F0FE0EEB
:10324000DBCF21F0E7502026000E212220C0E6FF30
:1032500021C0E6FF62EC0BF0226E060EE15E22500A
:10326000000946E0400EE76EFB0EDBCFE9FFFC0EE7
:10327000DBCFEAFFE750E926000EEA22010EEF6EEF
:10328000410EE76EFB0EDBCF20F0FC0EDBCF21F012
:10329000E7502026000E212220C0E6FF21C0E6FFD5
:1032A000D9CFE6FFDACFE6FFFD0EDBCFE6FFFE0E5D
:1032B000DBCFE6FF46EC0DF0226E060EE15E2250FB
:1032C000000903E1000E89EF29F0450EE76EFB0EC1
:1032D000DBCFE9FFFC0EDBCFEAFFE750E926000E6B
:1032E000EA22280EEF6E02016A6B010E89EF29F0C7
:1032F000010EDB50DF6ECD0E206ED60E216E226ADF
:1033000020C0E6FF21C0E6FF22C0E6FFD950020F31
:10331000E66E000EDA20E66EC2EC6DF0236E050E4E
:10332000E15E2350D9CFE6FFDACFE6FFD950020F96
:10333000E66E000EDA20E66EDF50E76EFD0EDBCFA4
:1033400020F0FE0EDBCF21F0E7502026000E2122D8
:1033500020C0E6FF21C0E6FF62EC0BF0226E060EF5
:10336000E15E2250000946E0400EE76EFB0EDBCF27
:10337000E9FFFC0EDBCFEAFFE750E926000EEA2268
:10338000010EEF6E410EE76EFB0EDBCF20F0FC0E60
:10339000DBCF21F0E7502026000E212220C0E6FFDF
:1033A00021C0E6FFD9CFE6FFDACFE6FFFD0EDBCF87
:1033B000E6FFFE0EDBCFE6FF46EC0DF0226E060EBA
:1033C000E15E2250000903E1000E89EF29F0450E6D
:1033D000E76EFB0EDBCFE9FFFC0EDBCFEAFFE75029
:1033E000E926000EEA22290EEF6E02016A6B010E39
:1033F00089EF29F0010EDB50DF6EBB0E206ED60E7A
:10340000216E226A20C0E6FF21C0E6FF22C0E6FF4F
:10341000D950020FE66E000EDA20E66EC2EC6DF0B7
:10342000236E050EE15E2350D9CFE6FFDACFE6FF2B
:10343000D950020FE66E000EDA20E66EDF50E76E1E
:10344000FD0EDBCF20F0FE0EDBCF21F0E750202673
:10345000000E212220C0E6FF21C0E6FF62EC0BF047
:10346000226E060EE15E2250000901E1E1D2460E15
:10347000E76EFB0EDBCFE9FFFC0EDBCFEAFFE75088
:10348000E926000EEA22010EEF6ED9CFE6FFDACF71
:10349000E6FF470EE76EFB0EDBCF20F0FC0EDBCF26
:1034A00021F0E7502026000E212220C0E6FF21C097
:1034B000E6FFDF50E76EFD0EDBCF22F0FE0EDBCF26
:1034C00023F0E7502226000E232222C0E6FF23C06D
:1034D000E6FF59EC0CF0246E060EE15E2450000964
:1034E00003E1000E89EF29F0980E206ED60E216EB2
:1034F000226A20C0E6FF21C0E6FF22C0E6FFD950C5
:10350000020FE66E000EDA20E66EC2EC6DF0236E5E
:10351000050EE15E2350D9CFE6FFDACFE6FFD950A2
:10352000020FE66E000EDA20E66EDF50E76EFD0E4B
:10353000DBCF20F0FE0EDBCF21F0E7502026000E7F
:10354000212220C0E6FF21C0E6FF62EC0BF0226ED4
:10355000060EE15E2250000903E1000E89EF29F01A
:10356000010EDFCFDBFF920E206ED60E216E226A97
:1035700020C0E6FF21C0E6FF22C0E6FFD950020FBF
:10358000E66E000EDA20E66EC2EC6DF0236E050EDC
:10359000E15E2350D9CFE6FFDACFE6FFD950020F24
:1035A000E66E000EDA20E66EDF50E76EFD0EDBCF32
:1035B00020F0FE0EDBCF21F0E7502026000E212266
:1035C00020C0E6FF21C0E6FF62EC0BF0226E060E83
:1035D000E15E225000090EE0480EE76EFB0EDBCFE5
:1035E000E9FFFC0EDBCFEAFFE750E926000EEA22F6
:1035F000EF687DD0010EDB50DF6E8C0E206ED60E94
:10360000216E226A20C0E6FF21C0E6FF22C0E6FF4D
:10361000D950020FE66E000EDA20E66EC2EC6DF0B5
:10362000236E050EE15E2350D9CFE6FFDACFE6FF29
:10363000D950020FE66E000EDA20E66EDF50E76E1C
:10364000FD0EDBCF20F0FE0EDBCF21F0E750202671
:10365000000E212220C0E6FF21C0E6FF62EC0BF045
:10366000226E060EE15E225000090FE0480EE76E62
:10367000FB0EDBCFE9FFFC0EDBCFEAFFE750E926CC
:10368000000EEA22EE0EEF6E32D0010EDB50DF6E3E
:10369000D9CFE6FFDACFE6FF480EE76EFB0EDBCFB1
:1036A00020F0FC0EDBCF21F0E7502026000E212277
:1036B00020C0E6FF21C0E6FFDF50E76EFD0EDBCF46
:1036C00022F0FE0EDBCF23F0E7502226000E23224D
:1036D00022C0E6FF23C0E6FF59EC0CF0246E060E74
:1036E000E15E2450000903E1000E89EF29F0010E8C
:1036F000DFCFDBFF870E206ED60E216E226A20C040
:10370000E6FF21C0E6FF22C0E6FFD950020FE66EB9
:10371000000EDA20E66EC2EC6DF0236E050EE15E5F
:103720002350D9CFE6FFDACFE6FFD950020FE66E7D
:10373000000EDA20E66EDF50E76EFD0EDBCF20F0E4
:10374000FE0EDBCF21F0E7502026000E212220C004
:10375000E6FF21C0E6FF62EC0BF0226E060EE15E92
:10376000225000090FE0490EE76EFB0EDBCFE9FFA8
:10377000FC0EDBCFEAFFE750E926000EEA22130E2B
:10378000EF6E4ED0010EDB50DF6E820E206ED60E35
:10379000216E226A20C0E6FF21C0E6FF22C0E6FFBC
:1037A000D950020FE66E000EDA20E66EC2EC6DF024
:1037B000236E050EE15E2350D9CFE6FFDACFE6FF98
:1037C000D950020FE66E000EDA20E66EDF50E76E8B
:1037D000FD0EDBCF20F0FE0EDBCF21F0E7502026E0
:1037E000000E212220C0E6FF21C0E6FF62EC0BF0B4
:1037F000226E060EE15E225000090FE0490EE76ED0
:10380000FB0EDBCFE9FFFC0EDBCFEAFFE750E9263A
:10381000000EEA22140EEF6E03D0000E89EF29F09D
:103820007A0E206ED60E216E226A20C0E6FF21C0DD
:10383000E6FF22C0E6FFD950020FE66E000EDA2046
:10384000E66EC2EC6DF0236E050EE15E2350D9CF1B
:10385000E6FFDACFE6FFD950020FE66E000EDA205F
:10386000E66EDF50E76EFD0EDBCF20F0FE0EDBCF05
:1038700021F0E7502026000E212220C0E6FF21C0C3
:10388000E6FF62EC0BF0226E060EE15E22500009AC
:1038900003E1000E89EF29F0010EDFCFDBFF920E6E
:1038A000206ED60E216E226A20C0E6FF21C0E6FF00
:1038B00022C0E6FFD950020FE66E000EDA20E66E57
:1038C000C2EC6DF0236E050EE15E2350D9CFE6FF0A
:1038D000DACFE6FFD950020FE66E000EDA20E66E70
:1038E000DF50E76EFD0EDBCF20F0FE0EDBCF21F0C8
:1038F000E7502026000E212220C0E6FF21C0E6FF6F
:1039000062EC0BF0226E060EE15E225000090EE022
:103910004A0EE76EFB0EDBCFE9FFFC0EDBCFEAFFC2
:10392000E750E926000EEA22EF687DD0010EDB5059
:10393000DF6E8C0E206ED60E216E226A20C0E6FF4E
:1039400021C0E6FF22C0E6FFD950020FE66E000E4E
:10395000DA20E66EC2EC6DF0236E050EE15E2350B8
:10396000D9CFE6FFDACFE6FFD950020FE66E000EA0
:10397000DA20E66EDF50E76EFD0EDBCF20F0FE0EA4
:10398000DBCF21F0E7502026000E212220C0E6FFE9
:1039900021C0E6FF62EC0BF0226E060EE15E2250C3
:1039A00000090FE04A0EE76EFB0EDBCFE9FFFC0ECD
:1039B000DBCFEAFFE750E926000EEA22EE0EEF6EBB
:1039C00032D0010EDB50DF6ED9CFE6FFDACFE6FF53
:1039D0004A0EE76EFB0EDBCF20F0FC0EDBCF21F0B2
:1039E000E7502026000E212220C0E6FF21C0E6FF7E
:1039F000DF50E76EFD0EDBCF22F0FE0EDBCF23F0B3
:103A0000E7502226000E232222C0E6FF23C0E6FF55
:103A100059EC0CF0246E060EE15E2450000903E11F
:103A2000000E89EF29F002016A6B010E89EF29F07F
:103A3000010EDB50DF6E720E206ED60E216E226AF2
:103A400020C0E6FF21C0E6FF22C0E6FFD950020FEA
:103A5000E66E000EDA20E66EC2EC6DF0236E050E07
:103A6000E15E2350D9CFE6FFDACFE6FFD950020F4F
:103A7000E66E000EDA20E66EDF50E76EFD0EDBCF5D
:103A800020F0FE0EDBCF21F0E7502026000E212291
:103A900020C0E6FF21C0E6FF62EC0BF0226E060EAE
:103AA000E15E2250000921E04B0EE76EFB0EDBCFFA
:103AB000E9FFFC0EDBCFEAFFE750E926000EEA2221
:103AC000010EEF6E4C0EE76EFB0EDBCFE9FFFC0E36
:103AD000DBCFEAFFE750E926000EEA222E0EEF6E5A
:103AE00002016A6B010E89EF29F0010EDB50DF6ED7
:103AF0006B0E206ED60E216E226A20C0E6FF21C01A
:103B0000E6FF22C0E6FFD950020FE66E000EDA2073
:103B1000E66EC2EC6DF0236E050EE15E2350D9CF48
:103B2000E6FFDACFE6FFD950020FE66E000EDA208C
:103B3000E66EDF50E76EFD0EDBCF20F0FE0EDBCF32
:103B400021F0E7502026000E212220C0E6FF21C0F0
:103B5000E6FF62EC0BF0226E060EE15E22500009D9
:103B600021E04B0EE76EFB0EDBCFE9FFFC0EDBCF57
:103B7000EAFFE750E926000EEA22010EEF6E4C0E36
:103B8000E76EFB0EDBCFE9FFFC0EDBCFEAFFE75071
:103B9000E926000EEA222B0EEF6E02016A6B010E7F
:103BA00089EF29F0010EDB50DF6E610E206ED60E1C
:103BB000216E226A20C0E6FF21C0E6FF22C0E6FF98
:103BC000D950020FE66E000EDA20E66EC2EC6DF000
:103BD000236E050EE15E2350D9CFE6FFDACFE6FF74
:103BE000D950020FE66E000EDA20E66EDF50E76E67
:103BF000FD0EDBCF20F0FE0EDBCF21F0E7502026BC
:103C0000000E212220C0E6FF21C0E6FF62EC0BF08F
:103C1000226E060EE15E2250000921E04B0EE76E97
:103C2000FB0EDBCFE9FFFC0EDBCFEAFFE750E92616
:103C3000000EEA22010EEF6E4C0EE76EFB0EDBCF9C
:103C4000E9FFFC0EDBCFEAFFE750E926000EEA228F
:103C50002C0EEF6E02016A6B010E89EF29F0010E46
:103C6000DB50DF6EEE0E206ED60E216E226A20C073
:103C7000E6FF21C0E6FF22C0E6FFD950020FE66E44
:103C8000000EDA20E66EC2EC6DF0236E050EE15EEA
:103C90002350D9CFE6FFDACFE6FFD950020FE66E08
:103CA000000EDA20E66EDF50E76EFD0EDBCF20F06F
:103CB000FE0EDBCF21F0E7502026000E212220C08F
:103CC000E6FF21C0E6FF62EC0BF0226E060EE15E1D
:103CD0002250000971E04D0EE76EFB0EDBCFE9FFCD
:103CE000FC0EDBCFEAFFE750E926000EEA22010EC8
:103CF000EF6ED9CFE6FFDACFE6FF4E0EE76EFB0E92
:103D0000DBCF20F0FC0EDBCF21F0E7502026000EA9
:103D1000212220C0E6FF21C0E6FFDF50E76EFD0E46
:103D2000DBCF22F0FE0EDBCF23F0E7502226000E81
:103D3000232222C0E6FF23C0E6FF59EC0CF0246EDC
:103D4000060EE15E2450000903E1000E89EF29F020
:103D5000D9CFE6FFDACFE6FF4F0EE76EFB0EDBCFE3
:103D600020F0FC0EDBCF21F0E7502026000E2122B0
:103D700020C0E6FF21C0E6FFDF50E76EFD0EDBCF7F
:103D800022F0FE0EDBCF23F0E7502226000E232286
:103D900022C0E6FF23C0E6FF59EC0CF0246E060EAD
:103DA000E15E2450000903E1000E89EF29F00201D1
:103DB0006A6B010E89EF29F0000E89EF29F003D01C
:103DC000000E89EF29F0010EDB50DF6E5D0E206ED4
:103DD000D60E216E226A20C0E6FF21C0E6FF22C077
:103DE000E6FFD950020FE66E000EDA20E66EC2EC56
:103DF0006DF0236E050EE15E2350D9CFE6FFDACFDA
:103E0000E6FFD950020FE66E000EDA20E66EDF50B4
:103E1000E76EFD0EDBCF20F0FE0EDBCF21F0E7508A
:103E20002026000E212220C0E6FF21C0E6FF62EC22
:103E30000BF0226E060EE15E2250000942E0550EA4
:103E4000E76EFB0EDBCFE9FFFC0EDBCFEAFFE750AE
:103E5000E926000EEA22010EEF6ED9CFE6FFDACF97
:103E6000E6FF560EE76EFB0EDBCF20F0FC0EDBCF3D
:103E700021F0E7502026000E212220C0E6FF21C0BD
:103E8000E6FFDF50E76EFD0EDBCF22F0FE0EDBCF4C
:103E900023F0E7502226000E232222C0E6FF23C093
:103EA000E6FF59EC0CF0246E060EE15E245000098A
:103EB00003E1000E89EF29F002016A6B010E89EF20
:103EC00029F0DF6A590E206ED60E216E226A20C0BC
:103ED000E6FF21C0E6FF22C0E6FFD950020FE66EE2
:103EE000000EDA20E66EC2EC6DF0236E050EE15E88
:103EF0002350D9CFE6FFDACFE6FFD950020FE66EA6
:103F0000000EDA20E66EDF50E76EFD0EDBCF20F00C
:103F1000FE0EDBCF21F0E7502026000E212220C02C
:103F2000E6FF21C0E6FF62EC0BF0226E060EE15EBA
:103F30002250000902E187EF29F0FB0EDBCFE9FFF9
:103F4000FC0EDBCFEAFF020EEF6ED9CFE6FFDACF31
:103F5000E6FF010EE76EFB0EDBCF20F0FC0EDBCFA1
:103F600021F0E7502026000E212220C0E6FF21C0CC
:103F7000E6FFDF50E76EFD0EDBCF22F0FE0EDBCF5B
:103F800023F0E7502226000E232222C0E6FF23C0A2
:103F9000E6FF59EC0CF0246E060EE15E2450000999
:103FA00003E1000E89EF29F0010EDFCFDBFFE50E04
:103FB000206ED60E216E226A20C0E6FF21C0E6FFE9
:103FC00022C0E6FFD950020FE66E000EDA20E66E40
:103FD000C2EC6DF0236E050EE15E2350D9CFE6FFF3
:103FE000DACFE6FFD950020FE66E000EDA20E66E59
:103FF000DF50E76EFD0EDBCF20F0FE0EDBCF21F0B1
:10400000E7502026000E212220C0E6FF21C0E6FF57
:1040100062EC0BF0226E060EE15E2250000971E0A8
:10402000030EE76EFB0EDBCFE9FFFC0EDBCFEAFFF2
:10403000E750E926000EEA22010EEF6ED9CFE6FF27
:10404000DACFE6FF040EE76EFB0EDBCF20F0FC0EAE
:10405000DBCF21F0E7502026000E212220C0E6FF12
:1040600021C0E6FFDF50E76EFD0EDBCF22F0FE0E33
:10407000DBCF23F0E7502226000E232222C0E6FFEA
:1040800023C0E6FF59EC0CF0246E060EE15E2450CE
:10409000000903E1000E89EF29F0D9CFE6FFDACF5E
:1040A000E6FF050EE76EFB0EDBCF20F0FC0EDBCF4C
:1040B00021F0E7502026000E212220C0E6FF21C07B
:1040C000E6FFDF50E76EFD0EDBCF22F0FE0EDBCF0A
:1040D00023F0E7502226000E232222C0E6FF23C051
:1040E000E6FF59EC0CF0246E060EE15E2450000948
:1040F00003E1000E89EF29F002016A6B010E89EFDE
:1041000029F0010EDB50DF6EC10E206ED60E216E3F
:10411000226A20C0E6FF21C0E6FF22C0E6FFD95098
:10412000020FE66E000EDA20E66EC2EC6DF0236E32
:10413000050EE15E2350D9CFE6FFDACFE6FFD95076
:10414000020FE66E000EDA20E66EDF50E76EFD0E1F
:10415000DBCF20F0FE0EDBCF21F0E7502026000E53
:10416000212220C0E6FF21C0E6FF62EC0BF0226EA8
:10417000060EE15E2250000971E0060EE76EFB0EAE
:10418000DBCFE9FFFC0EDBCFEAFFE750E926000EAC
:10419000EA22010EEF6ED9CFE6FFDACFE6FF070E77
:1041A000E76EFB0EDBCF20F0FC0EDBCF21F0E750FB
:1041B0002026000E212220C0E6FF21C0E6FFDF50AE
:1041C000E76EFD0EDBCF22F0FE0EDBCF23F0E750D3
:1041D0002226000E232222C0E6FF23C0E6FF59EC70
:1041E0000CF0246E060EE15E2450000903E1000E7F
:1041F00089EF29F0D9CFE6FFDACFE6FF080EE76EA8
:10420000FB0EDBCF20F0FC0EDBCF21F0E7502026A9
:10421000000E212220C0E6FF21C0E6FFDF50E76E3E
:10422000FD0EDBCF22F0FE0EDBCF23F0E75022267F
:10423000000E232222C0E6FF23C0E6FF59EC0CF05B
:10424000246E060EE15E2450000903E1000E89EFA2
:1042500029F002016A6B010E89EF29F0010EDB5093
:10426000DF6E9E0E206ED60E216E226A20C0E6FF03
:1042700021C0E6FF22C0E6FFD950020FE66E000E15
:10428000DA20E66EC2EC6DF0236E050EE15E23507F
:10429000D9CFE6FFDACFE6FFD950020FE66E000E67
:1042A000DA20E66EDF50E76EFD0EDBCF20F0FE0E6B
:1042B000DBCF21F0E7502026000E212220C0E6FFB0
:1042C00021C0E6FF62EC0BF0226E060EE15E22508A
:1042D000000971E0090EE76EFB0EDBCFE9FFFC0E73
:1042E000DBCFEAFFE750E926000EEA22010EEF6E6F
:1042F000D9CFE6FFDACFE6FF0A0EE76EFB0EDBCF83
:1043000020F0FC0EDBCF21F0E7502026000E21220A
:1043100020C0E6FF21C0E6FFDF50E76EFD0EDBCFD9
:1043200022F0FE0EDBCF23F0E7502226000E2322E0
:1043300022C0E6FF23C0E6FF59EC0CF0246E060E07
:10434000E15E2450000903E1000E89EF29F0D9CF86
:10435000E6FFDACFE6FF0B0EE76EFB0EDBCF20F0B9
:10436000FC0EDBCF21F0E7502026000E212220C0DA
:10437000E6FF21C0E6FFDF50E76EFD0EDBCF22F047
:10438000FE0EDBCF23F0E7502226000E232222C0B0
:10439000E6FF23C0E6FF59EC0CF0246E060EE15E4A
:1043A0002450000903E1000E89EF29F002016A6B35
:1043B000010E89EF29F0010EDB50DF6ED40E206E66
:1043C000D60E216E226A20C0E6FF21C0E6FF22C081
:1043D000E6FFD950020FE66E000EDA20E66EC2EC60
:1043E0006DF0236E050EE15E2350D9CFE6FFDACFE4
:1043F000E6FFD950020FE66E000EDA20E66EDF50BF
:10440000E76EFD0EDBCF20F0FE0EDBCF21F0E75094
:104410002026000E212220C0E6FF21C0E6FF62EC2C
:104420000BF0226E060EE15E2250000946E00C0EF3
:10443000E76EFB0EDBCFE9FFFC0EDBCFEAFFE750B8
:10444000E926000EEA22010EEF6E0D0EE76EFB0E5E
:10445000DBCF20F0FC0EDBCF21F0E7502026000E52
:10446000212220C0E6FF21C0E6FFD9CFE6FFDACF48
:10447000E6FFFD0EDBCFE6FFFE0EDBCFE6FF46ECF0
:104480000DF0226E060EE15E2250000903E1000EDF
:1044900089EF29F0110EE76EFB0EDBCFE9FFFC0E72
:1044A000DBCFEAFFE750E926000EEA22280EEF6E86
:1044B00002016A6B010E89EF29F0010EDB50DF6EFD
:1044C000CD0E206ED60E216E226A20C0E6FF21C0DE
:1044D000E6FF22C0E6FFD950020FE66E000EDA209A
:1044E000E66EC2EC6DF0236E050EE15E2350D9CF6F
:1044F000E6FFDACFE6FFD950020FE66E000EDA20B3
:10450000E66EDF50E76EFD0EDBCF20F0FE0EDBCF58
:1045100021F0E7502026000E212220C0E6FF21C016
:10452000E6FF62EC0BF0226E060EE15E22500009FF
:1045300046E00C0EE76EFB0EDBCFE9FFFC0EDBCF97
:10454000EAFFE750E926000EEA22010EEF6E0D0E9B
:10455000E76EFB0EDBCF20F0FC0EDBCF21F0E75047
:104560002026000E212220C0E6FF21C0E6FFD9CF81
:10457000E6FFDACFE6FFFD0EDBCFE6FFFE0EDBCF78
:10458000E6FF46EC0DF0226E060EE15E22500009B9
:1045900003E1000E89EF29F0110EE76EFB0EDBCF71
:1045A000E9FFFC0EDBCFEAFFE750E926000EEA2226
:1045B000290EEF6E02016A6B010E89EF29F0010EE0
:1045C000DB50DF6EBB0E206ED60E216E226A20C03D
:1045D000E6FF21C0E6FF22C0E6FFD950020FE66EDB
:1045E000000EDA20E66EC2EC6DF0236E050EE15E81
:1045F0002350D9CFE6FFDACFE6FFD950020FE66E9F
:10460000000EDA20E66EDF50E76EFD0EDBCF20F005
:10461000FE0EDBCF21F0E7502026000E212220C025
:10462000E6FF21C0E6FF62EC0BF0226E060EE15EB3
:104630002250000901E1DFD2120EE76EFB0EDBCF44
:10464000E9FFFC0EDBCFEAFFE750E926000EEA2285
:10465000010EEF6ED9CFE6FFDACFE6FF130EE76E5D
:10466000FB0EDBCF20F0FC0EDBCF21F0E750202645
:10467000000E212220C0E6FF21C0E6FFDF50E76EDA
:10468000FD0EDBCF22F0FE0EDBCF23F0E75022261B
:10469000000E232222C0E6FF23C0E6FF59EC0CF0F7
:1046A000246E060EE15E2450000903E1000E89EF3E
:1046B00029F0980E206ED60E216E226A20C0E6FFE9
:1046C00021C0E6FF22C0E6FFD950020FE66E000EC1
:1046D000DA20E66EC2EC6DF0236E050EE15E23502B
:1046E000D9CFE6FFDACFE6FFD950020FE66E000E13
:1046F000DA20E66EDF50E76EFD0EDBCF20F0FE0E17
:10470000DBCF21F0E7502026000E212220C0E6FF5B
:1047100021C0E6FF62EC0BF0226E060EE15E225035
:10472000000903E1000E89EF29F0010EDFCFDBFF66
:10473000920E206ED60E216E226A20C0E6FF21C0A6
:10474000E6FF22C0E6FFD950020FE66E000EDA2027
:10475000E66EC2EC6DF0236E050EE15E2350D9CFFC
:10476000E6FFDACFE6FFD950020FE66E000EDA2040
:10477000E66EDF50E76EFD0EDBCF20F0FE0EDBCFE6
:1047800021F0E7502026000E212220C0E6FF21C0A4
:10479000E6FF62EC0BF0226E060EE15E225000098D
:1047A0000EE0140EE76EFB0EDBCFE9FFFC0EDBCF55
:1047B000EAFFE750E926000EEA22EF687DD0010EFD
:1047C000DB50DF6E8C0E206ED60E216E226A20C06A
:1047D000E6FF21C0E6FF22C0E6FFD950020FE66ED9
:1047E000000EDA20E66EC2EC6DF0236E050EE15E7F
:1047F0002350D9CFE6FFDACFE6FFD950020FE66E9D
:10480000000EDA20E66EDF50E76EFD0EDBCF20F003
:10481000FE0EDBCF21F0E7502026000E212220C023
:10482000E6FF21C0E6FF62EC0BF0226E060EE15EB1
:10483000225000090FE0140EE76EFB0EDBCFE9FFFC
:10484000FC0EDBCFEAFFE750E926000EEA22EE0E6F
:10485000EF6E32D0010EDB50DF6ED9CFE6FFDACF3C
:10486000E6FF140EE76EFB0EDBCF20F0FC0EDBCF75
:1048700021F0E7502026000E212220C0E6FF21C0B3
:10488000E6FFDF50E76EFD0EDBCF22F0FE0EDBCF42
:1048900023F0E7502226000E232222C0E6FF23C089
:1048A000E6FF59EC0CF0246E060EE15E2450000980
:1048B00003E1000E89EF29F0010EDFCFDBFF870E49
:1048C000206ED60E216E226A20C0E6FF21C0E6FFD0
:1048D00022C0E6FFD950020FE66E000EDA20E66E27
:1048E000C2EC6DF0236E050EE15E2350D9CFE6FFDA
:1048F000DACFE6FFD950020FE66E000EDA20E66E40
:10490000DF50E76EFD0EDBCF20F0FE0EDBCF21F097
:10491000E7502026000E212220C0E6FF21C0E6FF3E
:1049200062EC0BF0226E060EE15E225000090FE0F1
:10493000150EE76EFB0EDBCFE9FFFC0EDBCFEAFFC7
:10494000E750E926000EEA22130EEF6E4ED0010E5C
:10495000DB50DF6E820E206ED60E216E226A20C0E2
:10496000E6FF21C0E6FF22C0E6FFD950020FE66E47
:10497000000EDA20E66EC2EC6DF0236E050EE15EED
:104980002350D9CFE6FFDACFE6FFD950020FE66E0B
:10499000000EDA20E66EDF50E76EFD0EDBCF20F072
:1049A000FE0EDBCF21F0E7502026000E212220C092
:1049B000E6FF21C0E6FF62EC0BF0226E060EE15E20
:1049C000225000090FE0150EE76EFB0EDBCFE9FF6A
:1049D000FC0EDBCFEAFFE750E926000EEA22140EB8
:1049E000EF6E03D0000E89EF29F07A0E206ED60EFE
:1049F000216E226A20C0E6FF21C0E6FF22C0E6FF4A
:104A0000D950020FE66E000EDA20E66EC2EC6DF0B1
:104A1000236E050EE15E2350D9CFE6FFDACFE6FF25
:104A2000D950020FE66E000EDA20E66EDF50E76E18
:104A3000FD0EDBCF20F0FE0EDBCF21F0E75020266D
:104A4000000E212220C0E6FF21C0E6FF62EC0BF041
:104A5000226E060EE15E2250000903E1000E89EF8E
:104A600029F0010EDFCFDBFF920E206ED60E216EF5
:104A7000226A20C0E6FF21C0E6FF22C0E6FFD9502F
:104A8000020FE66E000EDA20E66EC2EC6DF0236EC9
:104A9000050EE15E2350D9CFE6FFDACFE6FFD9500D
:104AA000020FE66E000EDA20E66EDF50E76EFD0EB6
:104AB000DBCF20F0FE0EDBCF21F0E7502026000EEA
:104AC000212220C0E6FF21C0E6FF62EC0BF0226E3F
:104AD000060EE15E225000090EE0160EE76EFB0E98
:104AE000DBCFE9FFFC0EDBCFEAFFE750E926000E43
:104AF000EA22EF687CD0010EDB50DF6E8C0E206E58
:104B0000D60E216E226A20C0E6FF21C0E6FF22C039
:104B1000E6FFD950020FE66E000EDA20E66EC2EC18
:104B20006DF0236E050EE15E2350D9CFE6FFDACF9C
:104B3000E6FFD950020FE66E000EDA20E66EDF5077
:104B4000E76EFD0EDBCF20F0FE0EDBCF21F0E7504D
:104B50002026000E212220C0E6FF21C0E6FF62ECE5
:104B60000BF0226E060EE15E225000090FE0160ED9
:104B7000E76EFB0EDBCFE9FFFC0EDBCFEAFFE75071
:104B8000E926000EEA22EE0EEF6E31D0010EDB5068
:104B9000DF6ED9CFE6FFDACFE6FF160EE76EFB0E2B
:104BA000DBCF20F0FC0EDBCF21F0E7502026000EFB
:104BB000212220C0E6FF21C0E6FFDF50E76EFD0E98
:104BC000DBCF22F0FE0EDBCF23F0E7502226000ED3
:104BD000232222C0E6FF23C0E6FF59EC0CF0246E2E
:104BE000060EE15E2450000902E1000E92D302019C
:104BF0006A6B010E8ED3010EDB50DF6E720E206EDB
:104C0000D60E216E226A20C0E6FF21C0E6FF22C038
:104C1000E6FFD950020FE66E000EDA20E66EC2EC17
:104C20006DF0236E050EE15E2350D9CFE6FFDACF9B
:104C3000E6FFD950020FE66E000EDA20E66EDF5076
:104C4000E76EFD0EDBCF20F0FE0EDBCF21F0E7504C
:104C50002026000E212220C0E6FF21C0E6FF62ECE4
:104C60000BF0226E060EE15E2250000920E0170EC6
:104C7000E76EFB0EDBCFE9FFFC0EDBCFEAFFE75070
:104C8000E926000EEA22010EEF6E180EE76EFB0E0B
:104C9000DBCFE9FFFC0EDBCFEAFFE750E926000E91
:104CA000EA222E0EEF6E02016A6B010E32D3010E64
:104CB000DB50DF6E6B0E206ED60E216E226A20C096
:104CC000E6FF21C0E6FF22C0E6FFD950020FE66EE4
:104CD000000EDA20E66EC2EC6DF0236E050EE15E8A
:104CE0002350D9CFE6FFDACFE6FFD950020FE66EA8
:104CF000000EDA20E66EDF50E76EFD0EDBCF20F00F
:104D0000FE0EDBCF21F0E7502026000E212220C02E
:104D1000E6FF21C0E6FF62EC0BF0226E060EE15EBC
:104D20002250000920E0170EE76EFB0EDBCFE9FFF3
:104D3000FC0EDBCFEAFFE750E926000EEA22010E67
:104D4000EF6E180EE76EFB0EDBCFE9FFFC0EDBCF3C
:104D5000EAFFE750E926000EEA222B0EEF6E020171
:104D60006A6B010ED6D2010EDB50DF6E610E206E33
:104D7000D60E216E226A20C0E6FF21C0E6FF22C0C7
:104D8000E6FFD950020FE66E000EDA20E66EC2ECA6
:104D90006DF0236E050EE15E2350D9CFE6FFDACF2A
:104DA000E6FFD950020FE66E000EDA20E66EDF5005
:104DB000E76EFD0EDBCF20F0FE0EDBCF21F0E750DB
:104DC0002026000E212220C0E6FF21C0E6FF62EC73
:104DD0000BF0226E060EE15E2250000920E0170E55
:104DE000E76EFB0EDBCFE9FFFC0EDBCFEAFFE750FF
:104DF000E926000EEA22010EEF6E180EE76EFB0E9A
:104E0000DBCFE9FFFC0EDBCFEAFFE750E926000E1F
:104E1000EA222C0EEF6E02016A6B010E7AD2010EAD
:104E2000DB50DF6EEE0E206ED60E216E226A20C0A1
:104E3000E6FF21C0E6FF22C0E6FFD950020FE66E72
:104E4000000EDA20E66EC2EC6DF0236E050EE15E18
:104E50002350D9CFE6FFDACFE6FFD950020FE66E36
:104E6000000EDA20E66EDF50E76EFD0EDBCF20F09D
:104E7000FE0EDBCF21F0E7502026000E212220C0BD
:104E8000E6FF21C0E6FF62EC0BF0226E060EE15E4B
:104E9000225000096EE0190EE76EFB0EDBCFE9FF32
:104EA000FC0EDBCFEAFFE750E926000EEA22010EF6
:104EB000EF6ED9CFE6FFDACFE6FF1A0EE76EFB0EF4
:104EC000DBCF20F0FC0EDBCF21F0E7502026000ED8
:104ED000212220C0E6FF21C0E6FFDF50E76EFD0E75
:104EE000DBCF22F0FE0EDBCF23F0E7502226000EB0
:104EF000232222C0E6FF23C0E6FF59EC0CF0246E0B
:104F0000060EE15E2450000902E1000E02D2D9CF64
:104F1000E6FFDACFE6FF1B0EE76EFB0EDBCF20F0DD
:104F2000FC0EDBCF21F0E7502026000E212220C00E
:104F3000E6FF21C0E6FFDF50E76EFD0EDBCF22F07B
:104F4000FE0EDBCF23F0E7502226000E232222C0E4
:104F5000E6FF23C0E6FF59EC0CF0246E060EE15E7E
:104F60002450000902E1000ED4D102016A6B010E47
:104F7000D0D1010EDB50DF6E530E206ED60E216EA7
:104F8000226A20C0E6FF21C0E6FF22C0E6FFD9501A
:104F9000020FE66E000EDA20E66EC2EC6DF0236EB4
:104FA000050EE15E2350D9CFE6FFDACFE6FFD950F8
:104FB000020FE66E000EDA20E66EDF50E76EFD0EA1
:104FC000DBCF20F0FE0EDBCF21F0E7502026000ED5
:104FD000212220C0E6FF21C0E6FF62EC0BF0226E2A
:104FE000060EE15E2250000911E01C0EE76EFB0E7A
:104FF000DBCFE9FFFC0EDBCFEAFFE750E926000E2E
:10500000EA22010EEF6E02016A6B83D1010EDB50C2
:10501000DF6E4D0E206ED60E216E226A20C0E6FF96
:1050200021C0E6FF22C0E6FFD950020FE66E000E57
:10503000DA20E66EC2EC6DF0236E050EE15E2350C1
:10504000D9CFE6FFDACFE6FFD950020FE66E000EA9
:10505000DA20E66EDF50E76EFD0EDBCF20F0FE0EAD
:10506000DBCF21F0E7502026000E212220C0E6FFF2
:1050700021C0E6FF62EC0BF0226E060EE15E2250CC
:10508000000911E01D0EE76EFB0EDBCFE9FFFC0E01
:10509000DBCFEAFFE750E926000EEA22010EEF6EB1
:1050A00002016A6B36D1010EDB50DF6E470E206EB7
:1050B000D60E216E226A20C0E6FF21C0E6FF22C084
:1050C000E6FFD950020FE66E000EDA20E66EC2EC63
:1050D0006DF0236E050EE15E2350D9CFE6FFDACFE7
:1050E000E6FFD950020FE66E000EDA20E66EDF50C2
:1050F000E76EFD0EDBCF20F0FE0EDBCF21F0E75098
:105100002026000E212220C0E6FF21C0E6FF62EC2F
:105110000BF0226E060EE15E2250000911E01E0E19
:10512000E76EFB0EDBCFE9FFFC0EDBCFEAFFE750BB
:10513000E926000EEA22010EEF6E02016A6BE9D049
:10514000010EDB50DF6E410E206ED60E216E226AFC
:1051500020C0E6FF21C0E6FF22C0E6FFD950020FC3
:10516000E66E000EDA20E66EC2EC6DF0236E050EE0
:10517000E15E2350D9CFE6FFDACFE6FFD950020F28
:10518000E66E000EDA20E66EDF50E76EFD0EDBCF36
:1051900020F0FE0EDBCF21F0E7502026000E21226A
:1051A00020C0E6FF21C0E6FF62EC0BF0226E060E87
:1051B000E15E2250000911E01F0EE76EFB0EDBCF0F
:1051C000E9FFFC0EDBCFEAFFE750E926000EEA22FA
:1051D000010EEF6E02016A6B9CD0010EDB50DF6E98
:1051E000390E206ED60E216E226A20C0E6FF21C045
:1051F000E6FF22C0E6FFD950020FE66E000EDA206D
:10520000E66EC2EC6DF0236E050EE15E2350D9CF41
:10521000E6FFDACFE6FFD950020FE66E000EDA2085
:10522000E66EDF50E76EFD0EDBCF20F0FE0EDBCF2B
:1052300021F0E7502026000E212220C0E6FF21C0E9
:10524000E6FF62EC0BF0226E060EE15E22500009D2
:1052500011E0200EE76EFB0EDBCFE9FFFC0EDBCF8B
:10526000EAFFE750E926000EEA22010EEF6E020186
:105270006A6B4FD0010EDB50DF6E340E206ED60EFF
:10528000216E226A20C0E6FF21C0E6FF22C0E6FFB1
:10529000D950020FE66E000EDA20E66EC2EC6DF019
:1052A000236E050EE15E2350D9CFE6FFDACFE6FF8D
:1052B000D950020FE66E000EDA20E66EDF50E76E80
:1052C000FD0EDBCF20F0FE0EDBCF21F0E7502026D5
:1052D000000E212220C0E6FF21C0E6FF62EC0BF0A9
:1052E000226E060EE15E2250000911E0210EE76EEB
:1052F000FB0EDBCFE9FFFC0EDBCFEAFFE750E92630
:10530000000EEA22010EEF6E02016A6B02D0000E5F
:1053100000D0206E0E0EE15C02E2E16AE552E16E21
:105320002050E552E7CFD9FF1200D9CFE6FFE1CFF9
:10533000D9FF030EE126010EDB6ADF6A620EDF5C35
:1053400009E2DF50EA6A220FE96E070EEA22EF6AED
:10535000DF2AF4D7DF6A4E0EDF5C59E2DF50E76EDA
:10536000FD0EDBCFE9FFFE0EDBCFEAFFE750E926BB
:10537000000EEA22EF5001E14AD0020EDB6ADF5054
:10538000E76EFD0EDBCFE9FFFE0EDBCFEAFFE75055
:10539000E926000EEA22EF50F36E020EDBCFF4FF97
:1053A000F350F45C31E2620EF36E010EDBCFF4FFDA
:1053B000F350F45C0BE3FD0EDBCFE6FFFE0EDBCF1C
:1053C000E6FF27D9E552E552000E40D0DF28E76E10
:1053D000FD0EDBCFE9FFFE0EDBCFEAFFE750E9264B
:1053E000000EEA22EF50E66E010EDBCFF3FFDB2A60
:1053F000F350EA6A220FE96E070EEA22E552E750FF
:10540000EF6E020EDB2ABBD7020EDF26A4D7DF6ABF
:10541000620EDF5C19E2DF50EA6A220FE96E070EC6
:10542000EA22EF50E66EDF50E76EFD0EDBCFE9FFBC
:10543000FE0EDBCFEAFFE750E926000EEA22E55236
:10544000E750EF6EDF2AE4D7010E00D0206E030E86
:10545000E15C02E2E16AE552E16E2050E552E7CFFD
:10546000D9FF1200D9CFE6FFE1CFD9FF040EE12624
:10547000010EDB6ADF6AFD0EDBCFE9FFFE0EDBCF3C
:10548000EAFF030EEFCFDBFF020EDB6A620EF36E64
:10549000010EDBCFF4FFF350F45C6EE2010EDB5043
:1054A000E76EFD0EDBCFE9FFFE0EDBCFEAFFE75034
:1054B000E926000EEA22EFCF20F0030EDB50205C3D
:1054C0000EE1020EDB2A010EDB2A620EF36E010EE4
:1054D000DBCFF4FFF350F45C01E301D0DFD74F0ED4
:1054E000DF5C17E2600EDF5C14E2DF50DF2AEA6A5D
:1054F000220FE96E070EEA22020EDBCFEFFFDF502C
:10550000DF2AEA6A220FE96E070EEA22030EDBCFDA
:10551000EFFF500EDF5C1DE3010EDB6A620EF36EDF
:10552000010EDBCFF4FFF350F45C11E2010EDB500F
:10553000E76EFD0EDBCFE9FFFE0EDBCFEAFFE750A3
:10554000E926000EEA22EF6A010EDB2AE7D7000EF9
:1055500054D0010EDB50E76EFD0EDBCFE9FFFE0EEF
:10556000DBCFEAFFE750E926000EEA22030EEFCF79
:10557000DBFF020EDB6A8AD7010EDB6ADF50F36EB7
:10558000010EDBCFF4FFF350F45C1CE2010EDB50A4
:10559000EA6A220FE96E070EEA22EF50E66E010E6C
:1055A000DB50E76EFD0EDBCFE9FFFE0EDBCFEAFF3F
:1055B000E750E926000EEA22E552E750EF6E010EB1
:1055C000DB2ADCD7620EF36E010EDBCFF4FFF35063
:1055D000F45C11E2010EDB50E76EFD0EDBCFE9FF5C
:1055E000FE0EDBCFEAFFE750E926000EEA22EF6A63
:1055F000010EDB2AE7D7DF5000D0206E040EE15CFD
:1056000002E2E16AE552E16E2050E552E7CFD9FFB0
:105610001200D9CFE6FFE1CFD9FFE652DF6A620E72
:10562000DF5C0FE2DF50E76EFD0EDBCFE9FFFE0E21
:10563000DBCFEAFFE750E926000EEA22EF6ADF2A15
:10564000EED7E552E552E7CFD9FF1200D9CFE6FFFA
:10565000E1CFD9FFE65202016951F36EFE0EDBCFB6
:10566000F4FFF350F45C04E3150E6A6F000E31D0C2
:10567000DF6A0F0EDF5C2AE2020169510F0DF3CFE2
:1056800022F0F4CF23F0840E2226070E2322DF50CF
:105690000F012224E96E000E2320EA6EEF50E66E21
:1056A000FE0EDB500F0DF3CF20F0F4CF21F0840E6F
:1056B0002026070E2122DF502024E96E000E212033
:1056C000EA6EE552E750EF6EDF2AD3D759EC06F0C9
:1056D00000D0E552E552E7CFD9FF1200D9CFE6FF5F
:1056E000E1CFD9FF050EE126640EF36EFE0EDBCF8F
:1056F000F4FFF350F45C06E30201110E6A6F000E32
:105700004CEF30F02C0EE76EFC0EDBCFE9FFFD0E08
:10571000DBCFEAFFE750E926000EEA22EF046DE155
:10572000FE0EDB500F0DF3CFE9FFF4CFEAFF840E3E
:10573000E926070EEA22EF6A2D0EE76EFC0EDBCF9C
:10574000E9FFFD0EDBCFEAFFE750E926000EEA2273
:10575000EF50E66EFE0EDB500F0DF3CFE9FFF4CFF6
:10576000EAFF840EE926070EEA22010EE926000E62
:10577000EA22E552E750EF6E2E0EE76EFC0EDBCF0D
:10578000E9FFFD0EDBCFEAFFE750E926000EEA2233
:10579000EF50E66EFE0EDB500F0DF3CFE9FFF4CFB6
:1057A000EAFF840EE926070EEA22020EE926000E21
:1057B000EA22E552E750EF6E2F0EE76EFC0EDBCFCC
:1057C000E9FFFD0EDBCFEAFFE750E926000EEA22F3
:1057D000EF50E66EFE0EDB500F0DF3CFE9FFF4CF76
:1057E000EAFF840EE926070EEA22030EE926000EE0
:1057F000EA22E552E750EF6ED7D0300EE76EFC0E8E
:10580000DBCFE9FFFD0EDBCFEAFFE750E926000E14
:10581000EA22EF044EE1FE0EDB500F0DF3CFE9FF5D
:10582000F4CFEAFF840EE926070EEA22010EEF6E9E
:10583000310EE76EFC0EDBCFE9FFFD0EDBCFEAFF9A
:10584000E750E926000EEA22EF50E66EFE0EDB502E
:105850000F0DF3CFE9FFF4CFEAFF840EE926070E20
:10586000EA22010EE926000EEA22E552E750EF6E29
:10587000320EE76EFC0EDBCFE9FFFD0EDBCFEAFF59
:10588000E750E926000EEA22EF50E66EFE0EDB50EE
:105890000F0DF3CFE9FFF4CFEAFF840EE926070EE0
:1058A000EA22020EE926000EEA22E552E750EF6EE8
:1058B0007BD0330EE76EFC0EDBCFE9FFFD0EDBCFB6
:1058C000EAFFE750E926000EEA22EF046DE1FE0E42
:1058D000DB500F0DF3CFE9FFF4CFEAFF840EE9268A
:1058E000070EEA22020EEF6E340EE76EFC0EDBCFDF
:1058F000E9FFFD0EDBCFEAFFE750E926000EEA22C2
:10590000EF50E66EFE0EDB500F0DF3CFE9FFF4CF44
:10591000EAFF840EE926070EEA22010EE926000EB0
:10592000EA22E552E750EF6E350EE76EFC0EDBCF54
:10593000E9FFFD0EDBCFEAFFE750E926000EEA2281
:10594000EF50E66EFE0EDB500F0DF3CFE9FFF4CF04
:10595000EAFF840EE926070EEA22020EE926000E6F
:10596000EA22E552E750EF6E360EE76EFC0EDBCF13
:10597000E9FFFD0EDBCFEAFFE750E926000EEA2241
:10598000EF50E66EFE0EDB500F0DF3CFE9FFF4CFC4
:10599000EAFF840EE926070EEA22030EE926000E2E
:1059A000EA22E552E750EF6E370EE76EFC0EDBCFD2
:1059B000E9FFFD0EDBCFEAFFE750E926000EEA2201
:1059C000EF0451E1FE0EDB500F0DF3CFE9FFF4CFF2
:1059D000EAFF840EE926070EEA22040EE926000EED
:1059E000EA22EF6A380EE76EFC0EDBCFE9FFFD0E10
:1059F000DBCFEAFFE750E926000EEA22EF50E66E21
:105A0000FE0EDB500F0DF3CFE9FFF4CFEAFF840E5B
:105A1000E926070EEA22050EE926000EEA22E552E3
:105A2000E750EF6E390EE76EFC0EDBCFE9FFFD0E9F
:105A3000DBCFEAFFE750E926000EEA22EF50E66EE0
:105A4000FE0EDB500F0DF3CFE9FFF4CFEAFF840E1B
:105A5000E926070EEA22060EE926000EEA22E552A2
:105A6000E750EF6E80D23A0EE76EFC0EDBCFE9FF17
:105A7000FD0EDBCFEAFFE750E926000EEA22EF0435
:105A800052E1FE0EDB500F0DF3CFE9FFF4CFEAFF3A
:105A9000840EE926070EEA22040EE926000EEA2209
:105AA000010EEF6E3B0EE76EFC0EDBCFE9FFFD0E45
:105AB000DBCFEAFFE750E926000EEA22EF50E66E60
:105AC000FE0EDB500F0DF3CFE9FFF4CFEAFF840E9B
:105AD000E926070EEA22050EE926000EEA22E55223
:105AE000E750EF6E3C0EE76EFC0EDBCFE9FFFD0EDC
:105AF000DBCFEAFFE750E926000EEA22EF50E66E20
:105B0000FE0EDB500F0DF3CFE9FFF4CFEAFF840E5A
:105B1000E926070EEA22060EE926000EEA22E552E1
:105B2000E750EF6E20D23D0EE76EFC0EDBCFE9FFB3
:105B3000FD0EDBCFEAFFE750E926000EEA22EF0474
:105B400052E1FE0EDB500F0DF3CFE9FFF4CFEAFF79
:105B5000840EE926070EEA22040EE926000EEA2248
:105B6000020EEF6E3E0EE76EFC0EDBCFE9FFFD0E80
:105B7000DBCFEAFFE750E926000EEA22EF50E66E9F
:105B8000FE0EDB500F0DF3CFE9FFF4CFEAFF840EDA
:105B9000E926070EEA22050EE926000EEA22E55262
:105BA000E750EF6E3F0EE76EFC0EDBCFE9FFFD0E18
:105BB000DBCFEAFFE750E926000EEA22EF50E66E5F
:105BC000FE0EDB500F0DF3CFE9FFF4CFEAFF840E9A
:105BD000E926070EEA22060EE926000EEA22E55221
:105BE000E750EF6EC0D1400EE76EFC0EDBCFE9FF51
:105BF000FD0EDBCFEAFFE750E926000EEA22EF04B4
:105C000072E1FE0EDB500F0DF3CFE9FFF4CFEAFF98
:105C1000840EE926070EEA22040EE926000EEA2287
:105C2000030EEF6E410EE76EFC0EDBCFE9FFFD0EBB
:105C3000DBCFEAFFE750E926000EEA22EF50E66EDE
:105C4000FE0EDB500F0DF3CFE9FFF4CFEAFF840E19
:105C5000E926070EEA22050EE926000EEA22E552A1
:105C6000E750EF6E420EE76EFC0EDBCFE9FFFD0E54
:105C7000DBCFEAFFE750E926000EEA22EF50E66E9E
:105C8000FE0EDB500F0DF3CFE9FFF4CFEAFF840ED9
:105C9000E926070EEA22060EE926000EEA22E55260
:105CA000E750EF6E450EE76EFC0EDBCFE9FFFD0E11
:105CB000DBCFEAFFE750E926000EEA22EF50E66E5E
:105CC000FE0EDB500F0DF3CFE9FFF4CFEAFF840E99
:105CD000E926070EEA22070EE926000EEA22E5521F
:105CE000E750EF6E40D1460EE76EFC0EDBCFE9FFCA
:105CF000FD0EDBCFEAFFE750E926000EEA22EF04B3
:105D000001E092D0FE0EDB500F0DF3CFE9FFF4CF90
:105D1000EAFF840EE926070EEA22040EE926000EA9
:105D2000EA22040EEF6E470EE76EFC0EDBCFE9FFB2
:105D3000FD0EDBCFEAFFE750E926000EEA22EF5026
:105D4000E66EFE0EDB500F0DF3CFE9FFF4CFEAFF56
:105D5000840EE926070EEA22050EE926000EEA2245
:105D6000E552E750EF6E480EE76EFC0EDBCFE9FF21
:105D7000FD0EDBCFEAFFE750E926000EEA22EF50E6
:105D8000E66EFE0EDB500F0DF3CFE9FFF4CFEAFF16
:105D9000840EE926070EEA22060EE926000EEA2204
:105DA000E552E750EF6E490EE76EFC0EDBCFE9FFE0
:105DB000FD0EDBCFEAFFE750E926000EEA22EF50A6
:105DC000E66EFE0EDB500F0DF3CFE9FFF4CFEAFFD6
:105DD000840EE926070EEA22070EE926000EEA22C3
:105DE000E552E750EF6E4A0EE76EFC0EDBCFE9FF9F
:105DF000FD0EDBCFEAFFE750E926000EEA22EF5066
:105E0000E66EFE0EDB500F0DF3CFE9FFF4CFEAFF95
:105E1000840EE926070EEA22080EE926000EEA2281
:105E2000E552E750EF6E9FD04B0EE76EFC0EDBCFD6
:105E3000E9FFFD0EDBCFEAFFE750E926000EEA227C
:105E4000EF0432E1FE0EDB500F0DF3CFE9FFF4CF8C
:105E5000EAFF840EE926070EEA22040EE926000E68
:105E6000EA22050EEF6E4C0EE76EFC0EDBCFE9FF6B
:105E7000FD0EDBCFEAFFE750E926000EEA22EF50E5
:105E8000E66EFE0EDB500F0DF3CFE9FFF4CFEAFF15
:105E9000840EE926070EEA22050EE926000EEA2204
:105EA000E552E750EF6E5FD04D0EE76EFC0EDBCF94
:105EB000E9FFFD0EDBCFEAFFE750E926000EEA22FC
:105EC000EF0451E1FE0EDB500F0DF3CFE9FFF4CFED
:105ED000EAFF840EE926070EEA22040EE926000EE8
:105EE000EA22060EEF6E4E0EE76EFC0EDBCFE9FFE8
:105EF000FD0EDBCFEAFFE750E926000EEA22EF5065
:105F0000E66EFE0EDB500F0DF3CFE9FFF4CFEAFF94
:105F1000840EE926070EEA22050EE926000EEA2283
:105F2000E552E750EF6E4F0EE76EFC0EDBCFE9FF58
:105F3000FD0EDBCFEAFFE750E926000EEA22EF5024
:105F4000E66EFE0EDB500F0DF3CFE9FFF4CFEAFF54
:105F5000840EE926070EEA22060EE926000EEA2242
:105F6000E552E750EF6E500EE76EFC0EDBCFE9FF17
:105F7000FD0EDBCFEAFFE750E926000EEA22EF50E4
:105F8000E66EFE0EDB500F0DF3CFE9FFF4CFEAFF14
:105F9000840EE926070EEA22090EE926000EEA22FF
:105FA000E552E750EF6E510EE76EFC0EDBCFE9FFD6
:105FB000FD0EDBCFEAFFE750E926000EEA22EF50A4
:105FC000E66EFE0EDB500F0DF3CFE9FFF4CFEAFFD4
:105FD000840EE926070EEA220A0EE926000EEA22BE
:105FE000E552E750EF6E520EE76EFC0EDBCFE9FF95
:105FF000FD0EDBCFEAFFE750E926000EEA22EF5064
:10600000E66EFE0EDB500F0DF3CFE9FFF4CFEAFF93
:10601000840EE926070EEA220B0EE926000EEA227C
:10602000E552E750EF6E530EE76EFC0EDBCFE9FF53
:10603000FD0EDBCFEAFFE750E926000EEA22EF5023
:10604000E66EFE0EDB500F0DF3CFE9FFF4CFEAFF53
:10605000840EE926070EEA220C0EE926000EEA223B
:10606000E552E750EF6EFE0EDB500F0DF3CFE9FF68
:10607000F4CFEAFF840EE926070EEA220D0EE92688
:10608000000EEA22EF6AFE0EDB500201695D01E1BB
:10609000692B59EC06F000D0206E050EE15C02E29F
:1060A000E16AE552E16E2050E552E7CFD9FF1200D8
:1060B000D9CFE6FFE1CFD9FFE652FD0EDBCFE6FFF9
:1060C000FE0EDBCFE6FF09EC2BF0E552E552FD0EAC
:1060D000DBCFE9FFFE0EDBCFEAFF020EEF6E010E13
:1060E000E76EFD0EDBCFE9FFFE0EDBCFEAFFE750E8
:1060F000E926000EEA2206C2EFFF030EDF6EDF5034
:106100001B080FE3DF50E76EFD0EDBCFE9FFFE0E4D
:10611000DBCFEAFFE750E926000EEA22EF6ADF2A2A
:10612000EED7FC0EDB500F0DF3CFE9FFF4CFEAFF03
:10613000840EE926070EEA22040EE926000EEA2262
:10614000EF50060A01E12BD2030A01E1F9D1010A5D
:1061500001E167D1070A01E1F5D0010A01E1A3D00D
:10616000030A52E0010A01E069D2030EE76EFD0E58
:10617000DBCFE9FFFE0EDBCFEAFFE750E926000E9A
:10618000EA22010EEF6EFC0EDB500F0DF3CFE9FF9C
:10619000F4CFEAFF840EE926070EEA22050EE9266F
:1061A000000EEA22EF50E66E040EE76EFD0EDBCF26
:1061B000E9FFFE0EDBCFEAFFE750E926000EEA22F8
:1061C000E552E750EF6EFC0EDB500F0DF3CFE9FF09
:1061D000F4CFEAFF840EE926070EEA22060EE9262E
:1061E000000EEA22EF50E66E050EE76EFD0EDBCFE5
:1061F000E9FFFE0EDBCFEAFFE750E926000EEA22B8
:10620000E552E750EF6E1AD2060EE76EFD0EDBCFB9
:10621000E9FFFE0EDBCFEAFFE750E926000EEA2297
:10622000010EEF6EFC0EDB500F0DF3CFE9FFF4CF44
:10623000EAFF840EE926070EEA22050EE926000E83
:10624000EA22EF50E66E070EE76EFD0EDBCFE9FFA8
:10625000FE0EDBCFEAFFE750E926000EEA22E55208
:10626000E750EF6EFC0EDB500F0DF3CFE9FFF4CFDC
:10627000EAFF840EE926070EEA22060EE926000E42
:10628000EA22EF50E66E080EE76EFD0EDBCFE9FF67
:10629000FE0EDBCFEAFFE750E926000EEA22E552C8
:1062A000E750EF6ECBD1090EE76EFD0EDBCFE9FFB5
:1062B000FE0EDBCFEAFFE750E926000EEA22010ED0
:1062C000EF6EFC0EDB500F0DF3CFE9FFF4CFEAFFCA
:1062D000840EE926070EEA22050EE926000EEA22C0
:1062E000EF50E66E0A0EE76EFD0EDBCFE9FFFE0E05
:1062F000DBCFEAFFE750E926000EEA22E552E7503D
:10630000EF6EFC0EDB500F0DF3CFE9FFF4CFEAFF89
:10631000840EE926070EEA22060EE926000EEA227E
:10632000EF50E66E0B0EE76EFD0EDBCFE9FFFE0EC3
:10633000DBCFEAFFE750E926000EEA22E552E750FC
:10634000EF6E7CD10C0EE76EFD0EDBCFE9FFFE0E8B
:10635000DBCFEAFFE750E926000EEA22010EEF6EDE
:10636000FC0EDB500F0DF3CFE9FFF4CFEAFF840EF4
:10637000E926070EEA22050EE926000EEA22EF5072
:10638000E66E0D0EE76EFD0EDBCFE9FFFE0EDBCFF6
:10639000EAFFE750E926000EEA22E552E750EF6EE9
:1063A000FC0EDB500F0DF3CFE9FFF4CFEAFF840EB4
:1063B000E926070EEA22060EE926000EEA22EF5031
:1063C000E66E0E0EE76EFD0EDBCFE9FFFE0EDBCFB5
:1063D000EAFFE750E926000EEA22E552E750EF6EA9
:1063E000FC0EDB500F0DF3CFE9FFF4CFEAFF840E74
:1063F000E926070EEA22070EE926000EEA22EF50F0
:10640000E66E110EE76EFD0EDBCFE9FFFE0EDBCF71
:10641000EAFFE750E926000EEA22E552E750EF6E68
:106420000DD1120EE76EFD0EDBCFE9FFFE0EDBCFC6
:10643000EAFFE750E926000EEA22010EEF6EFC0E9D
:10644000DB500F0DF3CFE9FFF4CFEAFF840EE9260E
:10645000070EEA22050EE926000EEA22EF50E66E4C
:10646000130EE76EFD0EDBCFE9FFFE0EDBCFEAFF7A
:10647000E750E926000EEA22E552E750EF6EFC0EE7
:10648000DB500F0DF3CFE9FFF4CFEAFF840EE926CE
:10649000070EEA22060EE926000EEA22EF50E66E0B
:1064A000140EE76EFD0EDBCFE9FFFE0EDBCFEAFF39
:1064B000E750E926000EEA22E552E750EF6EFC0EA7
:1064C000DB500F0DF3CFE9FFF4CFEAFF840EE9268E
:1064D000070EEA22070EE926000EEA22EF50E66ECA
:1064E000150EE76EFD0EDBCFE9FFFE0EDBCFEAFFF8
:1064F000E750E926000EEA22E552E750EF6EFC0E67
:10650000DB500F0DF3CFE9FFF4CFEAFF840EE9264D
:10651000070EEA22080EE926000EEA22EF50E66E88
:10652000160EE76EFD0EDBCFE9FFFE0EDBCFEAFFB6
:10653000E750E926000EEA22E552E750EF6E7ED0E2
:10654000170EE76EFD0EDBCFE9FFFE0EDBCFEAFF95
:10655000E750E926000EEA22010EEF6EFC0EDB503A
:106560000F0DF3CFE9FFF4CFEAFF840EE926070E03
:10657000EA22050EE926000EEA22EF50E66E180E1A
:10658000E76EFD0EDBCFE9FFFE0EDBCFEAFFE75043
:10659000E926000EEA22E552E750EF6E4FD0190EC1
:1065A000E76EFD0EDBCFE9FFFE0EDBCFEAFFE75023
:1065B000E926000EEA22010EEF6EFC0EDB500F0DF5
:1065C000F3CFE9FFF4CFEAFF840EE926070EEA22B3
:1065D000050EE926000EEA22EF50E66E1A0EE76E6F
:1065E000FD0EDBCFE9FFFE0EDBCFEAFFE750E92629
:1065F000000EEA22E552E750EF6EFC0EDB500F0D65
:10660000F3CFE9FFF4CFEAFF840EE926070EEA2272
:10661000060EE926000EEA22EF50E66E1B0EE76E2C
:10662000FD0EDBCFE9FFFE0EDBCFEAFFE750E926E8
:10663000000EEA22E552E750EF6E00D0E552E55237
:10664000E7CFD9FF1200D9CFE6FFE1CFD9FFFE0E89
:10665000DBCF20F0216A20BE2168D00E2102F3CFCB
:1066600021F0070E2002F3502126D00E2002F3CF96
:1066700020F0F4502126FC0EEA6ADB34FE0BEA36E9
:10668000E96E090EE926020EEA2220C0EEFF21C0C3
:10669000EDFFFD0EDBCF20F0216A20BE2168FC0E4D
:1066A000EA6ADB34FE0BEA36E96E110EE926020EC9
:1066B000EA2220C0EEFF21C0EDFFE552E7CFD9FF6F
:1066C0001200D9CFE6FFE1CFD9FF1A0EE126050E61
:1066D000206ED90E216E226A20C0E6FF21C0E6FF9F
:1066E00022C0E6FFEB0EE66E050EE66EC2EC6DF024
:1066F000236E050EE15E2350570EE76EFD0EDBCFD5
:10670000E9FFFE0EDBCFEAFFE750E926000EEA22A2
:10671000EF0401E0CBD0010EE76EFD0EDBCFE9FF09
:10672000FE0EDBCFEAFFE750E926000EEA22EF502B
:106730000201065D0AE1FD0EDBCFE6FFFE0EDBCFB8
:10674000E6FFB9EC49F0E552E552580EE76EFD0E52
:10675000DBCFE9FFFE0EDBCFEAFFE750E926000EB4
:10676000EA22020EEFCFDBFF590EE76EFD0EDBCF04
:10677000E9FFFE0EDBCFEAFFE750E926000EEA2232
:10678000030EEFCFDBFF5A0EE76EFD0EDBCFE9FF06
:10679000FE0EDBCFEAFFE750E926000EEA22040EE8
:1067A000EFCFDBFFDF6A02016951DF5C01E37AD0E2
:1067B000DF500F0DF3CFE9FFF4CFEAFF840EE92697
:1067C000070EEA22EF5002086BE1DF500F0DF3CF06
:1067D000E9FFF4CFEAFF840EE926070EEA22090E4C
:1067E000E926000EEA22EF5028085AE1DF500F0D8B
:1067F000F3CFE9FFF4CFEAFF840EE926070EEA2281
:10680000010EE926000EEA22EFCF20F0020EDB5047
:10681000205C46E1DF500F0DF3CFE9FFF4CFEAFF34
:10682000840EE926070EEA22020EE926000EEA226D
:10683000EFCF21F0030EDB50215C32E1DF500F0D72
:10684000F3CFE9FFF4CFEAFF840EE926070EEA2230
:10685000030EE926000EEA22EFCF22F0040EDB50F1
:10686000225C1EE1DFCFE6FFFD0EDBCFE6FFFE0E72
:10687000DBCFE6FF1DDCE552E552E552E66AFD0E90
:10688000DBCFE6FFFE0EDBCFE6FF1BDFE552E55276
:10689000E552000904E1000EBBEF46F001D000D044
:1068A000DF2A81D7010EBBEF46F08FD15B0EE76E7A
:1068B000FD0EDBCFE9FFFE0EDBCFEAFFE750E92656
:1068C000000EEA22EF0401E0CBD0010EE76EFD0ED0
:1068D000DBCFE9FFFE0EDBCFEAFFE750E926000E33
:1068E000EA22EF500201065D0AE1FD0EDBCFE6FF72
:1068F000FE0EDBCFE6FFB9EC49F0E552E5525C0E47
:10690000E76EFD0EDBCFE9FFFE0EDBCFEAFFE750BF
:10691000E926000EEA22070EEFCFDBFF5D0EE76EE1
:10692000FD0EDBCFE9FFFE0EDBCFEAFFE750E926E5
:10693000000EEA22080EEFCFDBFF5E0EE76EFD0EC3
:10694000DBCFE9FFFE0EDBCFEAFFE750E926000EC2
:10695000EA22090EEFCFDBFFDF6A02016951DF5C3B
:1069600001E37AD0DF500F0DF3CFE9FFF4CFEAFF58
:10697000840EE926070EEA22EF506CE1DF500F0D7E
:10698000F3CFE9FFF4CFEAFF840EE926070EEA22EF
:10699000090EE926000EEA22EF5028085BE1DF50DD
:1069A0000F0DF3CFE9FFF4CFEAFF840EE926070EBF
:1069B000EA22010EE926000EEA22EFCF20F0070EB0
:1069C000DB50205C47E1DF500F0DF3CFE9FFF4CF40
:1069D000EAFF840EE926070EEA22020EE926000EDF
:1069E000EA22EFCF21F0080EDB50215C33E1DF50CB
:1069F0000F0DF3CFE9FFF4CFEAFF840EE926070E6F
:106A0000EA22030EE926000EEA22EFCF22F0090E59
:106A1000DB50225C1FE1DFCFE6FFFD0EDBCFE6FFA0
:106A2000FE0EDBCFE6FF58EC30F0E552E552E552C2
:106A3000E66AFD0EDBCFE6FFFE0EDBCFE6FF41DEB2
:106A4000E552E552E552000904E1000EBBEF46F0C5
:106A500001D000D0DF2A81D7010EBBEF46F0B5D0C0
:106A60005F0EE76EFD0EDBCFE9FFFE0EDBCFEAFF28
:106A7000E750E926000EEA22EF0401E0A6D0010E5D
:106A8000E76EFD0EDBCFE9FFFE0EDBCFEAFFE7503E
:106A9000E926000EEA22EF500201065D0AE1FD0E32
:106AA000DBCFE6FFFE0EDBCFE6FFB9EC49F0E552A7
:106AB000E552600EE76EFD0EDBCFE9FFFE0EDBCF89
:106AC000EAFFE750E926000EEA220A0EEFCFDBFFCD
:106AD000610EE76EFD0EDBCFE9FFFE0EDBCFEAFFB6
:106AE000E750E926000EEA220B0EEFCFDBFFDF6A4C
:106AF00002016951DF5C66E2DF500F0DF3CFE9FF61
:106B0000F4CFEAFF840EE926070EEA22EF0458E1EB
:106B1000DF500F0DF3CFE9FFF4CFEAFF840EE92633
:106B2000070EEA22090EE926000EEA22EF50280895
:106B300047E1DF500F0DF3CFE9FFF4CFEAFF840EFA
:106B4000E926070EEA22010EE926000EEA22EFCF1F
:106B500020F00A0EDB50205C33E1DF500F0DF3CF45
:106B6000E9FFF4CFEAFF840EE926070EEA22020EBF
:106B7000E926000EEA22EFCF21F00B0EDB50215C5C
:106B80001FE1DFCFE6FFFD0EDBCFE6FFFE0EDBCF22
:106B9000E6FF58EC30F0E552E552E552E66AFD0EAC
:106BA000DBCFE6FFFE0EDBCFE6FF8BDDE552E552E5
:106BB000E552000904E1000EBBEF46F001D000D021
:106BC000DF2A96D7010EBBEF46F0020EE76EFD0EF0
:106BD000DBCFE9FFFE0EDBCFEAFFE750E926000E30
:106BE000EA22EF50240A01E102D1090A01E1B7D0FB
:106BF0000E0A01E179D0260A4EE0010A23E0010ED7
:106C0000E76EFD0EDBCFE9FFFE0EDBCFEAFFE750BC
:106C1000E926000EEA22EF500201065D01E12ED1C5
:106C2000070501E028D1FD0EDBCFE6FFFE0EDBCF2E
:106C3000E6FFB9EC49F0E552E552FC0EDB0401E059
:106C40001AD111D10201010ED56FE76EFD0EDBCF17
:106C5000E9FFFE0EDBCFEAFFE750E926000EEA224D
:106C6000EF50065D0AE1FD0EDBCFE6FFFE0EDBCF47
:106C7000E6FFB9EC49F0E552E552FC0EDB0408E111
:106C8000EB0EE66E050EE66EA1EC47F0E552E5521E
:106C9000010EBBEF46F00201D56B010EE76EFD0E53
:106CA000DBCFE9FFFE0EDBCFEAFFE750E926000E5F
:106CB000EA22EF50065D0AE1FD0EDBCFE6FFFE0E95
:106CC000DBCFE6FFB9EC49F0E552E552FC0EDB0400
:106CD00008E1EB0EE66E050EE66EA1EC47F0E5521C
:106CE000E552010EBBEF46F0010EE76EFD0EDBCF65
:106CF000E9FFFE0EDBCFEAFFE750E926000EEA22AD
:106D0000EF500201065D0DE007050BE1FD0EDBCF44
:106D1000E6FFFE0EDBCFE6FFB9EC49F0E552E552A7
:106D200010D0010EE76EFD0EDBCFE9FFFE0EDBCFCC
:106D3000EAFFE750E926000EEA22EF50065D01E186
:106D4000D56BFC0EDB0408E1EB0EE66E050EE66E7D
:106D5000A1EC47F0E552E552010EBBEF46F0010E03
:106D6000E76EFD0EDBCFE9FFFE0EDBCFEAFFE7505B
:106D7000E926000EEA22EF500201065D0DE007054C
:106D80000BE1FD0EDBCFE6FFFE0EDBCFE6FFB9EC3D
:106D900049F0E552E55215D0010EE76EFD0EDBCF4E
:106DA000E9FFFE0EDBCFEAFFE750E926000EEA22FC
:106DB000EF50065D06E1010ED56F59EC00F00201BF
:106DC000D56BFC0EDB0410E1EB0EE66E050EE66EF5
:106DD000A1EC47F0E552E552EB0EE66E050EE66ECD
:106DE000A1EC47F0E552E552010EBBEF46F0010E73
:106DF000E76EFD0EDBCFE9FFFE0EDBCFEAFFE750CB
:106E0000E926000EEA22EF500201065D0DE00705BB
:106E10000BE1FD0EDBCFE6FFFE0EDBCFE6FFB9ECAC
:106E200049F0E552E55211D0010EE76EFD0EDBCFC1
:106E3000E9FFFE0EDBCFEAFFE750E926000EEA226B
:106E4000EF50065D02E185EC01F0FC0EDB0408E189
:106E5000EB0EE66E050EE66EA1EC47F0E552E5524C
:106E6000010EBBEF46F0EB0EE66E050EE66EA1ECF2
:106E700047F0E552E552010EBBEF46F0FD0EDBCFC9
:106E8000E9FFFE0EDBCFEAFFEF50020A01E11CD35F
:106E9000030A02E0AFEF46F0230EE76EFD0EDBCFF4
:106EA000E9FFFE0EDBCFEAFFE750E926000EEA22FB
:106EB000EF0401E07AD0240EE76EFD0EDBCFE9FF90
:106EC000FE0EDBCFEAFFE750E926000EEA22EF5084
:106ED00003082FE1010E666FE66AE66A67EC4DF083
:106EE000E552E5520201030E656F666B080EF36E04
:106EF0000C0EF3CFDBFF0D0EDB6A65C2E6FF0C0E56
:106F0000DBCFE6FF0D0EDBCFE6FFDDEC03F0E55255
:106F1000E552E552FC0EDB0408E1EB0EE66E050ED1
:106F2000E66EA1EC47F0E552E552010EBBEF46F0EC
:106F30003CD0240EE76EFD0EDBCFE9FFFE0EDBCF6B
:106F4000EAFFE750E926000EEA22EF50060828E1A2
:106F5000010E666F060E656F666B080EF36E0C0E03
:106F6000F3CFDBFF0D0EDB6A65C2E6FF0C0EDBCF55
:106F7000E6FF0D0EDBCFE6FFDDEC03F0E552E55258
:106F8000E552FC0EDB0408E1EB0EE66E050EE66E44
:106F9000A1EC47F0E552E552010EBBEF46F005D0FB
:106FA000050E6A6F000EBBEF46F0250EE76EFD0E74
:106FB000DBCFE9FFFE0EDBCFEAFFE750E926000E4C
:106FC000EA22EF0401E030D1270EE76EFD0EDBCFA1
:106FD000E9FFFE0EDBCFEAFFE750E926000EEA22CA
:106FE000EF500B0810E0270EE76EFD0EDBCFE9FF38
:106FF000FE0EDBCFEAFFE750E926000EEA22EF5053
:107000000E0801E00BD1260EE76EFD0EDBCFE9FF87
:10701000FE0EDBCFEAFFE750E926000EEA22EFCFB3
:1070200020F0205C01E2F3D0260EE76EFD0EDBCFF0
:10703000E9FFFE0EDBCFEAFFE750E926000EEA2269
:10704000EF50030801E2E3D00201010E666F260E45
:10705000E76EFD0EDBCFE9FFFE0EDBCFEAFFE75068
:10706000E926000EEA22EF50030A01E191D0010A5D
:1070700061E0030A31E0010A01E0B8D0270EE76EB3
:10708000FD0EDBCFE9FFFE0EDBCFEAFFE750E9267E
:10709000000EEA22EF50E8B09582E8A09592120E19
:1070A000F36E0C0EF3CFDBFF0D0EDB6A9550020B77
:1070B00001E0010EE66E0C0EDBCFE6FF0D0EDBCF1E
:1070C000E6FFDDEC03F0E552E552E55295B203D060
:1070D0000201010EA46F8AD0270EE76EFD0EDBCFF2
:1070E000E9FFFE0EDBCFEAFFE750E926000EEA22B9
:1070F000EF50E8B09584E8A09594130EF36E0C0E53
:10710000F3CFDBFF0D0EDB6A9550040B01E0010E9F
:10711000E66E0C0EDBCFE6FF0D0EDBCFE6FFDDECFF
:1071200003F0E552E552E55295B403D00201010E99
:10713000A56F5CD0270EE76EFD0EDBCFE9FFFE0EDC
:10714000DBCFEAFFE750E926000EEA22EF50E8B075
:107150009586E8A09596140EF36E0C0EF3CFDBFF28
:107160000D0EDB6A9550080B01E0010EE66E0C0E69
:10717000DBCFE6FF0D0EDBCFE6FFDDEC03F0E552E3
:10718000E552E55295B603D00201010EA66F2ED04E
:10719000270EE76EFD0EDBCFE9FFFE0EDBCFEAFF29
:1071A000E750E926000EEA22EF50E8B09488E8A004
:1071B0009498150EF36E0C0EF3CFDBFF0D0EDB6A09
:1071C0009450100B01E0010EE66E0C0EDBCFE6FFD3
:1071D0000D0EDBCFE6FFDDEC03F0E552E552E552A4
:1071E00094B803D00201010EA76F00D00201666BB4
:1071F000FC0EDB0408E1EB0EE66E050EE66EA1EC7C
:1072000047F0E552E552010EBBEF46F006D0020111
:10721000060E6A6F000EBBEF46F006D00201070EA5
:107220006A6F000EBBEF46F02B0EE76EFD0EDBCF54
:10723000E9FFFE0EDBCFEAFFE750E926000EEA2267
:10724000EF0401E0A9D0520EE76EFD0EDBCF20F077
:10725000FE0EDBCF21F0E7502026000E212220C0B9
:10726000E6FF21C0E6FF64EC6DF0E552E552120E38
:10727000F3CFDBFFDF6A02016951DF5C6CE2140EC1
:10728000DB6ADF500F0DF3CF22F0F4CF23F0840E32
:107290002226070E23220B0E2226000E232222C0B6
:1072A000E6FF23C0E6FF64EC6DF0E552E552F3CF54
:1072B00020F0F4CF21F0120EDB50246E256A24500A
:1072C000201802E12550211801E043D0130EDB6A9B
:1072D000120EDB50F36E130EDBCFF4FFF350F45CB1
:1072E0002FE2130EDB50520FE76EFD0EDBCFE9FFEE
:1072F000FE0EDBCFEAFFE750E926000EEA22EFCFD1
:1073000020F0DF500F0DF3CF21F0F4CF22F0840EE8
:107310002126070E2222130EDB500B0F0F01212412
:10732000E96E000E2220EA6EEF50205C06E0010EAE
:10733000F36E140EF3CFDBFF03D0130EDB2AC8D796
:10734000140EDB5006E10201140E6A6F000EBBEF53
:1073500046F0DF2A90D7FD0EDBCFE6FFFE0EDBCF37
:10736000E6FF69C2E6FF6EEC2BF0E552E552E5520E
:1073700001080FE1FC0EDB0408E1EB0EE66E050EE2
:10738000E66EA1EC47F0E552E552010EBBEF46F088
:1073900003D0000EBBEF46F0550EE76EFD0EDBCFBF
:1073A000E9FFFE0EDBCFEAFFE750E926000EEA22F6
:1073B000EF0401E087D0560EE76EFD0EDBCFE9FF4C
:1073C000FE0EDBCFEAFFE750E926000EEA22EFCF00
:1073D00020F002016951205C70E26907560EE76EE9
:1073E000FD0EDBCFE9FFFE0EDBCFEAFFE750E9261B
:1073F000000EEA22EF50695D11E159EC06F0FC0E37
:10740000DB0408E1EB0EE66E050EE66EA1EC47F03C
:10741000E552E552010EBBEF46F04ED0695100082F
:1074200026E2560EE76EFD0EDBCFE9FFFE0EDBCF48
:10743000EAFFE750E926000EEA22EF50E66E26EC5E
:107440002BF0E55201080FE1FC0EDB0408E1EB0E26
:10745000E66E050EE66EA1EC47F0E552E552010E30
:10746000BBEF46F003D0000EBBEF46F025D0110E67
:10747000F36E0C0EF3CFDBFF0D0EDB6A696B100EA3
:10748000DB6ADBCFE6FF0C0EDBCFE6FF0D0EDBCFBA
:10749000E6FFDDEC03F0E552E552E552FC0EDB04BD
:1074A00008E1EB0EE66E050EE66EA1EC47F0E55244
:1074B000E552010EBBEF46F005D0150E6A6F000EC7
:1074C000BBEF46F0BBEF46F0030EE76EFD0EDBCFE1
:1074D000E9FFFE0EDBCFEAFFE750E926000EEA22C5
:1074E000EF0401E0CBD0040EE76EFD0EDBCFE9FF29
:1074F000FE0EDBCFEAFFE750E926000EEA22EF504E
:1075000005E19550020B02E0A86BB6D0040EE76EC1
:10751000FD0EDBCFE9FFFE0EDBCFEAFFE750E926E9
:10752000000EEA22EF0405E19550040B02E0A96B7E
:10753000A3D0040EE76EFD0EDBCFE9FFFE0EDBCF1E
:10754000EAFFE750E926000EEA22EF50020805E1C3
:107550009550080B02E0AA6B8FD0040EE76EFD0E6B
:10756000DBCFE9FFFE0EDBCFEAFFE750E926000E96
:10757000EA22EF50030805E19450100B02E0AB6BD8
:107580007BD0040EE76EFD0EDBCFE9FFFE0EDBCFF6
:10759000EAFFE750E926000EEA22EFCF20F0205C58
:1075A00066E3040EE76EFD0EDBCFE9FFFE0EDBCFD8
:1075B000EAFFE750E926000EEA22EF50030857E3FE
:1075C000050EE76EFD0EDBCFE9FFFE0EDBCFEAFF17
:1075D000E750E926000EEA22EF500EE0050EE76EB6
:1075E000FD0EDBCFE9FFFE0EDBCFEAFFE750E92619
:1075F000000EEA22EF0435E1010E666F050EE76E1C
:10760000FD0EDBCFE9FFFE0EDBCFEAFFE750E926F8
:10761000000EEA22EF50E66E040EE76EFD0EDBCFA1
:10762000E9FFFE0EDBCFEAFFE750E926000EEA2273
:10763000EF50EA6AA40FE96E020EEA22E552E75023
:10764000EF6E666BFC0EDB0408E1EB0EE66E050EDA
:10765000E66EA1EC47F0E552E552010EBBEF46F0B5
:1076600005D0090E6A6F000EBBEF46F005D0060E7E
:107670006A6F000EBBEF46F0AEEF46F0060EE76E07
:10768000FD0EDBCFE9FFFE0EDBCFEAFFE750E92678
:10769000000EEA22EF0401E086D0070EE76EFD0E31
:1076A000DBCFE9FFFE0EDBCFEAFFE750E926000E55
:1076B000EA22EFCF20F0205C6FE3070EE76EFD0EAD
:1076C000DBCFE9FFFE0EDBCFEAFFE750E926000E35
:1076D000EA22EF500F0860E3080EE76EFD0EDBCFE5
:1076E000E9FFFE0EDBCFEAFFE750E926000EEA22B3
:1076F000EF5000084BE2080EE76EFD0EDBCFE9FF0E
:10770000FE0EDBCFEAFFE750E926000EEA22EF503B
:10771000206E216A213404E22050FF08000E21541B
:1077200035E3010E666F080EE76EFD0EDBCFE9FF55
:10773000FE0EDBCFEAFFE750E926000EEA22EF500B
:10774000E66E070EE76EFD0EDBCFE9FFFE0EDBCF28
:10775000EAFFE750E926000EEA22EF50EA6AB40F8A
:10776000E96E020EEA22E552E750EF6E666BFC0E00
:10777000DB0408E1EB0EE66E050EE66EA1EC47F0C9
:10778000E552E552010EBBEF46F005D0170E6A6FC9
:10779000000EBBEF46F005D0160E6A6F000EBBEF71
:1077A00046F0AEEF46F0090EE76EFD0EDBCFE9FFC7
:1077B000FE0EDBCFEAFFE750E926000EEA22EF04D7
:1077C00001E081D00A0EE76EFD0EDBCFE9FFFE0E71
:1077D000DBCFEAFFE750E926000EEA22EFCF20F0E8
:1077E000205C6AE30A0EE76EFD0EDBCFE9FFFE0EBA
:1077F000DBCFEAFFE750E926000EEA22EF5005084A
:107800005BE30B0EE76EFD0EDBCFE9FFFE0EDBCF79
:10781000EAFFE750E926000EEA22EF500EE00B0ED9
:10782000E76EFD0EDBCFE9FFFE0EDBCFEAFFE75090
:10783000E926000EEA22EF0439E1010E666F0B0E15
:10784000E76EFD0EDBCFE9FFFE0EDBCFEAFFE75070
:10785000E926000EEA22EF5002E0000E01D0010EF0
:10786000E66E0A0EE76EFD0EDBCFE9FFFE0EDBCF04
:10787000EAFFE750E926000EEA22EF50EA6A000F1D
:10788000E96E020EEA22E552E750EF6E666BFC0EDF
:10789000DB0408E1EB0EE66E050EE66EA1EC47F0A8
:1078A000E552E552010EBBEF46F005D00A0E6A6FB5
:1078B000000EBBEF46F005D00B0E6A6F000EBBEF5B
:1078C00046F0AEEF46F00C0EE76EFD0EDBCFE9FFA3
:1078D000FE0EDBCFEAFFE750E926000EEA22EF04B6
:1078E00001E0DCD0110EE76EFD0EDBCFE9FFFE0EEE
:1078F000DBCFEAFFE750E926000EEA22EF50280826
:1079000010E0110EE76EFD0EDBCFE9FFFE0EDBCFC0
:10791000EAFFE750E926000EEA22EF50290801E0CD
:10792000B6D00D0EE76EFD0EDBCF20F0FE0EDBCFE6
:1079300021F0E7502026000E212220C0E6FF21C0C2
:10794000E6FF64EC6DF0E552E552120EF3CFDBFF7B
:10795000DF6A02016951DF5C01E393D0140EDB6A38
:10796000DF500F0DF3CF22F0F4CF23F0840E222648
:10797000070E23220B0E2226000E232222C0E6FF32
:1079800023C0E6FF64EC6DF0E552E552F3CF20F042
:10799000F4CF21F0120EDB50246E256A24502018FB
:1079A00002E12550211801E06AD0130EDB6A120EA5
:1079B000DB50F36E130EDBCFF4FFF350F45C2FE2D9
:1079C000130EDB500D0FE76EFD0EDBCFE9FFFE0E51
:1079D000DBCFEAFFE750E926000EEA22EFCF20F0E6
:1079E000DF500F0DF3CF21F0F4CF22F0840E2126CB
:1079F000070E2222130EDB500B0F0F012124E96E1C
:107A0000000E2220EA6EEF50205C06E0010EF36EBD
:107A1000140EF3CFDBFF03D0130EDB2AC8D7140EEE
:107A2000DB502DE1110EE76EFD0EDBCFE9FFFE0E00
:107A3000DBCFEAFFE750E926000EEA22EF50E66EC0
:107A4000DF500F0DF3CFE9FFF4CFEAFF840EE926F4
:107A5000070EEA22090EE926000EEA22E552E75057
:107A6000EF6EFC0EDB0408E1EB0EE66E050EE66E33
:107A7000A1EC47F0E552E552010EBBEF46F0DF2ADC
:107A800068D71A0E6A6F000EBBEF46F005D0190ECC
:107A90006A6F000EBBEF46F0AEEF46F0120EE76ED7
:107AA000FD0EDBCFE9FFFE0EDBCFEAFFE750E92654
:107AB000000EEA22EF0401E0DCD2030E655D05E171
:107AC0000F0E6A6F000EBBEF46F0130EE76EFD0E51
:107AD000DBCFE9FFFE0EDBCFEAFFE750E926000E21
:107AE000EA22EFCF20F0205C01E2BCD2130EE76E59
:107AF000FD0EDBCFE9FFFE0EDBCFEAFFE750E92604
:107B0000000EEA22EF501F0801E2ACD2140EE76E1D
:107B1000FD0EDBCFE9FFFE0EDBCFEAFFE750E926E3
:107B2000000EEA22EFCF20F0205C0FE3140EE76E88
:107B3000FD0EDBCFE9FFFE0EDBCFEAFFE750E926C3
:107B4000000EEA22EF500F081FE2140EE76EFD0E42
:107B5000DBCFE9FFFE0EDBCFEAFFE750E926000EA0
:107B6000EA22EF50FF0810E0140EE76EFD0EDBCFA7
:107B7000E9FFFE0EDBCFEAFFE750E926000EEA221E
:107B8000EF50EE0801E002D2150EE76EFD0EDBCFDE
:107B9000E9FFFE0EDBCFEAFFE750E926000EEA22FE
:107BA000EF50130810E0150EE76EFD0EDBCFE9FF76
:107BB000FE0EDBCFEAFFE750E926000EEA22EF5087
:107BC000140801E0E3D1160EE76EFD0EDBCFE9FFEE
:107BD000FE0EDBCFEAFFE750E926000EEA22EFCFE8
:107BE00021F0215C0FE3160EE76EFD0EDBCFE9FFFF
:107BF000FE0EDBCFEAFFE750E926000EEA22EF5047
:107C000064081FE2160EE76EFD0EDBCFE9FFFE0EE5
:107C1000DBCFEAFFE750E926000EEA22EF50FF082B
:107C200010E0160EE76EFD0EDBCFE9FFFE0EDBCF98
:107C3000EAFFE750E926000EEA22EF50EE0801E0E5
:107C4000A5D1010E666F140EE76EFD0EDBCFE9FFC6
:107C5000FE0EDBCFEAFFE750E926000EEA22EF50E6
:107C6000FF0804E1160E84C2DBFF22D0140EE76E7B
:107C7000FD0EDBCFE9FFFE0EDBCFEAFFE750E92682
:107C8000000EEA22EF50EE0804E1160E86C2DBFF7A
:107C90000FD0140EE76EFD0EDBCFE9FFFE0EDBCF3B
:107CA000EAFFE750E926000EEA22160EEFCFDBFFCF
:107CB000E76EFD0EDBCFE9FFFE0EDBCFEAFFE750FC
:107CC000E926000EEA22EF50FF0804E1170E84C2F5
:107CD000DBFF22D0160EE76EFD0EDBCFE9FFFE0EB6
:107CE000DBCFEAFFE750E926000EEA22EF50EE086C
:107CF00004E1170E86C2DBFF0FD0160EE76EFD0EF5
:107D0000DBCFE9FFFE0EDBCFEAFFE750E926000EEE
:107D1000EA22170EEFCFDBFFDBCF20F0203406E3A3
:107D2000170EDB50FF0D170EF3CFDBFF130EE76EC0
:107D3000FD0EDBCFE9FFFE0EDBCFEAFFE750E926C1
:107D4000000EEA22EFCF20F0110E205C01E2ADD050
:107D5000180EDB6A040EF36E180EDBCFF4FFF3503F
:107D6000F45C01E3A1D0010EF36E180EDB5004E0C9
:107D7000D890F336E806FCE1F350216E130EE76E5F
:107D8000FD0EDBCFE9FFFE0EDBCFEAFFE750E92671
:107D9000000EEA22EF500F0B2114206E010EF36E3D
:107DA000180EDB5004E0D890F336E806FCE1F350FF
:107DB000205C3EE1180EDBCFE6FF170EDBCFE6FFBF
:107DC000160EDBCFE6FF23EC33F0E552E552E55229
:107DD000150EE76EFD0EDBCFE9FFFE0EDBCFEAFFEF
:107DE000E750E926000EEA22EF50140820E1180EB1
:107DF000EA6ADB34FE0BEA36E96E090EE926020E6A
:107E0000EA22EECF20F0EFCF21F0206C211E000EF1
:107E10002122180EEA6ADB34FE0BEA36E96E090EFF
:107E2000E926020EEA2220C0EEFF21C0EDFF39D084
:107E3000180EDBCFE6FFE66AE66A23EC33F0E55284
:107E4000E552E552150EE76EFD0EDBCFE9FFFE0EA3
:107E5000DBCFEAFFE750E926000EEA22EF501408D4
:107E600020E1180EEA6ADB34FE0BEA36E96E090EF1
:107E7000E926020EEA22EECF20F0EFCF21F0206CAF
:107E8000211E000E2122180EEA6ADB34FE0BEA36B0
:107E9000E96E090EE926020EEA2220C0EEFF21C09B
:107EA000EDFF180EDB2A56D760D0130EE76EFD0EDD
:107EB000DBCFE9FFFE0EDBCFEAFFE750E926000E3D
:107EC000EA22EF5003084CE3130EE76EFD0EDBCF02
:107ED000E9FFFE0EDBCFEAFFE750E926000EEA22BB
:107EE000180EEFCFDBFFDBCFE6FF170EDBCFE6FF91
:107EF000160EDBCFE6FF23EC33F0E552E552E552F8
:107F0000150EE76EFD0EDBCFE9FFFE0EDBCFEAFFBD
:107F1000E750E926000EEA22EF50140820E1180E7F
:107F2000EA6ADB34FE0BEA36E96E090EE926020E38
:107F3000EA22EECF20F0EFCF21F0206C211E000EC0
:107F40002122180EEA6ADB34FE0BEA36E96E090ECE
:107F5000E926020EEA2220C0EEFF21C0EDFF05D087
:107F60000E0E6A6F000EBBEF46F00201666BFC0E50
:107F7000DB0408E1EB0EE66E050EE66EA1EC47F0C1
:107F8000E552E552010EBBEF46F06BD0140EE76EE2
:107F9000FD0EDBCFE9FFFE0EDBCFEAFFE750E9265F
:107FA000000EEA22EFCF20F0205C0FE3140EE76E04
:107FB000FD0EDBCFE9FFFE0EDBCFEAFFE750E9263F
:107FC000000EEA22EF500F0805E20C0E6A6F000E59
:107FD000BBEF46F0150EE76EFD0EDBCFE9FFFE0EA0
:107FE000DBCFEAFFE750E926000EEA22EF50130844
:107FF00014E0150EE76EFD0EDBCFE9FFFE0EDBCFC2
:10800000EAFFE750E926000EEA22EF50140805E0E7
:108010000D0E6A6F000EBBEF46F0160EE76EFD0EFA
:10802000DBCFE9FFFE0EDBCFEAFFE750E926000ECB
:10803000EA22EFCF20F0205C0FE3160EE76EFD0E74
:10804000DBCFE9FFFE0EDBCFEAFFE750E926000EAB
:10805000EA22EF50640805E2180E6A6F000EBBEFCB
:1080600046F005D00E0E6A6F000EBBEF46F0AEEF85
:1080700046F0170EE76EFD0EDBCFE9FFFE0EDBCFFD
:10808000EAFFE750E926000EEA22EF0401E0C6D03D
:10809000180EE76EFD0EDBCFE9FFFE0EDBCFEAFF29
:1080A000E750E926000EEA22EF502B081FE0180ED9
:1080B000E76EFD0EDBCFE9FFFE0EDBCFEAFFE750F8
:1080C000E926000EEA22EF502E0810E0180EE76EA7
:1080D000FD0EDBCFE9FFFE0EDBCFEAFFE750E9261E
:1080E000000EEA22EF502C0801E091D0180EE76E46
:1080F000FD0EDBCFE9FFFE0EDBCFEAFFE750E926FE
:10810000000EEA22EF502C081DE1190EDB6A0F0E5B
:10811000F36E190EDBCFF4FFF350F45C13E2190E8B
:10812000DB50EA6AB40FE96E020EEA22EF6A190E1A
:10813000DB50EA6AC30FE96E020EEA22EF6A190EFB
:10814000DB2AE5D7180EE76EFD0EDBCFE9FFFE0E4A
:10815000DBCFEAFFE750E926000EEA22EFCF9FF2DD
:10816000DF6A02016951DF5C43E2180EE76EFD0E23
:10817000DBCFE9FFFE0EDBCFEAFFE750E926000E7A
:10818000EA22EF502C0822E0DF500F0DF3CFE9FF79
:10819000F4CFEAFF840EE926070EEA220A0EE9264A
:1081A000000EEA22EF50E66EDF500F0DF3CFE9FF2D
:1081B000F4CFEAFF840EE926070EEA22090EE9262B
:1081C000000EEA22E552E750EF6E10D0DF500F0D9F
:1081D000F3CFE9FFF4CFEAFF840EE926070EEA2287
:1081E000090EE926000EEA22280EEF6EDF2AB9D723
:1081F000FC0EDB0408E1EB0EE66E050EE66EA1EC6C
:1082000047F0E552E552010EBBEF46F005D0080EEF
:108210006A6F000EBBEF46F0AEEF46F0190EE76E48
:10822000FD0EDBCFE9FFFE0EDBCFEAFFE750E926CC
:10823000000EEA22EF043CE1060E655D05E10F0E3B
:108240006A6F000EBBEF46F0010E666F1B0EE76E05
:10825000FD0EDBCFE9FFFE0EDBCFEAFFE750E9269C
:10826000000EEA22EF50E66E1A0EE76EFD0EDBCF2F
:10827000E9FFFE0EDBCFEAFFE750E926000EEA2217
:10828000EF50E66E67EC4DF0E552E5520201666B89
:10829000FC0EDB0408E1EB0EE66E050EE66EA1ECCB
:1082A00047F0E552E552010EBBEF46F0AEEF46F067
:1082B000200EE76EFD0EDBCFE9FFFE0EDBCFEAFFFF
:1082C000E750E926000EEA22EF0401E0FAD0050E9D
:1082D000206ED90E216E226A20C0E6FF21C0E6FF83
:1082E00022C0E6FFEB0EE66E050EE66EC2EC6DF008
:1082F000236E050EE15E2350FC0EDB0408E1EB0E5D
:10830000E66E050EE66EA1EC47F0E552E552DF6A37
:1083100002016951DF5C01E3AFD0DF500F0DF3CFF5
:10832000E9FFF4CFEAFF840EE926070EEA22090EE0
:10833000E926000EEA22EF5028082BE1DF500F0D4E
:10834000F3CF20F0F4CF21F0840E2026070E212257
:108350000B0E2026000E212220C0E6FF21C0E6FFE2
:10836000DFCFE6FFE66A2B0E226ED60E236E246A5E
:1083700022C0E6FF23C0E6FF24C0E6FFEB0EE66E58
:10838000050EE66EC2EC6DF0256E090EE15E25501D
:1083900066D0DF500F0DF3CFE9FFF4CFEAFF840E74
:1083A000E926070EEA22090EE926000EEA22EF501E
:1083B00029082BE1DF500F0DF3CF20F0F4CF21F08F
:1083C000840E2026070E21220B0E2026000E2122CD
:1083D00020C0E6FF21C0E6FFDFCFE6FFE66A210E00
:1083E000226ED60E236E246A22C0E6FF23C0E6FF6B
:1083F00024C0E6FFEB0EE66E050EE66EC2EC6DF0F5
:10840000256E090EE15E25502AD0DF500F0DF3CF07
:1084100020F0F4CF21F0840E2026070E21220B0E2F
:108420002026000E212220C0E6FF21C0E6FFDFCF7C
:10843000E6FFE66A0D0E226ED60E236E246A22C077
:10844000E6FF23C0E6FF24C0E6FFEB0EE66E050E56
:10845000E66EC2EC6DF0256E090EE15E2550FC0E55
:10846000DB0408E1EB0EE66E050EE66EA1EC47F0CC
:10847000E552E552DF2A4CD7050E206ED90E216E4B
:10848000226A20C0E6FF21C0E6FF22C0E6FFEB0E15
:10849000E66E050EE66EC2EC6DF0236E050EE15E33
:1084A0002350FC0EDB0408E1EB0EE66E050EE66ED3
:1084B000A1EC47F0E552E552010EBBEF46F0AEEFFE
:1084C00046F0210EE76EFD0EDBCFE9FFFE0EDBCF9F
:1084D000EAFFE750E926000EEA22EF0401E00FD19F
:1084E000DF6A02016951DF5C01E306D1050E206EEF
:1084F000D90E216E226A20C0E6FF21C0E6FF22C00D
:10850000E6FFEB0EE66E050EE66EC2EC6DF0236E36
:10851000050EE15E2350150EDB6A010EDB6A0F0EBD
:10852000F36E010EDBCFF4FFF350F45C01E3BCD03B
:10853000DF500F0DF3CF20F0F4CF21F0840E202672
:10854000070E2122010EDB500F012024E96E000EE0
:108550002120EA6EEF50E66EE66A010EDBCFE6FF01
:10856000E66ADFCFE6FFE66AEB0EE66E050EE66E24
:10857000000E226ED60E236E246A22C0E6FF23C0B0
:10858000E6FF24C0E6FFEB0EE66E050EE66EC2ECDB
:108590006DF0256E0D0EE15E2550DF500F0DF3CF0F
:1085A00021F0F4CF22F0840E2126070E2222010EA4
:1085B000DB500F012124E96E000E2220EA6EEFCF7E
:1085C00020F0200E205C41E3DF500F0DF3CF23F0AD
:1085D000F4CF24F0840E2326070E2422010EDB5054
:1085E0002324E96E000E2420EA6EEF507F082DE36D
:1085F000DF500F0DF3CF20F0F4CF21F0840E2026B2
:10860000070E2122010EDB502024E96E000E2120EE
:10861000EA6EEF50E66EE66AEB0EE66E050EE66E6B
:10862000F90E226ED50E236E246A22C0E6FF23C007
:10863000E6FF24C0E6FFEB0EE66E050EE66EC2EC2A
:108640006DF0256E090EE15E2550150EDB2A050E34
:10865000F36E150EDBCFF4FFF350F45C22E3FC0E57
:10866000DB0408E1EB0EE66E050EE66EA1EC47F0CA
:10867000E552E552150EDB6A050E206ED90E216E0D
:10868000226A20C0E6FF21C0E6FF22C0E6FFEB0E13
:10869000E66E050EE66EC2EC6DF0236E050EE15E31
:1086A0002350010EDB2A3BD7150EDB50000822E2D7
:1086B000FC0EDB0408E1EB0EE66E050EE66EA1ECA7
:1086C00047F0E552E552150EDB6A050E206ED90E15
:1086D000216E226A20C0E6FF21C0E6FF22C0E6FF2D
:1086E000EB0EE66E050EE66EC2EC6DF0236E050E27
:1086F000E15E2350DF2AF5D6010E3DD32FD31F0EA6
:10870000E76EFD0EDBCFE9FFFE0EDBCFEAFFE750A1
:10871000E926000EEA22EF0408E1FC0EDB0402E188
:1087200042EC04F0010E27D319D31C0EE76EFD0EA8
:10873000DBCFE9FFFE0EDBCFEAFFE750E926000EB4
:10874000EA22EF0401E05DD1FC0EDB0401E056D12A
:1087500095B219D0A451E66EE66AE70E206ED50EEA
:10876000216E226A20C0E6FF21C0E6FF22C0E6FF9C
:10877000EB0EE66E050EE66EC2EC6DF0236E070E94
:10878000E15E23501BD0A851E66EE66AA451E66E66
:10879000E66ACD0E206ED50E216E226A20C0E6FF5D
:1087A00021C0E6FF22C0E6FFEB0EE66E050EE66E88
:1087B000C2EC6DF0236E090EE15E2350EB0EE66E07
:1087C000050EE66EBEDBE552E55295B41AD0020105
:1087D000A551E66EE66ABB0E206ED50E216E226AAA
:1087E00020C0E6FF21C0E6FF22C0E6FFEB0EE66EEA
:1087F000050EE66EC2EC6DF0236E070EE15E2350AF
:108800001CD00201A951E66EE66AA551E66EE66A41
:10881000A10E206ED50E216E226A20C0E6FF21C077
:10882000E6FF22C0E6FFEB0EE66E050EE66EC2EC3A
:108830006DF0236E090EE15E2350EB0EE66E050E21
:10884000E66E7FDBE552E55295B61AD00201A651DD
:10885000E66EE66A8F0E206ED50E216E226A20C06B
:10886000E6FF21C0E6FF22C0E6FFEB0EE66E050E36
:10887000E66EC2EC6DF0236E070EE15E23501CD055
:108880000201AA51E66EE66AA651E66EE66A750E28
:10889000206ED50E216E226A20C0E6FF21C0E6FFC1
:1088A00022C0E6FFEB0EE66E050EE66EC2EC6DF042
:1088B000236E090EE15E2350EB0EE66E050EE66EAA
:1088C00040DBE552E55294B81AD00201A751E66E9A
:1088D000E66A630E206ED50E216E226A20C0E6FF86
:1088E00021C0E6FF22C0E6FFEB0EE66E050EE66E47
:1088F000C2EC6DF0236E070EE15E23501CD0020126
:10890000AB51E66EE66AA751E66EE66A490E206E46
:10891000D50E216E226A20C0E6FF21C0E6FF22C0EC
:10892000E6FFEB0EE66E050EE66EC2EC6DF0236E12
:10893000090EE15E2350EB0EE66E050EE66E01DBDE
:10894000E552E55284C2E6FF85C2E6FF3B0E206E8B
:10895000D50E216E226A20C0E6FF21C0E6FF22C0AC
:10896000E6FFEB0EE66E050EE66EC2EC6DF0236ED2
:10897000070EE15E2350EB0EE66E050EE66EE1DAC1
:10898000E552E55286C2E6FF87C2E6FF2D0E206E55
:10899000D50E216E226A20C0E6FF21C0E6FF22C06C
:1089A000E6FFEB0EE66E050EE66EC2EC6DF0236E92
:1089B000070EE15E2350EB0EE66E050EE66EC1DAA1
:1089C000E552E552050E206ED90E216E226A20C0B6
:1089D000E6FF21C0E6FF22C0E6FFEB0EE66E050EC5
:1089E000E66EC2EC6DF0236E050EE15E2350EB0ED9
:1089F000E66E050EE66EA5DAE552E552010EBBD134
:108A0000ADD11D0EE76EFD0EDBCFE9FFFE0EDBCF15
:108A1000EAFFE750E926000EEA22EF0475E1050EB1
:108A2000DB6A060EF36E050EDBCFF4FFF350F45C49
:108A300049E2050EDB50EA6A000FE96E020EEA22F7
:108A4000EF501AE1050EDBCFE6FFE66A240E206E3A
:108A5000D50E216E226A20C0E6FF21C0E6FF22C0AB
:108A6000E6FFEB0EE66E050EE66EC2EC6DF0236ED1
:108A7000070EE15E235019D0050EDBCFE6FFE66A54
:108A80001B0E206ED50E216E226A20C0E6FF21C08B
:108A9000E6FF22C0E6FFEB0EE66E050EE66EC2ECC8
:108AA0006DF0236E070EE15E2350FC0EDB0407E140
:108AB000EB0EE66E050EE66E44DAE552E552050E63
:108AC000DB2AAFD7050E206ED90E216E226A20C098
:108AD000E6FF21C0E6FF22C0E6FFEB0EE66E050EC4
:108AE000E66EC2EC6DF0236E050EE15E2350FC0EC7
:108AF000DB0407E1EB0EE66E050EE66E22DAE552C8
:108B0000E552010E38D12AD11E0EE76EFD0EDBCFE5
:108B1000E9FFFE0EDBCFEAFFE750E926000EEA226E
:108B2000EF0401E01BD1050EDB6A040EF36E050EA7
:108B3000DBCFF4FFF350F45C01E3EFD0AF0E206E17
:108B4000D60E216E226A20C0E6FF21C0E6FF22C0B9
:108B5000E6FFD60EE66E020EE66EC2EC6DF0236EF8
:108B6000050EE15E2350A60E206ED60E216E226AFF
:108B700020C0E6FF21C0E6FF22C0E6FFE00EE66E61
:108B8000020EE66EC2EC6DF0236E050EE15E235020
:108B9000050EEA6ADB34FE0BEA36E96E090EE926B9
:108BA000020EEA22EECF20F0EFCF21F0213404E2D2
:108BB00020500008000E215450E2050EDB50EA6AF6
:108BC0007C0FE96E020EEA22EF5005E1E00E206E06
:108BD000020E216E04D0D60E206E020E216E20C031
:108BE000E6FF21C0E6FF050EEA6ADB34FE0BEA363B
:108BF000E96E090EE926020EEA22EECF22F0EFCF4F
:108C000023F0D00E0D6E070E0E6E22C008F023C0AA
:108C100009F0BFEC6CF008C022F009C023F022C0BC
:108C2000E6FF23C0E6FF050EDBCFE6FFE66A010E96
:108C3000246ED50E256E266A24C0E6FF25C0E6FF09
:108C400026C0E6FFEB0EE66E050EE66EC2EC6DF09A
:108C5000276E0B0EE15E275053D0050EDB50EA6AFB
:108C60007C0FE96E020EEA22EF5005E1E00E206E65
:108C7000020E216E04D0D60E206E020E216E20C090
:108C8000E6FF21C0E6FF050EEA6ADB34FE0BEA369A
:108C9000E96E090EE926020EEA22EECF22F0EFCFAE
:108CA00023F0226C231E000E2322D00E0D6E070E21
:108CB0000E6E22C008F023C009F0BFEC6CF008C0B3
:108CC00022F009C023F022C0E6FF23C0E6FF050E14
:108CD000DBCFE6FFE66AE70E246ED40E256E266A29
:108CE00024C0E6FF25C0E6FF26C0E6FFEB0EE66ED9
:108CF000050EE66EC2EC6DF0276E0B0EE15E27509E
:108D0000FC0EDB0407E1EB0EE66E050EE66E19D9EC
:108D1000E552E552050EDB2A08D7050E206ED90E66
:108D2000216E226A20C0E6FF21C0E6FF22C0E6FFD6
:108D3000EB0EE66E050EE66EC2EC6DF0236E050ED0
:108D4000E15E2350FC0EDB0407E1EB0EE66E050E40
:108D5000E66EF7D8E552E552010E0DD00CD0FC0EB0
:108D6000DB0407E1EB0EE66E050EE66EEAD8E5528F
:108D7000E552010E00D0206E1A0EE15C02E2E16ABB
:108D8000E552E16E2050E552E7CFD9FF1200D9CF6E
:108D9000E6FFE1CFD9FFE6520201075101E11AD007
:108DA000DF6A7F0EDF5C09E2DF50EA6A000FE96EDE
:108DB000030EEA22EF6ADF2AF4D7B00E946EAC8A73
:108DC000AC98AC84AB8EAB88100EAF6E0601B36B63
:108DD000B46B9D8AE552E552E7CFD9FF1200D9CF97
:108DE000E6FFE1CFD9FF0201075101E107D0ACA2B4
:108DF000FED7FE0EDB50AD6E9EA8FED7E552E7CF44
:108E0000D9FF1200D9CFE6FFE1CFD9FFE652020128
:108E1000075101E191D00601B351B45D01E18AD05F
:108E2000B451EA6A000FE96E030EEA22EFCFDFFFCA
:108E3000B451B42BEA6A000FE96E030EEA22EF6A1E
:108E40007F0EB45D01E3B46B0D0EDF5C56E0FB0EEC
:108E5000DBCFE9FFFC0EDBCFEAFFEFCF20F0216A8A
:108E600020BE2168D890215004E6C70E205C000E79
:108E7000215843E27F0EDF5C1EE1FB0EDBCFE9FFF2
:108E8000FC0EDBCFEAFFEF06FB0EDBCFE9FFFC0EAB
:108E9000DBCFEAFFEFCF20F0203408E3FB0EDBCF7F
:108EA000E9FFFC0EDBCFEAFFEF6A04D0DFCFE6FF7D
:108EB00096DFE55221D0DFCFE6FF0CEC07F0E5525C
:108EC000E66EFB0EDBCFE9FFFC0EDBCFEAFFEF50D7
:108ED000EF2A206E216A20BE2168FD0EDB5020247F
:108EE000E96EFE0EDB502120EA6EE552E750EF6E90
:108EF000DFCFE6FF74DFE5521FD0FB0EDBCFE9FFCB
:108F0000FC0EDBCFEAFFEFCF20F0216A20BE216804
:108F1000FD0EDB502024E96EFE0EDB502120EA6EB0
:108F2000EF6AFB0EDBCFE9FFFC0EDBCFEAFFEF6A57
:108F3000010E02D0000E00D0E552E552E7CFD9FF76
:108F40001200D9CFE6FFE1CFD9FF020107051BE1EF
:108F5000FD0EDBCFE6FFFE0EDBCFE6FF0651E66E31
:108F6000E66AD40E206ED40E216E226A20C0E6FF7F
:108F700021C0E6FF22C0E6FF67EC6EF0236E070E0D
:108F8000E15E23503AD0FD0EDBCFE6FFFE0EDBCFD5
:108F9000E6FF64EC6DF0E552E552F3CF20F0F4CF3C
:108FA00021F0213404E220500008000E215425E273
:108FB000FD0EDBCFE6FFFE0EDBCFE6FF0201065122
:108FC000E66EE66AC60E206ED40E216E226A20C0BE
:108FD000E6FF21C0E6FF22C0E6FF67EC6EF0236EDD
:108FE000070EE15E23500201070507E1050EE66E5C
:108FF000D90EE66EA6DFE552E55204D8E552E7CF7A
:10900000D9FF1200E66A57D9E5521200D9CFE6FF20
:10901000E1CFD9FF020EE126DE6ADD6ADECF20F065
:10902000DDCF21F0F40E205C010E215805E2DF2A8D
:10903000010E01E3DB2AF2D7020EE15C02E2E16AF3
:10904000E552E16EE552E7CFD9FF1200D9CFE6FF36
:10905000E1CFD9FF110EE126080EF36E0F0EF3CF0C
:10906000DBFF100EDB6A000E06C2DFFF010EDB6ABB
:10907000020EDB6A030EDB6A0D0EDB6A080EF36E6E
:109080000D0EDBCFF4FFF350F45C12E2D950040F65
:10909000206EDACF21F00D0EDB500F012024E96E97
:1090A000000E2120EA6ECC0EEF6E0D0EDB2AE6D705
:1090B000100EDBCFE6FF0F0EDBCFE6FFD950040F1B
:1090C000E66E000EDA20E66ED9CFE9FFDACFEAFFCE
:1090D000EECFE6FFEECFE6FFEECFE6FFEFCFE6FF07
:1090E00072EC66F0206E080EE15E2050000901E18E
:1090F000DFD78CDF0E0EDB6A0C0EDB6A360EF36EEA
:109100000C0EDBCFF4FFF350F45C01E38AD00D0EBC
:10911000DB6A080EF36E0D0EDBCFF4FFF350F45C48
:1091200059E20301D051F36E0C0EDBCFF4FFF35084
:10913000F45C30E20C0EDBCFF3FFDB2AF350EA6A7B
:10914000800FE96E030EEA22EF50E66ED950040F4D
:10915000206EDACF21F00D0EDB500F012024E96ED6
:10916000000E2120EA6EE552E750EF6ED950040F51
:10917000206EDACF21F00D0EDB502024E96E000EB8
:109180002120EA6EEF5005E1010EF36E0E0EF3CFD3
:10919000DBFF1DD0D950040F206EDACF21F00D0E69
:1091A000DB500F012024E96E000E2120EA6EEF6AE9
:1091B000360EF36E0C0EDBCFF4FFF350F45C02E2DC
:1091C0000C0EDB2A010EF36E0E0EF3CFDBFF0D0E3D
:1091D000DB2A9FD7100EDBCFE6FF0F0EDBCFE6FFBB
:1091E000D950040FE66E000EDA20E66ED9CFE9FF03
:1091F000DACFEAFFEECFE6FFEECFE6FFEECFE6FFF7
:10920000EFCFE6FF72EC66F0206E080EE15E2050B4
:10921000000901E1DFD7FADE0E0EDB0401E101D027
:109220006DD70301D06B0D0EDB6A080EF36E0D0EC9
:10923000DBCFF4FFF350F45C12E2D950040F206E40
:10924000DACF21F00D0EDB500F012024E96E000E65
:109250002120EA6EDD0EEF6E0D0EDB2AE6D7100E32
:10926000DBCFE6FF0F0EDBCFE6FFD950040FE66E33
:10927000000EDA20E66ED9CFE9FFDACFEAFFEECFB3
:10928000E6FFEECFE6FFEECFE6FFEFCFE6FF72ECB4
:1092900066F0206E080EE15E2050000901E1DFD784
:1092A000B5DE110EE15C02E2E16AE552E16EE552E3
:1092B000E7CFD9FF1200D9CFE6FFE1CFD9FF120ED9
:1092C000E1260201070509E10601B55105E1FE0E9F
:1092D000DBCFE6FF84DDE55237D0360E0301D05DEB
:1092E0000AE2D051D02BEA6A800FE96E030EEA221F
:1092F000FE0EDBCFEFFF360ED05D03E0FE0EDB503F
:1093000023E10F0EDB6A030EF36E0F0EDBCFF4FFCB
:10931000F350F45C18E20F0EDB50EA6AC70FE96EF7
:10932000040EEA22EF5003080BE0FE0EDBCF20F024
:10933000216A20BE216820C0F3FF21C0F4FF0FD0B6
:109340000F0EDB2AE0D782DEFE0EDBCF20F0216A93
:1093500020BE216820C0F3FF21C0F4FF00D0120E10
:10936000E15C02E2E16AE552E16EE552E7CFD9FF46
:109370001200D9CFE6FFE1CFD9FF110EE126FD0E95
:10938000DBCFE6FFFE0EDBCFE6FF32EC2AF0E55244
:10939000E552E76E100EE7CFDBFF080EF36E0E0E00
:1093A000F3CFDBFF0F0EDB6A0C0EDB6A000E06C28A
:1093B000DFFF010EDB6A020EDB6A030EDB6A0D0EB5
:1093C000DB6A080EF36E0D0EDBCFF4FFF350F45C96
:1093D00012E2D950040F206EDACF21F00D0EDB50CF
:1093E0000F012024E96E000E2120EA6EEE0EEF6ED2
:1093F0000D0EDB2AE6D70F0EDBCFE6FF0E0EDBCF1E
:10940000E6FFD950040FE66E000EDA20E66ED9CFE3
:10941000E9FFDACFEAFFEECFE6FFEECFE6FFEECFD1
:10942000E6FFEFCFE6FF72EC66F0206E080EE15E1D
:109430002050000901E1DFD7E9DD100EDB50F36EAB
:109440000C0EDBCFF4FFF350F45C73E20D0EDB6A1D
:10945000080EF36E0D0EDBCFF4FFF350F45C46E222
:10946000100EDB50F36E0C0EDBCFF4FFF350F45C08
:109470002CE20C0EDBCFF3FFDB2AF350E76EFD0E80
:10948000DBCFE9FFFE0EDBCFEAFFE750E926000E57
:10949000EA22EF50E66ED950040F206EDACF21F0A9
:1094A0000D0EDB500F012024E96E000E2120EA6E24
:1094B000E552E750EF6E500EF36E0C0EDBCFF4FF6B
:1094C000F350F45C01E37BD00ED0D950040F206E32
:1094D000DACF21F00D0EDB500F012024E96E000ED3
:1094E0002120EA6EEF6A0D0EDB2AB2D70F0EDBCF1A
:1094F000E6FF0E0EDBCFE6FFD950040FE66E000E3E
:10950000DA20E66ED9CFE9FFDACFEAFFEECFE6FF49
:10951000EECFE6FFEECFE6FFEFCFE6FF72EC66F0B0
:10952000206E080EE15E2050000901E1DFD76EDDFC
:1095300084D70D0EDB6A080EF36E0D0EDBCFF4FF41
:10954000F350F45C11E2D950040F206EDACF21F011
:109550000D0EDB500F012024E96E000E2120EA6E73
:10956000EF680D0EDB2AE7D70F0EDBCFE6FF0E0EFE
:10957000DBCFE6FFD950040FE66E000EDA20E66E70
:10958000D9CFE9FFDACFEAFFEECFE6FFEECFE6FF75
:10959000EECFE6FFEFCFE6FF72EC66F0206E080E2E
:1095A000E15E2050000901E1DFD7FD0EDBCFE6FFD1
:1095B000FE0EDBCFE6FF95EC29F0E552E552110EE9
:1095C000E15C02E2E16AE552E16EE552E7CFD9FFE4
:1095D0001200D9CFE6FFE1CFD9FF0A0EE126050E32
:1095E000206ED90E216E226A20C0E6FF21C0E6FF60
:1095F00022C0E6FFEB0EE66E050EE66EC2EC6DF0E5
:10960000236E050EE15E2350080EDB6A030EF36E37
:10961000080EDBCFF4FFF350F45C01E34AD2DF6ABB
:10962000010EDB6A020EDB6A030EDB6A080EDB50FA
:10963000EA6AC40FE96E040EEA22EFCF20F0080EAA
:10964000DB50EA6AC10FE96E040EEA22EF50205C9B
:1096500001E12CD2080EDB50500DF3CF20F0F4CFF7
:1096600021F0D10E2026030E2122080EDB50EA6ADB
:10967000C40FE96E040EEA22EF500F012024E96EB8
:10968000000E2120EA6E090EEFCFDBFFDB50EE0863
:1096900002E1DF2A01D0DF6A090EDB50FF0803E197
:1096A000020EDB2A02D0020EDB6A090EDB50CC0868
:1096B00003E1010EDB2A02D0010EDB6A090EDB504A
:1096C000DD0803E1030EDB2A02D0030EDB6A080E7D
:1096D000DF5C32E1080EDB50EA6AC70FE96E040E68
:1096E000EA22010EEF6EDF6A080EDB50EA6AC40F51
:1096F000E96E040EEA22EF28E66E080EDB50EA6AF5
:10970000CA0FE96E040EEA22E552E750EF6E080E2A
:10971000DB50EA6ACA0FE96E040EEA22EFCF20F0AE
:10972000500E205C08E3080EDB50EA6ACA0FE96EAF
:10973000040EEA22EF6A9DD1010EDB50080833E1E6
:10974000080EDB50EA6AC70FE96E040EEA22020E29
:10975000EF6E010EDB6A080EDB50EA6AC40FE96E99
:10976000040EEA22EF28E66E080EDB50EA6ACD0FFF
:10977000E96E040EEA22E552E750EF6E080EDB5068
:10978000EA6ACD0FE96E040EEA22EFCF20F0500E08
:10979000205C08E3080EDB50EA6ACD0FE96E040E88
:1097A000EA22EF6A66D1020EDB50080801E0A8D079
:1097B000080EDB50EA6AC70FE96E040EEA22EF04D6
:1097C00001E09ED0080EDB50EA6AC70FE96E040E76
:1097D000EA22030EEF6E080EDB50EA6AC40FE96E50
:1097E000040EEA22EF50F90FE76E040EE7CFDBFF1D
:1097F000DBCF20F020340AE3500E206E040EDBCFC6
:10980000E7FF2050E726040EE7CFDBFF080EDB5012
:10981000EA6ACA0FE96E040EEA22060EEFCFDBFFFA
:10982000070EDB6A040EDB50F36E060EDB50F35CB2
:109830003FE0080EDB50500DF3CF20F0F4CF21F0C5
:10984000D10E2026030E2122060EDBCFF3FFDB2AEA
:10985000F3502024E96E000E2120EA6EEF50E66EF0
:10986000070EDBCFF3FFDB2AF350E76EFD0EDBCFF5
:10987000E9FFFE0EDBCFEAFFE750E926000EEA2201
:10988000E552E750EF6E500EF36E060EDBCFF4FF9D
:10989000F350F45C02E3060EDB6A620EF36E070E11
:1098A000DBCFF4FFF350F45C02E3000E04D1BAD72F
:1098B000080EDB50EA6AC40FE96E040EEA22EF2AB2
:1098C000080EDB50EA6AC40FE96E040EEA22EFCFFD
:1098D00020F0500E205C08E3080EDB50EA6AC40F4B
:1098E000E96E040EEA22EF6AFD0EDBCFE6FFFE0E04
:1098F000DBCFE6FF95EC29F0E552E552DCD0B9D09C
:10990000030EDB50080801E0B4D0080EDB50EA6A11
:10991000C70FE96E040EEA22EF50020801E0A9D059
:10992000080EDB50EA6AC70FE96E040EEA22030E46
:10993000EF6E080EDB50EA6AC40FE96E040EEA22ED
:10994000EF50F90FE76E050EE7CFDBFFDBCF20F01E
:1099500020340AE3500E206E050EDBCFE7FF2050C7
:10996000E726050EE7CFDBFF080EDB50EA6ACD0FD6
:10997000E96E040EEA22060EEFCFDBFF050EDB5088
:10998000F36E060EDB50F35C4BE0020107053BE192
:10999000080EDB50500DF3CF20F0F4CF21F0D10EA4
:1099A0002026030E2122060EDB500F012024E96E33
:1099B000000E2120EA6EEF5026E0080EDB50500D1D
:1099C000F3CF20F0F4CF21F0D10E2026030E212278
:1099D000060EDB502024E96E000E2120EA6EEF50C7
:1099E000E66EE66AC30E226ED40E236E246A22C08F
:1099F000E6FF23C0E6FF24C0E6FF67EC6EF0256EAD
:109A0000050EE15E2550060EDB2A500EF36E060EA3
:109A1000DBCFF4FFF350F45C02E3060EDB6AAED753
:109A20000201070508E1EB0EE66E050EE66EA1ECFD
:109A300047F0E552E552080EDB50EA6AC40FE96EC2
:109A4000040EEA22EF2A080EDB50EA6AC40FE96E20
:109A5000040EEA22EFCF20F0500E205C08E3080E3F
:109A6000DB50EA6AC40FE96E040EEA22EF6A000EC8
:109A700022D0080EDB50EA6AC40FE96E040EEA2217
:109A8000EF2A080EDB50EA6AC40FE96E040EEA22E0
:109A9000EFCF20F0500E205C08E3080EDB50EA6A9E
:109AA000C40FE96E040EEA22EF6AC0D5080EDB2A65
:109AB000ADD5000E00D0206E0A0EE15C02E2E16A34
:109AC000E552E16E2050E552E7CFD9FF1200D9CF21
:109AD000E6FFE1CFD9FF030EE126FD0EDBCFE6FF67
:109AE000FE0EDB50E552E718E76E020EE7CFDBFF14
:109AF000010EDB6ADF6A150EDF5C0EE2010EDBCFC2
:109B0000F3FFDB2AF350EA6A320FE96E020EEA2213
:109B1000010EEF6EDF2AEFD7010EDBCFF3FFDB2A5A
:109B2000F350EA6A320FE96E020EEA22EF6ADF6A48
:109B3000080EDF5C1FE2070ED880DF54206EFE0E99
:109B4000DB5020C0E7FFE75204E0E8427F0BE70666
:109B5000FCE1010BE66E010EDBCFF3FFDB2AF350D5
:109B6000EA6A320FE96E020EEA22E552E750EF6E22
:109B7000DF2ADED7010EDBCFF3FFDB2AF350EA6AE0
:109B8000320FE96E020EEA22EF6ADF6A080EDF5C2E
:109B90001FE2070ED880DF54206EFD0EDB5020C080
:109BA000E7FFE75204E0E8427F0BE706FCE1010B28
:109BB000E66E010EDBCFF3FFDB2AF350EA6A320FC9
:109BC000E96E020EEA22E552E750EF6EDF2ADED799
:109BD000010EDBCFF3FFDB2AF350EA6A320FE96EA6
:109BE000020EEA22EF6ADF6A080EDF5C1FE2070E50
:109BF000D880DF54206E020EDB5020C0E7FFE75212
:109C000004E0E8427F0BE706FCE1010BE66E010E83
:109C1000DBCFF3FFDB2AF350EA6A320FE96E020E64
:109C2000EA22E552E750EF6EDF2ADED7010EDBCFE6
:109C3000F3FFDB2AF350EA6A320FE96E020EEA22E2
:109C4000010EEF6EDBCFF3FFDB2AF350EA6A320F2F
:109C5000E96E020EEA22010EEF6E030EE15C02E2F3
:109C6000E16AE552E16EE552E7CFD9FF1200D9CFA4
:109C7000E6FFE1CFD9FF020EE126FD0EDB50040D19
:109C8000F3CF20F0FE0EDB50E8242024DF6EDF50FF
:109C90008D6E020EE15C02E2E16AE552E16EE55290
:109CA000E7CFD9FF1200E66AE66AE1DFE552E55246
:109CB0001200010EE66EE66EDADFE552E552E66A64
:109CC000010EE66ED4DFE552E5521200E66AE66A5E
:109CD000CEDFE552E552E66A010EE66EC8DFE552D8
:109CE000E552010EE66EE66EC2DFE552E552120065
:109CF000E66AE66ABCDFE552E552E66A010EE66E08
:109D0000B6DFE552E5521200D9CFE6FFE1CFD9FF29
:109D1000020EE126DF6A080EDF5C29E2FE0EDB5050
:109D2000DF5206E0DFCFF3FFE8327F0BF306FCE102
:109D3000010B02E0010E01D0000EE76E010EE7CF2D
:109D4000DBFFDBCFE6FFE66A92DFE552E552010E6C
:109D5000DBCFE6FFE66E8BDFE552E552010EDBCF8F
:109D6000E6FFE66A84DFE552E552DF2AD4D7206EAB
:109D7000020EE15C02E2E16AE552E16E2050E5523A
:109D8000E7CFD9FF120053EF4EF0D9CFE6FFE1CF76
:109D9000D9FF120EE126FD0EDBCFE6FFFE0EDBCF74
:109DA000E6FFBF0E206ED40E216E226A20C0E6FFB1
:109DB00021C0E6FF22C0E6FFD9CFE6FFDACFE6FFFB
:109DC000C2EC6DF0236E070EE15E2350FB0EDBCF7D
:109DD000E6FFFC0EDBCFE6FFBF0E206ED40E216E39
:109DE000226A20C0E6FF21C0E6FF22C0E6FFD9506C
:109DF000040FE66E000EDA20E66EC2EC6DF0236E04
:109E0000070EE15E2350D9CFE6FFDACFE6FFD95047
:109E1000040FE66E000EDA20E66EBA0E206ED40E47
:109E2000216E226A20C0E6FF21C0E6FF22C0E6FFC5
:109E3000D950080FE66E000EDA20E66EC2EC6DF027
:109E4000236E090EE15E2350050EF36E100EF3CF64
:109E5000DBFFDBCF20F0203457E2D950080F206E13
:109E6000DACF21F0100EDBCF22F0236A22BE236866
:109E700020502224E96E21502320EA6EEF50200862
:109E800005E16BC0E6FF40DFE5523AD0D950080F3C
:109E9000206EDACF21F0100EDBCF22F0236A22BE33
:109EA000236820502224E96E21502320EA6EEF50CF
:109EB0002D0805E16AC0E6FF27DFE55221D0D95021
:109EC000080F206EDACF21F0100EDBCF22F0236ACC
:109ED00022BE236820502224E96E21502320EA6EFE
:109EE000EF50D00FE76E110EE7CFDBFFDB50EA6AD1
:109EF000600FE96E000EEA22EF50E66E05DFE552D4
:109F0000F7DE100EDB06A5D7120EE15C02E2E16A75
:109F1000E552E16EE552E7CFD9FF1200D9CFE6FF57
:109F2000E1CFD9FFC6DE400EE66EEEDEE552E0DEA2
:109F3000CDDEBFDEC00EE66EE7DEE552D9DEFB0EFB
:109F4000DBCFE6FFFC0EDBCFE6FFFD0EDBCFE6FF4F
:109F5000FE0EDBCFE6FF19DFE552E552E552E55292
:109F6000B5DEE552E7CFD9FF1200D9CFE6FFE1CF4A
:109F7000D9FF300EF36EFE0EDBCFF4FFF350F45C2E
:109F80000FE3FE0EDB5039080BE3FE0EDB50D00F63
:109F9000EA6A600FE96E000EEA22EF5043D042D029
:109FA000FE0EDB502D0804E100016A513BD03AD08F
:109FB000FE0EDB50200804E100016B5133D032D09B
:109FC000410EF36EFE0EDBCFF4FFF350F45C10E3B2
:109FD000FE0EDB505A080CE3FE0EDB50BF0F0C0FD9
:109FE000EA6A600FE96E000EEA22EF501BD01AD029
:109FF000610EF36EFE0EDBCFF4FFF350F45C10E362
:10A00000FE0EDB507A080CE3FE0EDB509F0F0C0FA8
:10A01000EA6A600FE96E000EEA22EF5003D002D028
:10A02000000E00D0E552E7CFD9FF1200D9CFE6FFEE
:10A03000E1CFD9FF040EE126DE6ADE6ADE6ADD6A60
:10A04000DD52DD52FD0EDBCF20F0FE0EDBCF21F026
:10A05000226A236A21AE02D022682368880E0B6E22
:10A06000130E0C6E0D6A0E6A20C006F021C007F0B8
:10A0700022C008F023C009F0F5EC6EF002C020F019
:10A0800003C021F004C022F005C023F0D9CFE9FFBE
:10A09000DACFEAFF2050EE5C2150EE582250EE5805
:10A0A0002350EE580AE2D9CFE9FFDACFEAFFEE2AD1
:10A0B000000EEE22EE22EE22C5D7040EE15C02E293
:10A0C000E16AE552E16EE552E7CFD9FF1200D9CF40
:10A0D000E6FFE1CFD9FF090EE126020EDF6EDE5268
:10A0E000010EDD6E020EDB6A050EF36E030EF3CF7A
:10A0F000DBFF040EF36EF3CFDBFF030EF36E050EF2
:10A10000F3CFDBFF060EDB6AF36EDBCFF4FFF35019
:10A11000F45C40E2FC0EDBCFE6FFD9CF20F0DACFD3
:10A1200021F0060EDB500F012024E96E000E2120E5
:10A13000EA6EEF50E552E724E76E070EE7CFDBFF4C
:10A14000FB0EDB50F36E070EDBCFF4FFF350F45C35
:10A1500011E2070EDB50E76EFD0EDBCFE9FFFE0ECE
:10A16000DBCFEAFFE750E926000EEA22080EEFCF28
:10A17000DBFF05D0200EF36E080EF3CFDBFFDBCF45
:10A18000E6FFF3DEE552E66EBFDDE552B1DD060E19
:10A19000DB2ABAD7090EE15C02E2E16AE552E16E20
:10A1A000E552E7CFD9FF1200D9CFE6FFE1CFD9FFC3
:10A1B000020EE126FD0EDBCFE6FFFE0EDBCFE6FF53
:10A1C00064EC6DF0E552E552F350DF6EDF500608A7
:10A1D0001DE36FDD400EE66E97DDE55289DD76DD2D
:10A1E00068DDC00EE66E90DDE55282DDDFCFE6FF72
:10A1F000E66AFD0EDBCFE6FFFE0EDBCFE6FF67DF94
:10A20000E552E552E552E55261DD30D0010EDB6AE0
:10A21000DBCF20F0060EDF5CD880205427E349DD39
:10A22000400EE66E71DDE55263DD50DD42DDC00EAD
:10A23000E66E6ADDE5525CDDDFCFE6FF010EDBCFC7
:10A24000E6FFFD0EDBCFE6FFFE0EDBCFE6FF3FDFD6
:10A25000E552E552E552E55239DD010EE66EE66A59
:10A26000E5DEE552E552010EDB2AD2D7020EE15CB3
:10A2700002E2E16AE552E16EE552E7CFD9FF120052
:10A28000D9CFE6FFE1CFD9FF0201010E666F11DDE4
:10A29000FE0EDB50870FE66E37DDE55229DD16DD59
:10A2A0000201666BE552E7CFD9FF1200D9CFE6FF76
:10A2B000E1CFD9FF050EE1260201D50517E1000126
:10A2C000866B876B886B896B8B6B8A6B8C6B8D6BEA
:10A2D000DF6A060EDF5C0AE2DF50EA6A000FE96E11
:10A2E000020EEA22010EEF6EDF2AF3D7000187513A
:10A2F000800DF3CF21F08851400DF3CF20F0863947
:10A30000F00B20242124E76E010EE7CFDBFF0201D2
:10A310000551200DF3CF21F00439F00B206E0351CD
:10A32000E824022520242124E76E020EE7CFDBFF7C
:10A330009450100B03E1A739F00B01D0000E226EF0
:10A3400000018C51080DF3CF21F08A51040DF3CF99
:10A3500020F08B51E8248925202421242224E76E33
:10A36000030EE7CFDBFF02010151800DF3CF23F095
:10A370000051400DF3CF22F09550080B04E1A65197
:10A38000080DF35001D0000E216E9550040B04E12E
:10A39000A551040DF35001D0000E206E9550020B14
:10A3A00003E1A451E82401D0000E00018D252024F2
:10A3B000212422242324E76E040EE7CFDBFF010EC5
:10A3C000DB50896E020EDB508A6E030EDB508B6E03
:10A3D000040EDB508C6E050EE15C02E2E16AE55290
:10A3E000E16EE552E7CFD9FF1200DACFE4FFE2CF0A
:10A3F000DAFFE9CFE4FFEACFE4FFF6CFE4FFF7CFDF
:10A40000E4FFF5CFE4FFF3CFE4FFF4CFE4FFFACFAE
:10A41000E4FF00EE00F0140EE80403E3EECFE4FFE7
:10A42000FBD700EE20F0080EE80403E3EECFE4FFD4
:10A43000FBD7E652D9CFE6FFE1CFD9FF090EE126DF
:10A44000070EDB6AA450010B04E1A450020B01E1EA
:10A4500030D1D950020FE66E000EDA20E66ED9CF69
:10A46000E6FFDACFE6FFD30EE66E040EE66ED950B5
:10A47000030FE66E000EDA20E66E77EC67F0286ECA
:10A48000080EE15E2850000901E0E3D7080EDB6A00
:10A49000030EF36E080EDBCFF4FFF350F45C01E320
:10A4A00082D0080EDB50EA6AD00FE96E040EEA2271
:10A4B000EFCF28F0296A2A6A2B6AD950030FE96E78
:10A4C000DACFEAFF2850EE1809E12950EE1806E12C
:10A4D0002A50EE1803E12B50EE1800E161E1080E5E
:10A4E000DB50EA6AC70FE96E040EEA22EF50030858
:10A4F00057E0010EDB6ADF50F36E010EDBCFF4FF95
:10A50000F350F45C47E2010EDB50EA6AD30FE96EC8
:10A51000040EEA22EF50E66E080EDB50500DF3CF2A
:10A5200028F0F4CF29F0D10E2826030E2922080E98
:10A53000DB50EA6AC10FE96E040EEA22EF500F0108
:10A540002824E96E000E2920EA6EE552E750EF6EEE
:10A55000080EDB50EA6AC10FE96E040EEA22EF2A08
:10A56000080EDB50EA6AC10FE96E040EEA22EFCF53
:10A5700028F0500E285C0BE3500E286E080EDB50BE
:10A58000EA6AC10FE96E040EEA222850EF5E010E5E
:10A59000DB2AB1D7010EF36E070EF3CFDBFF03D03A
:10A5A000080EDB2A75D7070EDB5001E082D0080EBB
:10A5B000DB6A030EF36E080EDBCFF4FFF350F45C9E
:10A5C00001E377D0080EDB50EA6AC70FE96E040E8C
:10A5D000EA22EF5003086AE1010EDB6ADF50F36EF6
:10A5E000010EDBCFF4FFF350F45C47E2010EDB50C9
:10A5F000EA6AD30FE96E040EEA22EF50E66E080E07
:10A60000DB50500DF3CF28F0F4CF29F0D10E2826DF
:10A61000030E2922080EDB50EA6AC10FE96E040E10
:10A62000EA22EF500F012824E96E000E2920EA6E7D
:10A63000E552E750EF6E080EDB50EA6AC10FE96E93
:10A64000040EEA22EF2A080EDB50EA6AC10FE96E17
:10A65000040EEA22EFCF28F0500E285C0BE3500ED8
:10A66000286E080EDB50EA6AC10FE96E040EEA227A
:10A670002850EF5E010EDB2AB1D7080EDB50EA6AE4
:10A68000C70FE96E040EEA22040EEF6E080EDB50CF
:10A69000EA6AD00FE96E040EEA22030EDBCFEFFF69
:10A6A000010EF36E070EF3CFDBFF03D0080EDB2A9B
:10A6B00080D70201075101E110D09EAA0ED00601F9
:10A6C000B351B32BEA6A000FE96E030EEA22AECF54
:10A6D000EFFF7F0EB35D01E3B36B090EE15C02E2B5
:10A6E000E16AE552E16EE552E7CFD9FFE55200EEAF
:10A6F00027F0080EE80403E3E5CFEDFFFBD700EEFB
:10A7000013F0140EE80403E3E5CFEDFFFBD7E5CF2C
:10A71000FAFFE5CFF4FFE5CFF3FFE5CFF5FFE5CF97
:10A72000F7FFE5CFF6FFE5CFEAFFE5CFE9FFE5CF9D
:10A73000DAFF1100D8CFE4FFE0CFE4FFE46EDACF18
:10A74000E4FFE2CFDAFFE9CFE4FFEACFE4FFF6CFA0
:10A75000E4FFF7CFE4FFF5CFE4FFF3CFE4FFF4CF5E
:10A76000E4FFFACFE4FF00EE00F0140EE80403E388
:10A77000EECFE4FFFBD700EE20F0080EE80403E381
:10A78000EECFE4FFFBD7E652D9CFE6FFE1CFD9FF0A
:10A79000070EE1260201665102E010EF5BF0982BF4
:10A7A000985101E062D1992B110EC26EC282C2B2E1
:10A7B000FED7C450E66ED950050FE96EDACFEAFF36
:10A7C000E552E750EE6EED6A050EDBCF16F0060E91
:10A7D000DBCF17F016C017F0166AC350000116241D
:10A7E000146E000E1720156E050E14C0DBFF060E4A
:10A7F00015C0DBFF050EDBCF08F0060EDBCF09F03E
:10A80000085002018C2709508D23150EC26EC2829A
:10A81000C2B2FED7C450E66ED950050FE96EDACF4A
:10A82000EAFFE552E750EE6EED6A050EDBCF16F05B
:10A83000060EDBCF17F016C017F0166AC3500001E2
:10A840001624146E000E1720156E050E14C0DBFFC3
:10A85000060E15C0DBFF050EDBCF08F0060EDBCFC2
:10A8600009F0085002018E2709508F23140EE76E5D
:10A870009919E8AE02D0E73402D0E750995D01E2C1
:10A88000F4D0996B0A0E0D6E0E6A8CC208F08DC260
:10A8900009F051EC6FF008C08CF209C08DF20A0E7D
:10A8A0000D6E0E6A8EC208F08FC209F051EC6FF087
:10A8B00008C08EF209C08FF202019A0530E1905172
:10A8C0008C5D91518D5904E28CC290F28DC291F24F
:10A8D00094518E5D95518F5904E28EC294F28FC2CD
:10A8E00095F28C51925D8D51935904E28CC292F293
:10A8F0008DC293F28E51965D8F51975904E28EC2AC
:10A9000096F28FC297F29051925D9B6F915193593D
:10A910009C6F9451965D9D6F955197599E6F9BC208
:10A920001CF09CC21DF01E6A1F6A1DAE02D01E687C
:10A930001F6890518C5D186E8D519155196E1A6A71
:10A940001B6A1F0E0B6E0C6A0D6A0E6A18C006F0A9
:10A9500019C007F01AC008F01BC009F0F5EC6EF042
:10A9600002C018F003C019F004C01AF005C01BF0B3
:10A9700018C006F019C007F01AC008F01BC009F093
:10A980001CC00BF01DC00CF01EC00DF01FC00EF05F
:10A990002DEC6FF006C014F007C015F008C016F0DB
:10A9A00009C017F00F0E145E000E155A165A175AEA
:10A9B00014C084F215C085F29DC218F09EC219F031
:10A9C0001A6A1B6A19AE02D01A681B6802019451F8
:10A9D0008E5D146E8F519555156E166A176A650E49
:10A9E0000B6E0C6A0D6A0E6A14C006F015C007F0F3
:10A9F00016C008F017C009F0F5EC6EF002C014F0B4
:10AA000003C015F004C016F005C017F014C006F01E
:10AA100015C007F016C008F017C009F018C00BF0F9
:10AA200019C00CF01AC00DF01BC00EF02DEC6FF029
:10AA300006C086F207C087F20201853504E2845120
:10AA40000F08000E855503E20F0E846F856B873566
:10AA500004E286516408000E875503E2640E866F97
:10AA6000876B8C6B8D6B8E6B8F6B9550020B1CE024
:10AA70008350020B01E0010EA45D16E0AC2B000E2A
:10AA8000AD23640ED880AC55000EAD550CE283505A
:10AA9000020B01E0010EA46FA40501E1A82B010E39
:10AAA000A06FAC6BAD6B02D0AC6BAD6B9550040B73
:10AAB0001CE08350040B01E0010EA55D16E0AE2BF7
:10AAC000000EAF23640ED880AE55000EAF550CE2D9
:10AAD0008350040B01E0010EA56FA50501E1A92B30
:10AAE000010EA16FAE6BAF6B02D0AE6BAF6B83503C
:10AAF000080B01E0010EA65D02E1000E01D0010E7F
:10AB0000146E9550080B01E0010E141416E0B02BE2
:10AB1000000EB123640ED880B055000EB1550CE282
:10AB20008350080B01E0010EA66FA60501E1AA2BD8
:10AB3000010EA26FB06BB16B02D0B06BB16B8250E3
:10AB4000100B01E0010EA75D02E1000E01D0010E25
:10AB5000146E9450100B01E0010E141416E0B22B89
:10AB6000000EB323640ED880B255000EB3550CE22C
:10AB70008250100B01E0010EA76FA70501E1AB2B7E
:10AB8000010EA36FB26BB36B02D0B26BB36BD55136
:10AB900002E00EEF5BF0D307000ED45BD351D4116B
:10ABA00028E1D3690F0ED46FD251EA6AB40FE96E6F
:10ABB000020EEA22EF50000817E2D251EA6AB40FFF
:10ABC000E96E020EEA22EF06D251EA6AB40FE96E8C
:10ABD000020EEA22EF5008E1D251EA6AC30FE96E91
:10ABE000020EEA22010EEF6ED22BD2510F0801E2C3
:10ABF000D26B6829686F6851030801E2686B060E22
:10AC0000655D01E066D2082B08510F0802E2010ED3
:10AC1000086F6851E96EEA6AD890E936EA36210E83
:10AC2000E926020EEA22EECF14F0EFCF15F06851BC
:10AC3000E96EEA6AD890E936EA36090EE926020E8C
:10AC4000EA22EECF16F0EFCF17F01650141802E1FB
:10AC50001750151801E1A4D16851E96EEA6AD8903D
:10AC6000E936EA36190EE926020EEA22EE06000E51
:10AC7000EF5A6851E96EEA6AD890E936EA36190E59
:10AC8000E926020EEA22EECF14F0EFCF15F01534CC
:10AC900004E214500008000E155401E2E6D0685199
:10ACA000E96EEA6AD890E936EA36110EE926020E14
:10ACB000EA22EECF14F0EFCF15F06851E96EEA6AA0
:10ACC000D890E936EA36190EE926020EEA2214C0B7
:10ACD000EEFF15C0EDFF6851E96EEA6AD890E936DB
:10ACE000EA36210EE926020EEA22EECF14F0EFCF6B
:10ACF00015F06851E96EEA6AD890E936EA36090E2D
:10AD0000E926020EEA22EECF16F0EFCF17F0175029
:10AD10001518E8AE02D0153404D01450165C155046
:10AD2000175852E26851E96EEA6AD890E936EA3675
:10AD3000210EE926020EEA22320EEE5E000EED5AD8
:10AD40006851E96EEA6AD890E936EA36210EE926BA
:10AD5000020EEA22EECF14F0EFCF15F06851E96E43
:10AD6000EA6AD890E936EA36090EE926020EEA22A6
:10AD7000EECF16F0EFCF17F015501718E8AE02D04F
:10AD8000173404D01650145C175015581CE2685143
:10AD9000E96EEA6AD890E936EA36090EE926020E2B
:10ADA000EA22EECF14F0EFCF15F06851E96EEA6AAF
:10ADB000D890E936EA36210EE926020EEA2214C0BE
:10ADC000EEFF15C0EDFF51D06851E96EEA6AD890E8
:10ADD000E936EA36210EE926020EEA22320EEE2686
:10ADE000000EED226851E96EEA6AD890E936EA363B
:10ADF000210EE926020EEA22EECF14F0EFCF15F075
:10AE00006851E96EEA6AD890E936EA36090EE92611
:10AE1000020EEA22EECF16F0EFCF17F017501518FA
:10AE2000E8AE02D0153404D01450165C15501758F3
:10AE30001CE26851E96EEA6AD890E936EA36090EF2
:10AE4000E926020EEA22EECF14F0EFCF15F068519A
:10AE5000E96EEA6AD890E936EA36210EE926020E52
:10AE6000EA2214C0EEFF15C0EDFF6851E96EEA6AF0
:10AE7000D890E936EA36210EE926020EEA22EECF14
:10AE800014F0EFCF15F0153404E214500008000E52
:10AE900015542EE26851E96EEA6AD890E936EA362E
:10AEA000210EE926020EEA22EECF14F0EFCF15F0C4
:10AEB000D00E0D6E070E0E6E14C008F015C009F00E
:10AEC000BFEC6CF008C014F009C015F00201685125
:10AED000EA6A290FE96E020EEA2214C0EFFF6851F8
:10AEE000EA6A2D0FE96E020EEA22020EEF6E58D0CA
:10AEF0006851E96EEA6AD890E936EA36210EE92609
:10AF0000020EEA22EECF14F0EFCF15F00001800E12
:10AF1000151433E002016851E96EEA6AD890E93607
:10AF2000EA36210EE926020EEA22EECF14F0EFCF28
:10AF300015F0146C151E000E1522D00E0D6E070EA6
:10AF40000E6E14C008F015C009F0BFEC6CF008C01C
:10AF500014F009C015F002016851EA6A290FE96E80
:10AF6000020EEA2214C0EFFF6851EA6A2D0FE96E63
:10AF7000020EEA22010EEF6E13D002016851EA6A56
:10AF80002D0FE96E020EEA22EF5002E0000E01D012
:10AF9000010E6851EA6A290FE96E020EEA22EF6A91
:10AFA0006851EA6A290FE96E020EEA22EFCF14F027
:10AFB0000851145C72E36851EA6A2D0FE96E020EC3
:10AFC000EA22EF041EE16851030A16E0010A0FE0CD
:10AFD000030A08E0010A01E014D00001010E866FA7
:10AFE000876B0FD00001010E886F896B0AD00001BA
:10AFF000010E8B6F8A6B05D00001010E8C6F8D6B7B
:10B0000000D002016851EA6A2D0FE96E020EEA22B1
:10B01000EF5002081EE16851030A16E0010A0FE032
:10B02000030A08E0010A01E014D00001866B010E5A
:10B03000876F0FD00001886B010E896F0AD0000165
:10B040008B6B010E8A6F05D000018C6B010E8D6F2A
:10B0500000D002016851EA6A2D0FE96E020EEA2261
:10B06000EF501AE16851030A13E0010A0DE0030AE8
:10B0700007E0010A01E010D00001866B876B0CD05D
:10B080000001886B896B08D000018B6B8A6B04D040
:10B0900000018C6B8D6B00D01AD06851030A13E04D
:10B0A000010A0DE0030A07E0010A01E010D00001E7
:10B0B000866B876B0CD00001886B896B08D0000110
:10B0C0008B6B8A6B04D000018C6B8D6B00D056ECBF
:10B0D00051F0030E0201655D01E077D0645175E126
:10B0E000DF6A320EDF5C49E2DF50EA6A320FE96E56
:10B0F000020EEA22EF5006E1300EF36E020EF3CF9D
:10B10000DBFF05D0120EF36E020EF3CFDBFF000162
:10B11000866B886B8B6B8C6B010E876F896F8A6F68
:10B120008D6F56EC51F0010EDB6A020EDB50F36EB0
:10B13000010EDBCFF4FFF350F45C03E2010EDB2AD7
:10B14000F4D70001876B896B8A6B8D6B010E866F5C
:10B15000886F8B6F8C6F56EC51F0010EDB6A020E1C
:10B16000DB50F36E010EDBCFF4FFF350F45C03E22F
:10B17000010EDB2AF4D7DF2AB4D70001866B010E5B
:10B18000876F886B896F8B6B8A6F8C6B8D6F56ECBA
:10B1900051F0010EDB6A020EDB50F36E010EDBCFC5
:10B1A000F4FFF350F45C03E2010EDB2AF4D7DF6A0C
:10B1B000320EDF5C0AE2DF50EA6A320FE96E020EFD
:10B1C000EA22010EEF6EDF2AF3D70201640764352D
:10B1D00002E3040E646F56EC51F002016851030A59
:10B1E00010E0010A0BE0030A06E0010A01E00CD0BE
:10B1F000010EC26E09D0050EC26E06D0090EC26ED7
:10B2000003D00D0EC26E00D07B0501E0A5D0C28236
:10B21000C2B2FED7050EDB6A060EDB6AC450E66ECC
:10B22000D950050FE96EDACFEAFFE552E750EE6E2E
:10B23000ED6A050EDBCF16F0060EDBCF17F016C059
:10B2400017F0166AC35000011624146E000E172062
:10B25000156E050E14C0DBFF060E15C0DBFF050ED4
:10B26000DBCF18F0060EDBCF19F002016851E96E52
:10B27000EA6AD890E936EA366B0EE926020EEA222F
:10B28000EECF16F0EFCF17F0050E086E096A16C064
:10B290000DF017C00EF046EC6DF006501824146E39
:10B2A00007501920156E060E0D6E0E6A14C008F0B8
:10B2B00015C009F051EC6FF008C014F009C015F08A
:10B2C00002016851E96EEA6AD890E936EA366B0EF7
:10B2D000E926020EEA2214C0EEFF15C0EDFF685108
:10B2E000E96EEA6AD890E936EA36730EE926020E6C
:10B2F000EA22EECF14F0EFCF15F06851E96EEA6A5A
:10B30000D890E936EA366B0EE926020EEA22EECF35
:10B3100016F0EFCF17F01450165C155017581CE2BA
:10B320006851E96EEA6AD890E936EA366B0EE9268A
:10B33000020EEA22EECF14F0EFCF15F06851E96E5D
:10B34000EA6AD890E936EA36730EE926020EEA2256
:10B3500014C0EEFF15C0EDFF6851EA6A290FE96ECF
:10B36000020EEA22EF50085D03E1060E655D08E07B
:10B37000040E645D01E051D1030E655D01E04DD125
:10B38000C282C2B2FED7050EDB6A060EDB6AC4506B
:10B39000E66ED950050FE96EDACFEAFFE552E750C5
:10B3A000EE6EED6A050EDBCF16F0060EDBCF17F062
:10B3B00016C017F0166AC35000011624146E000E52
:10B3C0001720156E050E14C0DBFF060E15C0DBFF3F
:10B3D00002016851E96EEA6AD890E936EA366B0EE6
:10B3E000E926020EEA22EECF14F0EFCF15F0050E9B
:10B3F000DBCF16F0060EDBCF17F01650145C17509B
:10B40000155811E26851E96EEA6AD890E936EA36D1
:10B410006B0EE926020EEA22050EDBCFEEFF060ECA
:10B42000DBCFEDFF3FD0050EDBCF18F0060EDBCFF4
:10B4300019F06851E96EEA6AD890E936EA366B0E7F
:10B44000E926020EEA22EECF16F0EFCF17F01E0E1D
:10B45000086E096A16C00DF017C00EF046EC6DF0CC
:10B4600006501824146E07501920156E1F0E0D6E0D
:10B470000E6A14C008F015C009F051EC6FF008C056
:10B4800014F009C015F002016851E96EEA6AD8901B
:10B49000E936EA366B0EE926020EEA2214C0EEFF08
:10B4A00015C0EDFF6851E96EEA6AD890E936EA36D0
:10B4B0006B0EE926020EEA22EECF16F0EFCF17F060
:10B4C0000A0E086E096A16C00DF017C00EF046ECA1
:10B4D0006DF006C014F007C015F002016851E96E66
:10B4E000EA6AD890E936EA36730EE926020EEA22B5
:10B4F000EECF1AF0EFCF1BF00C0E086E096A1AC0DF
:10B500000DF01BC00EF046EC6DF006C018F007C041
:10B5100019F01450185C1550195822E202016851B4
:10B52000EA6A7C0FE96E020EEA22EF5019E16851D7
:10B53000EA6A800FE96E020EEA22EF5011E16851CB
:10B54000EA6A7C0FE96E020EEA22010EEF6E685184
:10B55000EA6A800FE96E020EEA22010EEF6E5DD0FC
:10B5600002016851E96EEA6AD890E936EA366B0E54
:10B57000E926020EEA22EECF16F0EFCF17F00A0E00
:10B58000086E096A16C00DF017C00EF046EC6DF09B
:10B5900006C014F007C015F002016851E96EEA6AAE
:10B5A000D890E936EA36730EE926020EEA22EECF8B
:10B5B0001AF0EFCF1BF00B0E086E096A1AC00DF0DF
:10B5C0001BC00EF046EC6DF006C018F007C019F075
:10B5D0001850145C1950155820E202016851EA6AAB
:10B5E0007C0FE96E020EEA22EF0417E16851EA6A65
:10B5F000800FE96E020EEA22EF500FE16851EA6A0D
:10B600007C0FE96E020EEA22EF6A6851EA6A800F47
:10B61000E96E020EEA22010EEF6E02D056EC51F0F6
:10B62000F2A405D0F294D596D590D592D594070E74
:10B63000E15C02E2E16AE552E16EE552E7CFD9FF53
:10B64000E55200EE27F0080EE80403E3E5CFEDFF36
:10B65000FBD700EE13F0140EE80403E3E5CFEDFF93
:10B66000FBD7E5CFFAFFE5CFF4FFE5CFF3FFE5CF5A
:10B67000F5FFE5CFF7FFE5CFF6FFE5CFEAFFE5CF32
:10B68000E9FFE5CFDAFFE550E5CFE0FFE5CFD8FFF2
:10B690001000D9CFE6FFE1CFD9FF040EE126020169
:10B6A000010E666F090EC16E9D0EC06E2F0E926E5A
:10B6B000896A080E936E8A6AF00E946E8B6A010E88
:10B6C000966E8D6A070EB46E3E0E956EBA6A8C6ADF
:10B6D000DF6A040EDF5C60E2EA6ADF34FE0BEA3602
:10B6E000E96E6B0EE926020EEA22EE6AED6AEA6A5C
:10B6F000DF34FE0BEA36E96E730EE926020EEA220B
:10B70000EE68ED6ADF50EA6A290FE96E020EEA225E
:10B71000EF6ADF50EA6A2D0FE96E020EEA22EF6A45
:10B72000EA6ADF34FE0BEA36E96E090EE926020EFC
:10B73000EA22EE6AED6AEA6ADF34FE0BEA36E96E67
:10B74000110EE926020EEA22EE6AED6AEA6ADF3499
:10B75000FE0BEA36E96E190EE926020EEA22EE6ABF
:10B76000ED6AEA6ADF34FE0BEA36E96E210EE9265D
:10B77000020EEA22EE6AED6ADF50EA6A7C0FE96E99
:10B78000020EEA22EF6ADF50EA6A800FE96E020ECB
:10B79000EA22EF6ADF2A9DD7010EDB6A060EF36EFE
:10B7A000010EDBCFF4FFF350F45C0BE2010EDB5033
:10B7B000EA6A000FE96E020EEA22010EEF6EDB2A42
:10B7C000EDD7020EDB6A040EF36E020EDBCFF4FF40
:10B7D000F350F45C27E2020EDB50EA6AA40FE96E34
:10B7E000020EEA22EF6A020EDB50EA6AA80FE96E47
:10B7F000020EEA22EF6A020EEA6ADB34FE0BEA3638
:10B80000E96EAC0EE926020EEA22EE6AED6A020E3D
:10B81000DB50EA6AA00FE96E020EEA22EF6A020E1E
:10B82000DB2AD1D7030EDB6A0F0EF36E030EDBCFDC
:10B83000F4FFF350F45C13E2030EDB50EA6AB40F3A
:10B84000E96E020EEA22EF6A030EDB50EA6AC30FCA
:10B85000E96E020EEA22EF6A030EDB2AE5D7020147
:10B86000D26BD36BD46B086B040E646F7B6BD56BA0
:10B87000686B8250800B01E0010E100DF3CF23F0B6
:10B880008250400B01E0010E080DF3CF22F08250F0
:10B89000200B01E0010E040DF3CF21F08350100BBB
:10B8A00001E0010EE824206E8350200B01E0010E20
:10B8B0002024212422242324066F1F0E065D03E189
:10B8C000010E076F01D0076B0301D06BC00EE66E4F
:10B8D000060EE66E09EC2BF0E552E55202018C6B88
:10B8E0008D6B8E6B8F6B986B9A6B666B11EC02F0A5
:10B8F00095B204D00201010EA46F02D00201A46926
:10B9000095B403D0010EA56F01D0A56995B603D0FB
:10B91000010EA66F01D0A66994B803D0010EA76FDF
:10B9200001D0A769040EE15C02E2E16AE552E16E32
:10B93000E552E7CFD9FF1200700ED36E400E9B6E1A
:10B94000D58CD59AD598D586D08EF28CF29EF28E73
:10B95000F28CF28AF194F294D58E1200D9CFE6FFE0
:10B96000E1CFD9FFE652E8DFC7EC46F00201F66905
:10B97000F7699386DF6A030EDF5C18E2DF50EA6A3C
:10B98000C10FE96E040EEA22EF6ADF50EA6AC40FC3
:10B99000E96E040EEA22EF6ADF50EA6AC70FE96E29
:10B9A000040EEA22030EEF6EDF2AE5D74BEC66F0B9
:10B9B000A380A3826EDE02012C0E9F6FC3EC4EF0BB
:10B9C000E66A40EC51F0E552E552E552E7CFD9FF87
:10B9D0001200D9CFE6FFE1CFD9FF030EE126020125
:10B9E000010E666F7B6F666BDE6ADD6ADECF20F06C
:10B9F000DDCF21F0FF0E205C0F0E215805E2DF2A7B
:10BA0000010E01E3DB2AF2D7020EDB6A040EF36EAD
:10BA1000020EDBCFF4FFF350F45C0FE2020EEA6A91
:10BA2000DB34FE0BEA36E96E730EE926020EEA22DB
:10BA3000EE68ED6A020EDB2AE9D7DE6ADD6ADECF48
:10BA400020F0DDCF21F0FF0E205C0F0E215805E223
:10BA5000DF2A010E01E3DB2AF2D70201010E666F35
:10BA60007B6B666B030EE15C02E2E16AE552E16E1C
:10BA7000E552E7CFD9FF1200D9CFE6FFE1CFD9FFDA
:10BA8000E652DF6A040EDF5C74E2DF50EA6A800F80
:10BA9000E96E020EEA22EF046AE1FD0EDBCFE6FF5B
:10BAA000FE0EDBCFE6FF09EC2BF0E552E552010E6E
:10BAB000E76EFD0EDBCFE9FFFE0EDBCFEAFFE750BE
:10BAC000E926000EEA2206C2EFFF570EE76EFD0ED2
:10BAD000DBCFE9FFFE0EDBCFEAFFE750E926000EE1
:10BAE000EA22010EEF6E580EE76EFD0EDBCFE9FF86
:10BAF000FE0EDBCFEAFFE750E926000EEA2206C27F
:10BB0000EFFF590EE76EFD0EDBCFE9FFFE0EDBCF38
:10BB1000EAFFE750E926000EEA22DFCFEFFFDF5011
:10BB2000EA6A7C0FE96E020EEA22EF0402E10F0ED0
:10BB300001D0100EE66E5A0EE76EFD0EDBCFE9FF68
:10BB4000FE0EDBCFEAFFE750E926000EEA22E552BF
:10BB5000E750EF6E0201010E666FDF50EA6A800F58
:10BB6000E96E020EEA22EF6A666B010E04D0DF2A4C
:10BB700089D7000E00D0E552E552E7CFD9FF120079
:10BB8000D9CFE6FFE1CFD9FFE652DF6A040EDF5CD2
:10BB900001E387D0DF50EA6AA00FE96E020EEA22C5
:10BBA000EF0401E07CD0FD0EDBCFE6FFFE0EDBCF25
:10BBB000E6FF09EC2BF0E552E552010EE76EFD0EB3
:10BBC000DBCFE9FFFE0EDBCFEAFFE750E926000EF0
:10BBD000EA2206C2EFFF5B0EE76EFD0EDBCFE9FF48
:10BBE000FE0EDBCFEAFFE750E926000EEA22010E47
:10BBF000EF6E5C0EE76EFD0EDBCFE9FFFE0EDBCFD6
:10BC0000EAFFE750E926000EEA2206C2EFFF5D0ECA
:10BC1000E76EFD0EDBCFE9FFFE0EDBCFEAFFE7505C
:10BC2000E926000EEA22DFCFEFFFDF50EA6AA40F19
:10BC3000E96E020EEA22EF500EE15E0EE76EFD0E97
:10BC4000DBCFE9FFFE0EDBCFEAFFE750E926000E6F
:10BC5000EA22EF6A17D0DF50EA6AA80FE96E020EF7
:10BC6000EA22EF50E66E5E0EE76EFD0EDBCFE9FFD7
:10BC7000FE0EDBCFEAFFE750E926000EEA22E5528E
:10BC8000E750EF6E0201010E666FDF50EA6AA00F07
:10BC9000E96E020EEA22EF6A666B010E04D0DF2A1B
:10BCA00075D7000E00D0E552E552E7CFD9FF12005C
:10BCB000D9CFE6FFE1CFD9FFE652DF6A0F0EDF5C96
:10BCC00059E2DF50EA6AC30FE96E020EEA22EF047E
:10BCD0004FE1FD0EDBCFE6FFFE0EDBCFE6FF09EC0A
:10BCE0002BF0E552E552010EE76EFD0EDBCFE9FFCA
:10BCF000FE0EDBCFEAFFE750E926000EEA2206C27D
:10BD0000EFFF5F0EE76EFD0EDBCFE9FFFE0EDBCF30
:10BD1000EAFFE750E926000EEA22010EEF6E600E00
:10BD2000E76EFD0EDBCFE9FFFE0EDBCFEAFFE7504B
:10BD3000E926000EEA2206C2EFFF610EE76EFD0E55
:10BD4000DBCFE9FFFE0EDBCFEAFFE750E926000E6E
:10BD5000EA22DFCFEFFF0201010E666FDF50EA6AD1
:10BD6000C30FE96E020EEA22EF6A666B010E04D081
:10BD7000DF2AA4D7000E00D0E552E552E7CFD9FF65
:10BD80001200D9CFE6FFE1CFD9FFE652020184517C
:10BD9000881902E18551891906E186518A1902E163
:10BDA00087518B193EE084C288F285C289F286C22F
:10BDB0008AF287C28BF2040EE66E40EC51F0E55237
:10BDC0008AC2E6FF8BC2E6FF88C2E6FF89C2E6FFB1
:10BDD0008EEC4FF0E552E552E552E5522B0E020192
:10BDE0009F5D12E1DF6A040EDF5C0DE2DFCFE6FF4C
:10BDF00086C2E6FF84C2E6FF23EC33F0E552E5524B
:10BE0000E552DF2AF0D70DD02E0E9F5D0AE1E66ADB
:10BE100086C2E6FF84C2E6FF23EC33F0E552E5522A
:10BE2000E552E552E552E7CFD9FF12000601B56BA6
:10BE3000050E206ED90E216E226A20C0E6FF21C0B9
:10BE4000E6FF22C0E6FF230EE66E050EE66EC2ECAC
:10BE50006DF0236E050EE15E235002016A6BE66A07
:10BE600040EC51F0E5527ADDB4DD020EE66EE66A92
:10BE700016EC50F0E552E55242EC04F0040EE66E8A
:10BE800040EC51F0E552B40E206ED40E216E226AC1
:10BE900020C0E6FF21C0E6FF22C0E6FFEB0EE66E03
:10BEA000050EE66EC2EC6DF0236E050EE15E2350CA
:10BEB000EB0EE66E050EE66ED4EC50F0E552E55260
:10BEC000050EE66EE66A16EC50F0E552E55286C2C3
:10BED000E6FF87C2E6FF84C2E6FF85C2E6FF8EEC7E
:10BEE0004FF0E552E552E552E5524BDFC00EE66EEB
:10BEF000060EE66EC1DDE552E552010801E19BD078
:10BF0000C00EE66E060EE66E3BDEE552E552010817
:10BF100001E191D0C00EE66E060EE66EC9DEE55276
:10BF2000E552010801E187D0C00EE66E060EE66E0E
:10BF3000E9EC4AF0E552E552010801E17CD0B50E8A
:10BF4000E66E060EE66E230EE66E050EE66E02EC5B
:10BF500047F0E552E552E552E55201086BE1230E48
:10BF6000E66E050EE66E64EC6DF0E552E552F3CF39
:10BF700020F0F4CF21F0205021103FE0C00EE66EFB
:10BF8000060EE66E230EE66E050EE66E15EC0EF05E
:10BF9000E552E552E552E552010817E1050E206E23
:10BFA000D90E216E226A20C0E6FF21C0E6FF22C022
:10BFB000E6FF230EE66E050EE66EC2EC6DF0236E14
:10BFC000050EE15E235037D017D0050E206ED90E36
:10BFD000216E226A20C0E6FF21C0E6FF22C0E6FFF4
:10BFE000230EE66E050EE66EC2EC6DF0236E050EB6
:10BFF000E15E235081EC08F01DD0050E206ED90EB5
:10C00000216E226A20C0E6FF21C0E6FF22C0E6FFC3
:10C01000EB0EE66E050EE66EC2EC6DF0236E050EBD
:10C02000E15E2350EB0EE66E050EE66EA1EC47F0E6
:10C03000E552E5525AD702016A5103E081EC08F05B
:10C0400017D0010EE66EC00EE66E060EE66E61ECCF
:10C0500033F0E552E552E552000902E181EC08F0C7
:10C06000C00EE66E060EE66E09EC2BF0E552E552C8
:04C070003CD71200A7
:0CC0740076EC65F0FB0EDBCFF3FFDB0683
:10C08000F35000090AE0C4EC65F0FA0E2FEC66F0FC
:10C09000F3E1211CF1E1010E01D0000EA5EF65F0E6
:10C0A00076EC65F03B0EE12402E3E168E652E16ED6
:10C0B000010EDB6A020EDB6AF90EDBCFF6FFFA0E29
:10C0C000DBCFF7FFFB0EDBCFF8FF0800F550DF6E8C
:10C0D000DF5002E1C9EF64F0250EDF5C02E0BCEF47
:10C0E00064F0030EDB6A040EDB6A050EDB6A060EE3
:10C0F000DB6A070EDB6ADEEC64F02D0EDF5C0CE021
:10C100002B0EDF5C09E0200EDF5C06E0230EDF5C17
:10C1100003E0300EDF5C1AE1DF50300A14E0130A4E
:10C120000FE0030A0AE00B0A05E0060AE4E1030E49
:10C13000DB80E1D7030EDB82DED7030EDB84DBD7A7
:10C14000030EDB86D8D7030EDB88D5D72A0EDF5C3B
:10C150001BE1DAEC64F028EC65F010E0030EDB8004
:10C1600008680968130EDBCF0DF0140EDBCF0EF05C
:10C1700019EC6DF0040E06C0DBFF03D0130E11ECBA
:10C1800065F0DEEC64F00BD0090EDB6A7FEC65F045
:10C1900003E0F3EC65F0FAD7090E11EC65F0030E3D
:10C1A000DBB0DB982E0EDF5C1BE1DEEC64F02A0EC8
:10C1B000DF5C0BE1DAEC64F028EC65F003E1130ED0
:10C1C00063EC65F0DEEC64F00BD0090EDB6A7FEC0B
:10C1D00065F003E0F3EC65F0FAD7090E63EC65F067
:10C1E000680EDF5C07E1DEEC64F0680EDF5C1DE1E9
:10C1F000030E18D0740EDF5C17E07A0EDF5C14E0DB
:10C20000480EDF5C06E0540EDF5C03E05A0EDF5C94
:10C2100002E1020E07D06C0EDF5C03E06A0EDF5C09
:10C2200004E1010EB6EC65F0C9DBDF506E0A01E1F6
:10C230007FD31E0A01E192D1200A01E18FD13F0A8A
:10C2400001E149D11A0A01E146D10D0A01E143D1C8
:10C25000200A01E140D13A0A01E13DD1200A01E181
:10C260003AD1260A01E135D10D0A01E132D11A0A8B
:10C2700001E1D9D0200A4AE0300A1FE0460A0EE068
:10C28000250A01E083D3D950F90FE96EFF0EDA20B9
:10C29000EA6E010EEE5E000EEE5AEE5AC4EC65F048
:10C2A000250EE66E95DB03E1211C01E169D3C0ECAC
:10C2B00065F001E26BD3DB2A69D3080EDB6A040E5A
:10C2C000DB50010806E2040EDB0488EC65F0DB506D
:10C2D0008BDB080EDB5009E0030EDB50010B05E1A0
:10C2E00072DB01E04DD3080EDB6A64DBEFCFDFFFCA
:10C2F00038EC66F003E1211C01E142D3C0EC65F0AB
:10C3000001E3DB2A60DB01E141D33AD3070EDB50C6
:10C3100002080FE104EC66F0030ECBEC65F00E0EA4
:10C32000EECFDBFF0F0EEECFDBFF100EEECFDBFF0D
:10C3300020D0F70EDBCF23F0F80EDBCF24F0020E77
:10C34000235E000E245AF70E23C0DBFFF80E24C034
:10C35000DBFF23C0E9FF24C0EAFFBBEC65F0226AE3
:10C360000E0E20C0DBFF0F0E21C0DBFF100E22C01F
:10C37000DBFF0E0EDBCFE6FF0F0EDBCFE6FF100E6E
:10C38000DBCFE6FF9DEC6DF0E552E552E552130E72
:10C3900007C0DBFF140E08C0DBFF060EDB5005E014
:10C3A000130EFFEC65F001E26ADB23EC66F002E2BB
:10C3B000130E37DBE6EC65F006E0040EFFEC65F0EB
:10C3C00002E2050E2EDB030EDBB005D0FCDA01E045
:10C3D000D7D2080EDB6A090EDB6A0E0EDBCFF6FF42
:10C3E0000F0EDBCFF7FF100EDBCFF8FF0800F55084
:10C3F000DF6EDF5014E029EC66F011E238EC66F0F5
:10C4000003E1211C01E1BCD2BBDB01E3DB2A090E05
:10C41000DB2AD9500E0FE96E000ECBDBE7D7D3DA5B
:10C4200001E1B4D2ADD2C6DA110EEECFDBFF120EAF
:10C43000EDCFDBFF110EDBCFE6FF120EDBCFE6FF09
:10C4400064EC6DF0E552E552130EF3CFDBFF140EF2
:10C45000F4CFDBFF060EDB5004E0130ED0DB01E26D
:10C460000EDB23EC66F002E2130EDBDAAFDB05E055
:10C47000040EC5DB02E2050ED4DA030EDBB005D0F4
:10C48000A2DA01E07DD2080EDB6A090EDB6A110E2A
:10C49000DBCFE9FF120EDBCFEAFFEFCFDFFFDF508C
:10C4A00014E0D7DB12E2E4DB03E1211C01E168D2F6
:10C4B00067DB01E3DB2A090EDB2A110EDB2ADBCF67
:10C4C000E9FF120EE8E3DB2AE6D77DDA01E15ED26E
:10C4D00057D2030EDB8E070EDB0410E195DB040E52
:10C4E0005ADB0A0EEECFDBFF0B0EEECFDBFF0C0E9E
:10C4F000EECFDBFF0D0EEECFDBFF6CD0070EDB5077
:10C5000003082CE1030EDBAE0DD0B2DA020E76DAB0
:10C51000EFCF20F0216A226A236A20AE39D0216849
:10C52000226835D0F70EDBCF21F0F80EDBCF22F0FA
:10C53000020E215E000E225AF70E21C0DBFFF80E1C
:10C5400022C0DBFF21C0E9FF22C0EAFFEFCF20F0CD
:10C550000A0E20C0DBFF0B0EDB6A38D0070EDB5063
:10C56000020809E1030EDBAE04D059DB22AE10D085
:10C570000ED055DB0DD0030EDBAE12D079DA020EF1
:10C580003DDAF9DA226A236A21AE02D022682368F2
:10C59000E2DA0C0E22C0DBFF0D0E23C0DBFF1AD047
:10C5A000F70EDBCF22F0F80EDBCF23F0020E225E77
:10C5B000000E235AF70E22C0DBFFF80E23C0DBFF6C
:10C5C00022C0E9FF23C0EAFFD6DAC5DA0C0EDB6A27
:10C5D0000D0EDB6A060EDB5005E1010EF36E050E53
:10C5E000F3CFDBFF150EDB6A160EDB6AD950370F6F
:10C5F000206E000EDA20216E390E20C0DBFF3A0ECD
:10C6000021C0DBFF380EDB6A080EDB6A0A0EAEDAE9
:10C61000DF50780A12E0200A10E0280A0CE0200A15
:10C620000AE03F0A06E00D0A02E0200A08E1020ED5
:10C6300005D0080E03D0080EDF26100E97DA030E81
:10C64000DBBE02D0DB92DB94DB50800B24E08ADA85
:10C65000D890030EEB50000A08E6000EEE5C000EC8
:10C66000EE58000EEE58000EEE5815E213DA0B6885
:10C670000C680D680E68F5EC6EF00A0E02C0DBFF68
:10C680000B0E03C0DBFF0C0E04C0DBFF0D0E05C05C
:10C69000DBFF2D0E08D0030EDBA202D02B0E03D041
:10C6A000DBA408D0200EF36E170EF3CFDBFF150EC0
:10C6B000DB2A02D0170EDB6A050EDB5003E1B7D987
:10C6C00001E189D04A0E206EDF0E216E000E226E2F
:10C6D000070EDBCF23F0246A256A266A23C00BF0FD
:10C6E00024C00CF025C00DF026C00EF0D3D92DECDF
:10C6F0006FF020500224F36E21500320F46E22507C
:10C700000420F86EF4CFF7FFF3CFF6FF0800090E10
:10C71000F5CFDBFF580EDF5C0FE1610EF36E090E03
:10C720007BD90AE3200E206E090EDBCFE7FF2050F5
:10C73000E75E090EE7CFDBFF070EDBCF20F0216AB3
:10C74000226A236A0FDA20C00BF021C00CF022C04D
:10C750000DF023C00EF0EECF06F0EECF07F0EECFD7
:10C7600008F0EFCF09F02DEC6FF009C0EDFF08C025
:10C77000EDFF07C0EDFF06C0EFFF390EDBCFE9FF8D
:10C78000DB063A0EDBCFEAFF01E2DB06090EDBCF68
:10C79000EFFF150EDB2A4BD995E1030EDBA61DD06A
:10C7A0006F0EDF5C06E1C1D918E3150EDB285BDAFA
:10C7B00014D0780EDF5C09E0580EDF5C06E0620EF4
:10C7C000DF5C03E0420EDF5C08E1020EF36E160E42
:10C7D000F3CFDBFF02D0150EDB6A030EDB50100B2C
:10C7E0000EE0040EDBCF20F0050EDB50D880205485
:10C7F00006E2060EDB5003E1040EDB5034DA95D975
:10C800000AE2050EDBCFE7FF150EDB50E75E050EF3
:10C81000E7CFDBFF02D0050EDB6A040EDBCF20F092
:10C82000160E45D9D880205414E2160EDBCFE6FF51
:10C83000150EDBCFE6FF040EDBCFE6FF050EDB5067
:10C84000E552E75CE552D880E754E552D880E754DA
:10C850005FD9030EDB50010B0BE1080EDB5008E043
:10C86000B2D801E08DD0080EDB50BED8080EDB6ACE
:10C87000170EDB5007E088D9170EF1D903E1211C10
:10C8800001E17ED0160EDB5016E07ED9300EE66E4A
:10C890009FD802E1211C74E077D9DFCFE6FFB3EC2B
:10C8A0006EF0E552E552E552F4CF21F00001F31CA1
:10C8B00002E1211C65E0050EDBCF20F0160EDB50F7
:10C8C000D880205409E2050EDBCFE7FF160EDB50BF
:10C8D000E75E050EE7CFDBFF300EE66E050ECBD927
:10C8E0004FE1390EDB2ADBCFE9FF3A0E01E3DB2A09
:10C8F000DBCFEAFF090EEFCFDBFFDB500EE044D9C0
:10C90000090EADD902E1211C3BE0390EDB2ADBCF59
:10C91000E9FF3A0EEDE3DB2AEBD755D831E1160EED
:10C92000DBCFE6FF080EC3D8E552E7245DD82ED052
:10C93000070EDB50030A1CE0010A14E0030A07E0BB
:10C940007BD9DBCFEEFF020EDBCFEDFF1FD0F5D89A
:10C95000256A23AE02D0246825682CD8BCD825C00F
:10C96000EEFF14D0EAD823BE246824D8B4D80ED061
:10C9700063D9DBCFEFFF0AD07BD905E1211C03E1AE
:10C98000F368F46810D0FCD801E3DB2A79D965EFAD
:10C9900060F0010EDBCF20F0020EDBCF21F020C0D3
:10C9A000F3FF21C0F4FF3B0EE15C02E2E16AE552D5
:10C9B000E16ECBD029D9020ECBEF65F061D908002A
:10C9C000F550DF6E1200200EE66E080E3BEF66F0AB
:10C9D000B3EC6EF0E552E552E552F3CF20F0F4CF20
:10C9E00021F00001F31C1200206E216AD950010FC2
:10C9F0004DD92050EE262150ED221200245E000E6B
:10CA0000255AF70E24C0DBFFF80E25C0DBFF24C03B
:10CA1000E9FF25C0EAFF1200DBCFF4FFF350F45C1E
:10CA20001200DB50E76E040EE7CFDBFF12000A0EA8
:10CA3000DBCF20F00B0EDBCF21F00C0EDBCF22F092
:10CA40000D0EDBCF23F020502110221023101200F6
:10CA5000130EEECFDBFF140EEDCFDBFF130EDBCF9B
:10CA600020F0140EDBCF21F00001800E2114120003
:10CA7000F70EDBCF24F0F80EDBCF25F01200050E09
:10CA8000DB50E66ED950130F01D9E552E750EE6E38
:10CA9000ED6A12000A0EDBCF06F00B0EDBCF07F0BB
:10CAA0000C0EDBCF08F00D0EDBCF09F01200DBCF50
:10CAB000E6FF150EDBCFE6FF050EDB50E552E7245F
:10CAC000E552E7241200DB50CED8010EF36E060EBD
:10CAD000F3CFDBFF1200EE50EFCFEAFFE96E22C08A
:10CAE000EEFF23C0EEFF24C0EEFF1200D9CFE6FF19
:10CAF000DACFE6FFE1CFD9FFE2CFDAFF1200DFCFD6
:10CB0000E6FFE66A67EC6FF0E552E552F35012007B
:10CB1000E76E080EE7CFDBFF1200EECF20F0EECF7E
:10CB200021F0EFCF22F0236A1200050EDBCF20F0B8
:10CB3000150EDB50D88020541200010EDBCF22F0FE
:10CB4000020EDBCF23F0246A1200E552E5CFDAFFB4
:10CB5000E7CFD9FF12000A0E20C0DBFF0B0E21C069
:10CB6000DBFF1200D9500A0F46EF66F0F36E070E96
:10CB7000F3CFDBFF1200EECF20F0EFCF21F0120059
:10CB8000010EDB2A020E1200FC0EDBCFE6FFFD0ECB
:10CB9000DBCFE6FF1200205E000E215AF70E20C008
:10CBA000DBFFF80E21C0DBFF20C0E9FF21C0EAFF58
:10CBB0001200DA20EA6EEF2AEECFF6FF000EEF2227
:10CBC000EECFF7FFEF22EECFF8FF1200040EDBCF1F
:10CBD000E6FF130EDB50E552E75C9ADFDB5004DF23
:10CBE000060EDB501200090EDB500A0DF350DF2455
:10CBF000D00FE76E090EE7CFDBFFDEEF64F0DB500E
:10CC0000F36E050E0CEF65F0F70EDBCF20F0F80E9B
:10CC1000DBCF21F01200DFCFE6FFE8EF64F028DF82
:10CC2000030EECDE8DEF65F03AEC60F0E552E55274
:10CC3000E552E55200091200BDDEEE50EFCFEAFFEB
:10CC4000E96E010E1200130EDB50F36E040E0CEFB2
:10CC500065F0040EDB50F36E090E0CEF65F0DBCFD0
:10CC6000E6FFE8EF64F0E76E050EE7CFDBFF1200AA
:10CC70008BDF0BEF66F0DBCFE6FF86DF14EF66F0AD
:10CC8000D950F90FE96EFF0ED9EF65F0E96E000E8D
:06CC9000DA20EA6E12003A
:0ACC9600800EE66E2EDAE552030E62
:10CCA000706ED00E716E020E726E100E736E779EE5
:10CCB000779C606A0F01506B006B016B046B056B16
:10CCC000086B096B0C6B0D6B106B116B146B156B98
:10CCD000186B196B19971C6B1D6B1D97E66A0CDAA4
:10CCE000E5521200D9CFE6FFE1CFD9FF190EE126B8
:10CCF000D950060FE96EDACFEAFF400EEE6E0F0E46
:10CD0000ED6ED950080FE96EDACFEAFF300EEE6E05
:10CD10000F0EED6ED9500A0FE96EDACFEAFF200E42
:10CD2000EE6E0F0EED6EDF6A020EDF5C01E3D1D016
:10CD3000D950060F206EDACF21F0DF50020D2050BF
:10CD4000F324E96E2150F420EA6E020EEECFDBFFF1
:10CD5000030EEDCFDBFF020EDBCF08F0030EDBCFBF
:10CD600009F0040E08C0DBFF050E09C0DBFF020E50
:10CD7000DBCFE9FF030EDBCFEAFFEF50080B01E04A
:10CD8000A6D0FC0E206E020EDBCFE9FF030EDBCF38
:10CD9000EAFF2050EF16F70EDB50030B206E020E59
:10CDA000DBCFE9FF030EDBCFEAFF2050EF12F70ED7
:10CDB000DBAC08D0F80EDB504009E76E180EE7CF69
:10CDC000DBFF06D0F80EDB50E76E180EE7CFDBFF77
:10CDD000050EE76E020EDBCFE9FF030EDBCFEAFFA5
:10CDE000E750E926000EEA22180EDBCFEFFFF70E20
:10CDF000DBAA06D0010EF36E180EF3CFDBFF02D0D4
:10CE0000180EDB6ADBCFE6FFD950FB0FE96EFF0E91
:10CE1000DA20EA6EEECFE6FFEECFE6FFEECFE6FFDA
:10CE2000EFCFE6FF010EE76E020EDBCF20F0030E20
:10CE3000DBCF21F0E7502026000E212220C0E6FFA4
:10CE400021C0E6FF6ED9226E070EE15E2250D95056
:10CE5000020FE96EDACFEAFF060EEE26000EED2293
:10CE6000010EDB6AF80EDB50F36E010EDBCFF4FF30
:10CE7000F350F45C1AE2F90EDBCFE9FFDB2AFA0E7D
:10CE8000DBCFEAFF01E3DB2AEF50E66E020EDBCFD9
:10CE9000E9FFDB2A030EDBCFEAFF01E3DB2AE552E1
:10CEA000E750EF6E010EDB2ADDD7040EDBCFE9FF82
:10CEB000050EDBCFEAFFEF50040B07E1040EDBCFDA
:10CEC000E9FF050EDBCFEAFFEF86010E04D0DF2A73
:10CED0002BD7000E00D0206E190EE15C02E2E16A51
:10CEE000E552E16E2050E552E7CFD9FF1200D9CFCD
:10CEF000E6FFE1CFD9FF060EE1260201F86B60AE36
:10CF000015D0A49074AE08D0F70EDBCFE9FFF80E71
:10CF1000DBCFEAFFEF86749EF8916050010B01E0D1
:10CF2000F881600EDE6E0F0EDD6E23D00F0150AF64
:10CF30001ED0A49274AC08D0F70EDBCFE9FFF80E38
:10CF4000DBCFEAFFEF86749C070E50150201F86FE5
:10CF5000020EF85D07E2F70EDBCFE9FFF80EDBCF3C
:10CF6000EAFFEF8E500EDE6E0F0EDD6E02D0000E69
:10CF7000B7D0D9CFE9FFDACFEAFF020EEECFDBFF61
:10CF8000030EEDCFDBFFF70EDBCFE9FFF80EDBCFB3
:10CF9000EAFFEF6ADECFE9FFDDCFEAFF050EE92603
:10CFA000000EEA22050EEFCFDBFFDB500F0BE66E23
:10CFB000F90EDBCFE9FFFA0EDBCFEAFFE552E750CF
:10CFC000EF6ED950050FE96EDACFEAFFEF50400B54
:10CFD00008E000D0F70EDBCFE9FFF80EDBCFEAFF69
:10CFE000EF8CDECFE9FFDDCFEAFF020EE926000E6F
:10CFF000EA22050EEFCFDBFFD950050FE96EDACF3D
:10D00000EAFFEF50080B0DE0F70EDBCFE9FFF80E5B
:10D01000DBCFEAFFEF8A010EF36E050EF3CFDBFFE5
:10D0200002D0050EDB6ADBCFE6FFFD0EDBCFE6FFAD
:10D03000FE0EDBCFE6FFDECF20F0DDCF21F0010ECC
:10D040002026000E212220C0E6FF21C0E6FF49D99C
:10D05000226E050EE15E2250060EDE26000EDD2257
:10D06000F90EDBCFE9FFFA0EDBCFEAFF050EEFCFBB
:10D07000DBFF040EDB6A050EDB50F36E040EDBCF24
:10D08000F4FFF350F45C19E2DFCFE9FFDF2A010E71
:10D09000DBCFEAFF01E3DB2AEF50E66EFB0EDBCFCE
:10D0A000E9FFDB2AFC0EDBCFEAFF01E3DB2AE552D6
:10D0B000E750EF6E040EDB2ADED7A4AE08D0F70EE1
:10D0C000DBCFE9FFF80EDBCFEAFFEF88A49E020E6C
:10D0D000DBCFE9FF030EDBCFEAFFEF9E010E00D0AE
:10D0E000206E060EE15C02E2E16AE552E16E20503C
:10D0F000E552E7CFD9FF1200D9CFE6FFE1CFD9FF44
:10D100001F0E6F16FE0EDB506F12E00E6E14206EB7
:10D11000FE0EDB50205C01E0F8D7E552E7CFD9FFE7
:10D120001200D9CFE6FFE1CFD9FF020EE126D95098
:10D13000F90F206EFF0EDA20216E20C0DEFF21C025
:10D14000DDFFF80EDB503BE1DECFE9FFDDCFEAFF8C
:10D15000EF50E840E840E8401F0BE66EFD0EDBCFE5
:10D16000E9FFFE0EDBCFEAFFE552E750EF6EDECFC0
:10D17000E9FFDDCFEAFFEE52EF50200DF3CF20F0B4
:10D18000FD0EDBCFE9FFFE0EDBCFEAFF2050EF12F2
:10D19000FD0EDB2AFE0E01E3DB2ADECFE9FFDDCF49
:10D1A000EAFFEF50200DF350E66EFD0EDBCFE9FFF6
:10D1B000FE0EDBCFEAFFE552E750EF6E88D0DECF00
:10D1C000E9FFDDCFEAFF020EE926000EEA22EF506A
:10D1D000E00BE838E840E66EFD0EDBCFE9FFFE0E1F
:10D1E000DBCFEAFFE552E750EF6EDECFE9FFDDCFA0
:10D1F000EAFF030EE926000EEA22EF50080DF3CFF6
:10D2000020F0FD0EDBCFE9FFFE0EDBCFEAFF205062
:10D21000EF12FD0EDB2AFE0E01E3DB2ADECFE9FF73
:10D22000DDCFEAFF020EE926000EEA22EF50080DDC
:10D23000F350E00BE66EFD0EDBCFE9FFFE0EDBCF19
:10D24000EAFFE552E750EF6EFD0EDBCFE9FFFE0E81
:10D25000DBCFEAFFEF86DECFE9FFDDCFEAFF020E8C
:10D26000E926000EEA22EF50030B206EFD0EDBCF05
:10D27000E9FFFE0EDBCFEAFF2050EF12FD0EDB2AA6
:10D28000FE0E01E3DB2ADECFE9FFDDCFEAFFEE523F
:10D29000EF50E66EFD0EDBCFE9FFFE0EDBCFEAFFBF
:10D2A000E552E750EF6EFD0EDB2AFE0E01E3DB2AAE
:10D2B000DECFE9FFDDCFEAFFEF50E66EFD0EDBCFFC
:10D2C000E9FFFE0EDBCFEAFFE552E750EF6E020EFC
:10D2D000E15C02E2E16AE552E16EE552E7CFD9FF97
:10D2E0001200D9CFE6FFE1CFD9FF020EE126FB0EF7
:10D2F000DBCFDEFFDBCFDDFFFA0EDB504DE1FD0EB5
:10D30000DBCFE9FFFE0EDBCFEAFFEF50080DF35055
:10D31000E66EDECFE9FFDDCFEAFFE552E750EF6EC4
:10D32000FD0EDBCFE9FFFE0EDBCFEAFFEF50E00B97
:10D33000E838E840E66EDECFE9FFDDCFEAFFEE52E7
:10D34000E552E750EF6EFD0EDB2AFE0E01E3DB2A0D
:10D35000FD0EDBCFE9FFFE0EDBCFEAFFEF50E00B67
:10D36000E838E840206EDECFE9FFDDCFEAFF20504D
:10D37000EF12DECFE9FFDDCFEAFF020EE926000E55
:10D38000EA22EF6ADECFE9FFDDCFEAFF030EE926EE
:10D39000000EEA22EF6A84D0FD0EDBCFE9FFFE0E1D
:10D3A000DBCFEAFFEF50200DF350E66EDECFE9FF52
:10D3B000DDCFEAFF020EE926000EEA22E552E75031
:10D3C000EF6EFD0EDBCFE9FFFE0EDBCFEAFFEF5085
:10D3D000E840E840E8401F0BE66EDECFE9FFDDCF16
:10D3E000EAFF030EE926000EEA22E552E750EF6E4F
:10D3F000FD0EDB2AFE0E01E3DB2AFD0EDBCFE9FF8B
:10D40000FE0EDBCFEAFFEF50030B206EDECFE9FF0D
:10D41000DDCFEAFF020EE926000EEA222050EF12CD
:10D42000FD0EDBCFE9FFFE0EDBCFEAFFEF50E00B96
:10D43000E840E840E8401F0B206EDECFE9FFDDCF7B
:10D44000EAFF020EE926000EEA222050EF12FD0E3E
:10D45000DB2AFE0E01E3DB2AFD0EDBCFE9FFFE0E29
:10D46000DBCFEAFFEF50E66EDECFE9FFDDCFEAFF6C
:10D47000EE52E552E750EF6EFD0EDB2AFE0E01E3A1
:10D48000DB2AFD0EDBCFE9FFFE0EDBCFEAFFEF501C
:10D49000E66EDECFE9FFDDCFEAFFE552E750EF6E43
:10D4A000020EE15C02E2E16AE552E16EE552E7CF8D
:04D4B000D9FF12008E
:0CD4B40053544152540025732573002589
:10D4C000336400256300426F617264202564203A52
:10D4D000202573000A0D4D61737465722028256440
:10D4E00029203E20257300545241434B20256420BF
:10D4F0004241434B20535045454420256420257329
:10D5000000545241434B20256420464F525720532C
:10D5100050454544202564202573004C504F20255C
:10D52000642030004C504F2025642031004B4E4F7A
:10D530004220312056414C202564004B4E4F422062
:10D54000302056414C202564004750494F2033205D
:10D55000494E2056414C20256420434F554E5420BF
:10D560002564004750494F2033204F5554205641E1
:10D570004C202564004750494F203220494E205608
:10D58000414C20256420434F554E542025640047CC
:10D5900050494F2032204F55542056414C2025648D
:10D5A000004750494F203120494E2056414C2025FC
:10D5B0006420434F554E54202564004750494F2066
:10D5C00031204F55542056414C2025640047504986
:10D5D0004F203020494E2056414C20256420434F97
:10D5E000554E54202564004750494F2030204F5558
:10D5F000542056414C2025640025735B25635D0053
:10D6000025732825642C25642C2564290025642095
:10D61000257320554E4B4E4F574E20535441544581
:10D62000002564202573204F46460025642025737D
:10D63000204F4E0044554D50004155544C495354D1
:10D64000004253544154005453544154004C5354D9
:10D65000415400475354415400434F4D0044454CFE
:10D66000004155544F4D41544943004D414E5541A1
:10D670004C004D414E55414C3000494E45525449A5
:10D6800041004241434B00464F5257004B4E4F42E0
:10D6900031004B4E4F4230005350454544004C50F2
:10D6A0004F00414354004F4646545241434B004FB4
:10D6B0004E545241434B0053544100545241434B4A
:10D6C0000054494D455200424F4152440041555487
:10D6D0004F4646004155544F4E00415554004F555A
:10D6E0005400494E004750494F00414E41004443C9
:10D6F000430050524F470052455345540043414C5C
:10D7000049420052554E0052554E414C4C00535424
:10D710004F5000556E6B6E6F776E204572726F7250
:10D720002030782578004261642075736572206D21
:10D730006F64650042616420696E6572746961207E
:10D7400076616C75650057726F6E67206175746FD6
:10D750006D6174696F6E206E756D626572004175E2
:10D76000746F6D6174696F6E20616C72656164794C
:10D7700020646566696E6564004964656E746966F7
:10D7800069657220746F6F206C6F6E6700537061F3
:10D790006365206D697373696E67004175746F6DA1
:10D7A0006174696F6E206C696D6974207265616364
:10D7B0006865640057726F6E6720626F61726420E3
:10D7C0006E756D6265720042616420626F617264A1
:10D7D000206D6F64650042616420747261636B2028
:10D7E0006E756D6265720042616420747261636B74
:10D7F00020646972656374696F6E004261642074AD
:10D800007261636B20737065656400426164204CD3
:10D81000504F206C6576656C00426164204750492A
:10D820004F206C6576656C00426164204750494F1B
:10D8300020646972656374696F6E004175746F6D01
:10D840006174696F6E206E616D65206D69737369B7
:10D850006E6700426164204175746F6D6174696F19
:10D860006E206E616D6500426164204175746F6D5C
:10D870006174696F6E2073746174757300426164C2
:10D88000204C504F206E756D6265720042616420BD
:10D8900054494D45522076616C75650042616420A3
:10D8A00054494D4552206E756D6265720042616447
:10D8B000204750494F206E756D626572004D6F6450
:10D8C00065206D697373696E6700426164206E75CF
:10D8D0006D62657200496E636F6D706C6574652072
:10D8E00072657175657374004E756D626572206D39
:10D8F000697373696E6700556E6B6E6F776E207417
:10D900006F6B656E00002573444343002573414EE1
:10D910004120283078257829004D4F44452000418A
:10D9200055544F4D4154494F4E20002573256425D1
:10D9300025004D454D4F5259200025732564004266
:10D940004F41524420200056455253494F4E2031FA
:10D95000372D30382D32303235005241494C204479
:10D960005249564552205620312E33360043414C01
:0DD97000312025640043414C302025640027
:02D97E00006A3D
:10D980000EAEC8EF6CF00D6C0E1EE86A0E22001E83
:10D9900009AED0EF6CF0086C091EE86A0922001E7F
:10D9A00051EC6FF009BEE0EF6CF000AE000C086CBB
:10D9B000091EE86A0922046C051EE86A0522000CAB
:10D9C00000BED7EF6CF00188FF0C006AE86A0EAE6B
:10D9D000F2EF6CF00B6C0C1E0D1E0E1E0C220D22B5
:10D9E0000E22001E09AEFDEF6CF0066C071E081E2D
:10D9F000091E072208220922001E2DEC6FF009BE25
:10DA000014EF6DF000AE000C066C071E081E091E18
:10DA1000E86A072208220922026C031E041E051E62
:10DA2000032204220522000C00BE04EF6DF00188E1
:10DA3000FF0C09C013F008C012F008500D02F4CF1B
:10DA400007F0F3CF06F009500E02F4CF09F0F3CF40
:10DA500008F00D02F3500726F4500822E86A092264
:10DA600012500E02F3500726F4500822E86A0922E9
:10DA70000EAE3FEF6DF01250085E1350095A13AE10
:10DA8000000C0D50085E0E50095A000C08C012F030
:10DA900008500D02F4CF07F0F3CF06F009500E0244
:10DAA000F4CF09F0F3CF08F00D02F3500726F4503D
:10DAB0000822E86A092212500E02F3500726F45099
:08DAC0000822E86A0922000CAB
:08DAC800FE0EE3CFE9FFFF0EA3
:10DAD000E3CFEAFFF36AF46AEE5203E0F34AF42A72
:10DAE000FBD71200D9CFE6FFDACFE6FFFA0EE3CF7D
:10DAF000D9FFFB0EE3CFDAFFFC0EE3CFE9FFFD0E0B
:10DB0000E3CFEAFFF80EE35003E1F90EE3500AE039
:10DB1000F80EE30602E2F90EE306DE50EF5C02E1E6
:10DB2000EE66F0D7F36EFF0EE3CFDAFFE552FF0E9D
:10DB3000E3CFD9FFE552F3501200FF0EE3CFF8FF19
:10DB4000E552FF0EE3CFF7FFE552FF0EE3CFF6FFFE
:10DB5000E552E66AE66AE66A0900F55209E0FD0E5A
:10DB6000E32A05E1FE0EE32A02E1FF0EE32AF4D7E1
:10DB7000FD0EE3CF07F0FE0EE3CF08F0FF0EE3CF7C
:04DB800009F0120096
:0CDB8400D9CFE6FFDACFE6FFE1CFD9FFF2
:10DB9000E2CFDAFFE652E652E652E652D950F90FEA
:10DBA000206EFF0EDA20216E020E20C0DBFF030E76
:10DBB00021C0DBFF020EDBCFE6FF030EDBCFE6FF6B
:10DBC000F90EDBCFE6FFFA0EDBCFE6FFFB0EDBCF75
:10DBD000E6FFD950FC0FE66EFF0EDA20E66E50EC41
:10DBE00060F0206E070EE15C02E2E16AE552E16E50
:10DBF0002050F3CFDEFFF4CFDDFFFC0EDBCFE9FFDB
:10DC0000FD0EDBCFEAFFEF6ADECF20F0DDCF21F0A3
:10DC100020C0F3FF21C0F4FF040EE15C02E2E16AE0
:10DC2000E552E16EE552E5CFDAFFE7CFD9FF12000A
:10DC30001E0EF66E000EF76E000EF86E0201090061
:10DC4000F550EF6F0900F550F06F03E1EF6701D079
:10DC50003DD00900F550EA6F0900F550EB6F09005F
:10DC6000F550EC6F09000900F550E96E0900F55018
:10DC7000EA6E090009000900F550ED6F0900F55042
:10DC8000EE6F09000900F6CFF1F2F7CFF2F2F8CF0C
:10DC9000F3F2EAC2F6FFEBC2F7FFECC2F8FF0201B3
:10DCA000ED5302E1EE5307E00900F550EE6EED078B
:10DCB000F8E2EE07F9D7F1C2F6FFF2C2F7FFF3C2BE
:0EDCC000F8FF0201EF07000EF05BBFD7120065
:02DCCE00D9CFAC
:10DCD000E6FFDACFE6FFE1CFD9FFE2CFDAFFE65287
:10DCE000E652E652E652D950FB0F206EFF0EDA20C4
:10DCF000216E20C0DEFFDD6EDECFE6FFDDCFE6FF6A
:10DD0000FB0EDBCFE6FFFC0EDBCFE6FFFD0EDBCF2D
:10DD1000E6FFF6C2E6FFF7C2E6FF50EC60F0206EC9
:10DD2000070EE15C02E2E16AE552E16E2050020E6C
:10DD3000F3CFDBFF030EF4CFDBFF020EDBCF20F0CF
:10DD4000030EDBCF21F020C0F3FF21C0F4FF040E4F
:10DD5000E15C02E2E16AE552E16EE552E5CFDAFF0D
:06DD6000E7CFD9FF12001D
:0ADD6600D9CFE6FFDACFE6FFE1CFE8
:10DD7000D9FFE2CFDAFFFB0EDBCF20F0FC0EDBCFCA
:10DD800021F00001800E21141AE1FB0EDBCFE9FF28
:10DD9000FC0EDBCFEAFFEECFF3FFEDCFF4FFEE2A70
:10DDA000000EEF22F3CFE9FFF4CFEAFFFD0EDBCF49
:10DDB000EFFFEF50216AF36E21C0F4FF10D0FB0E8D
:10DDC000DB50FE0806E1FD0EDBCFE6FF97EC6FF0BF
:10DDD00005D0FD0EDBCFE6FF5BEC49F0E552E552E6
:0ADDE000E5CFDAFFE7CFD9FF12000C
:06DDEA0006500B02F3CF0E
:10DDF00002F0F4CF03F00C02F3500326000EF420DF
:10DE0000046E06500D02F3500426000EF420056E39
:10DE100006500E02F350052607500B02F35003265E
:10DE2000F4500422000E052207500C02F350042681
:10DE3000F450052207500D02F350052608500B023E
:10DE4000F3500426F450052208500C02F350052626
:0ADE500009500B02F35005261200E2
:06DE5A00056A046A036A78
:10DE6000026A200EE76ED890063607360836093665
:10DE700002360336043605360B50025C0C5003584C
:10DE80000D5004580E50055809E30B50025E0C501B
:10DE9000035A0D50045A0E50055A062AE72EE4D7AD
:02DEA00012006E
:0EDEA200056A046A100EE76ED890083609363D
:10DEB000043605360D50045C0E50055805E30D5030
:0EDEC000045E0E50055A082AE72EF0D7120015
:02DECE00F36AF5
:10DED000F46AFF0EE124E96EFF0EE220EA6EED66C1
:10DEE00007D02F0EEF6404D03A0EEF6001D0F32A72
:02DEF00012001E
:0EDEF200000EF36E00EE00F00D0E01D81200CF
:10DF0000EA6002D0EE6AFCD7F350E9601200EE6AD4
:02DF1000FCD73C
:0EDF120011EE00F021EE00F0F86A019C18EC10
:0EDF20006EF003EC00F016EC5FF0FBD7120081
:02DF2E00FF0EE4
:10DF3000E350ACBA04D0AF6AAB8EAC8A949CACA26E
:0ADF4000FED7AD6EF36EF46A120016
:06DF4A00303132333435A2
:0BDF5000363738396162636465660093
:05DF5B003F065B4F666C
:10DF60006D7D077F6F4000777C395E79713D760665
:10DF70001E753837543F7367506D783E1C2A766E95
:09DF80005B00000000000000003D
:020000040030CA
:0100010008F6
:010002001EDF
:010003001EDE
:0100050000FA
:010006008178
:00000001FF
